00:00:05.213128 VirtualBox VM 7.2.8 r173730 win.amd64 (Apr 18 2026 12:04:41) release log
00:00:05.213130 Log opened 2026-06-05T00:05:01.369235200Z
00:00:05.213130 Build Type: release
00:00:05.213132 OS Product: Windows 11
00:00:05.213254 OS Release: 10.0.26200.8524
00:00:05.213261 OS Service Pack: 
00:00:05.287570 DMI Product Name: Nitro ANV15-51
00:00:05.291370 DMI Product Version: V1.31
00:00:05.291377 Firmware type: UEFI
00:00:05.291662 Secure Boot: Enabled
00:00:05.291667 Host RAM: 32471MB (31.7GB) total, 22661MB (22.1GB) available
00:00:05.291669 Executable: C:\Program Files\Oracle\VirtualBox\VirtualBoxVM.exe
00:00:05.291670 Process ID: 6764
00:00:05.291670 Package type: WINDOWS_64BITS_GENERIC
00:00:05.291670 Windows Features:
00:00:05.291670   Core Isolation (Memory Integrity): ENABLED
00:00:05.292496 Installed Extension Packs:
00:00:05.292514   Oracle VirtualBox Extension Pack (Version: 7.2.8 r173730; VRDE Module: ; Crypto Module: )
00:00:05.293058 Console: Machine state changed to 'Starting'
00:00:05.293169 GUI: Qt version: 6.8.0
00:00:05.293178 GUI: HID LEDs sync is enabled
00:00:05.297344 GUI: UIMediumEnumerator: Medium-enumeration finished!
00:00:05.320854 GUI: Cannot notify guest about VM window out-of-focus event
00:00:05.362092 GUI: UIMediumEnumerator: Medium-enumeration finished!
00:00:05.869934 SUP: seg #0: R   0x00000000 LB 0x00001000
00:00:05.869949 SUP: seg #1: R X 0x00001000 LB 0x00204000
00:00:05.869952 SUP: seg #2: R   0x00205000 LB 0x00053000
00:00:05.869954 SUP: seg #3: RW  0x00258000 LB 0x00013000
00:00:05.869955 SUP: seg #4: R   0x0026b000 LB 0x00013000
00:00:05.869957 SUP: seg #5: RW  0x0027e000 LB 0x00004000
00:00:05.869959 SUP: seg #6: R   0x00282000 LB 0x00007000
00:00:05.869961 SUP: seg #7: R X 0x00289000 LB 0x00002000
00:00:05.869963 SUP: seg #8: R   0x0028b000 LB 0x00007000
00:00:05.872326 SUP: Loaded VMMR0.r0 (C:\Program Files\Oracle\VirtualBox/VMMR0.r0) at 0xXXXXXXXXXXXXXXXX - ModuleInit at XXXXXXXXXXXXXXXX and ModuleTerm at XXXXXXXXXXXXXXXX using the native ring-0 loader
00:00:05.872367 SUP: VMMR0EntryEx located at XXXXXXXXXXXXXXXX and VMMR0EntryFast at XXXXXXXXXXXXXXXX
00:00:05.872370 SUP: windbg> .reload /f C:\Program Files\Oracle\VirtualBox/VMMR0.r0=0xXXXXXXXXXXXXXXXX
00:00:05.874727 Guest architecture: x86
00:00:05.874763 Guest OS type: 'Ubuntu25_64'
00:00:05.875057 fHMForced=true - No raw-mode support in this build!
00:00:05.875067 Using execution engine 1
00:00:05.877492 File system of 'C:\Program Files\Oracle\VirtualBox\VBoxGuestAdditions.iso' (DVD) is ntfs
00:00:05.878904 File system of 'C:\Users\Isaque Braga\Desktop\Isaque\virtual-box-projeto-final\VMs\G4-PC1-VM1\G4-PC1-VM1.vdi' is ntfs
00:00:05.890522 Shared Clipboard: Initialized OLE
00:00:05.890552 Shared Clipboard: Service loaded
00:00:05.890559 Shared Clipboard: Mode: Bidirectional
00:00:05.890603 Shared Clipboard: Service running in normal mode
00:00:05.900229 Drag and drop service loaded
00:00:05.900242 Drag and drop mode: Bidirectional
00:00:05.900735 Audio: Detected default audio driver type is 'HostAudioWas'
00:00:05.903086 ************************* CFGM dump *************************
00:00:05.903095 [/] (level 0)
00:00:05.903096   CpuExecutionCap   <integer> = 0x0000000000000064 (100)
00:00:05.903097   EnablePAE         <integer> = 0x0000000000000001 (1)
00:00:05.903098   HMEnabled         <integer> = 0x0000000000000001 (1)
00:00:05.903098   MemBalloonSize    <integer> = 0x0000000000000000 (0, 0 B)
00:00:05.903102   Name              <string>  = "G4-PC1-VM1" (cb=11)
00:00:05.903103   NumCPUs           <integer> = 0x0000000000000001 (1)
00:00:05.903103   PageFusionAllowed <integer> = 0x0000000000000000 (0)
00:00:05.903103   RamHoleSize       <integer> = 0x0000000020000000 (536 870 912, 512.0 MiB)
00:00:05.903104   RamSize           <integer> = 0x0000000020000000 (536 870 912, 512.0 MiB)
00:00:05.903105   TimerMillies      <integer> = 0x000000000000000a (10)
00:00:05.903105   UUID              <bytes>   = "c5 7e f9 5f 5d 59 ef 44 bd b9 23 72 fb 46 57 31" (cb=16)
00:00:05.903106 
00:00:05.903107 [/CPUM/] (level 1)
00:00:05.903107   Enable64bit        <integer> = 0x0000000000000001 (1)
00:00:05.903108   GuestCpuName       <string>  = "host" (cb=5)
00:00:05.903108   NestedHWVirt       <integer> = 0x0000000000000000 (0)
00:00:05.903108   PortableCpuIdLevel <integer> = 0x0000000000000000 (0)
00:00:05.903108   SpecCtrl           <integer> = 0x0000000000000000 (0)
00:00:05.903109 
00:00:05.903109 [/CPUM/IsaExts/] (level 2)
00:00:05.903109 
00:00:05.903110 [/DBGC/] (level 1)
00:00:05.903110   GlobalInitScript <string>  = "C:\Users\Isaque Braga\.VirtualBox/dbgc-init" (cb=44)
00:00:05.903110   HistoryFile      <string>  = "C:\Users\Isaque Braga\.VirtualBox/dbgc-history" (cb=47)
00:00:05.903111   LocalInitScript  <string>  = "C:\Users\Isaque Braga\Desktop\Isaque\virtual-box-projeto-final\VMs\G4-PC1-VM1/dbgc-init" (cb=88)
00:00:05.903111 
00:00:05.903111 [/DBGF/] (level 1)
00:00:05.903112   Path <string>  = "C:\Users\Isaque Braga\Desktop\Isaque\virtual-box-projeto-final\VMs\G4-PC1-VM1/debug/;C:\Users\Isaque Braga\Desktop\Isaque\virtual-box-projeto-final\VMs\G4-PC1-VM1/;cache*C:\Users\Isaque Braga\Desktop\Isaque\virtual-box-projeto-final\VMs\G4-PC1-VM1/dbgcache/;C:\Users\Isaque Braga\" (cb=281)
00:00:05.903112 
00:00:05.903112 [/Devices/] (level 1)
00:00:05.903112 
00:00:05.903113 [/Devices/3c501/] (level 2)
00:00:05.903113 
00:00:05.903113 [/Devices/8237A/] (level 2)
00:00:05.903113 
00:00:05.903113 [/Devices/8237A/0/] (level 3)
00:00:05.903114   Trusted <integer> = 0x0000000000000001 (1)
00:00:05.903114 
00:00:05.903114 [/Devices/GIMDev/] (level 2)
00:00:05.903115 
00:00:05.903115 [/Devices/GIMDev/0/] (level 3)
00:00:05.903115   Trusted <integer> = 0x0000000000000001 (1)
00:00:05.903115 
00:00:05.903116 [/Devices/VMMDev/] (level 2)
00:00:05.903116 
00:00:05.903116 [/Devices/VMMDev/0/] (level 3)
00:00:05.903117   PCIBusNo      <integer> = 0x0000000000000000 (0)
00:00:05.903117   PCIDeviceNo   <integer> = 0x0000000000000004 (4)
00:00:05.903117   PCIFunctionNo <integer> = 0x0000000000000000 (0)
00:00:05.903118   Trusted       <integer> = 0x0000000000000001 (1)
00:00:05.903118 
00:00:05.903118 [/Devices/VMMDev/0/Config/] (level 4)
00:00:05.903119   GuestCoreDumpDir <string>  = "C:\Users\Isaque Braga\Desktop\Isaque\virtual-box-projeto-final\VMs\G4-PC1-VM1\Snapshots" (cb=88)
00:00:05.903119 
00:00:05.903119 [/Devices/VMMDev/0/LUN#0/] (level 4)
00:00:05.903120   Driver <string>  = "HGCM" (cb=5)
00:00:05.903120 
00:00:05.903120 [/Devices/VMMDev/0/LUN#0/Config/] (level 5)
00:00:05.903120 
00:00:05.903121 [/Devices/VMMDev/0/LUN#999/] (level 4)
00:00:05.903121   Driver <string>  = "MainStatus" (cb=11)
00:00:05.903121 
00:00:05.903121 [/Devices/VMMDev/0/LUN#999/Config/] (level 5)
00:00:05.903122   First                <integer> = 0x0000000000000000 (0)
00:00:05.903122   HasMediumAttachments <integer> = 0x0000000000000000 (0)
00:00:05.903123   Last                 <integer> = 0x0000000000000000 (0)
00:00:05.903123   iLedSet              <integer> = 0x0000000000000006 (6)
00:00:05.903123 
00:00:05.903123 [/Devices/acpi/] (level 2)
00:00:05.903124 
00:00:05.903124 [/Devices/acpi/0/] (level 3)
00:00:05.903124   PCIBusNo      <integer> = 0x0000000000000000 (0)
00:00:05.903125   PCIDeviceNo   <integer> = 0x0000000000000007 (7)
00:00:05.903125   PCIFunctionNo <integer> = 0x0000000000000000 (0)
00:00:05.903127   Trusted       <integer> = 0x0000000000000001 (1)
00:00:05.903128 
00:00:05.903128 [/Devices/acpi/0/Config/] (level 4)
00:00:05.903128   CpuHotPlug          <integer> = 0x0000000000000000 (0)
00:00:05.903129   FdcEnabled          <integer> = 0x0000000000000000 (0)
00:00:05.903129   HostBusPciAddress   <integer> = 0x0000000000000000 (0)
00:00:05.903129   HpetEnabled         <integer> = 0x0000000000000000 (0)
00:00:05.903130   IOAPIC              <integer> = 0x0000000000000001 (1)
00:00:05.903130   IocPciAddress       <integer> = 0x0000000000010000 (65 536)
00:00:05.903130   NumCPUs             <integer> = 0x0000000000000001 (1)
00:00:05.903131   Parallel0IoPortBase <integer> = 0x0000000000000000 (0)
00:00:05.903131   Parallel0Irq        <integer> = 0x0000000000000000 (0)
00:00:05.903131   Parallel1IoPortBase <integer> = 0x0000000000000000 (0)
00:00:05.903132   Parallel1Irq        <integer> = 0x0000000000000000 (0)
00:00:05.903132   Serial0IoPortBase   <integer> = 0x0000000000000000 (0)
00:00:05.903132   Serial0Irq          <integer> = 0x0000000000000000 (0)
00:00:05.903132   Serial1IoPortBase   <integer> = 0x0000000000000000 (0)
00:00:05.903133   Serial1Irq          <integer> = 0x0000000000000000 (0)
00:00:05.903133   ShowCpu             <integer> = 0x0000000000000001 (1)
00:00:05.903133   ShowRtc             <integer> = 0x0000000000000000 (0)
00:00:05.903134   SmcEnabled          <integer> = 0x0000000000000000 (0)
00:00:05.903134 
00:00:05.903134 [/Devices/acpi/0/LUN#0/] (level 4)
00:00:05.903135   Driver <string>  = "ACPIHost" (cb=9)
00:00:05.903135 
00:00:05.903135 [/Devices/acpi/0/LUN#0/Config/] (level 5)
00:00:05.903135 
00:00:05.903136 [/Devices/ahci/] (level 2)
00:00:05.903136 
00:00:05.903136 [/Devices/ahci/0/] (level 3)
00:00:05.903137   PCIBusNo      <integer> = 0x0000000000000000 (0)
00:00:05.903137   PCIDeviceNo   <integer> = 0x000000000000000d (13)
00:00:05.903137   PCIFunctionNo <integer> = 0x0000000000000000 (0)
00:00:05.903137   Trusted       <integer> = 0x0000000000000001 (1)
00:00:05.903138 
00:00:05.903138 [/Devices/ahci/0/Config/] (level 4)
00:00:05.903138   Bootable  <integer> = 0x0000000000000001 (1)
00:00:05.903139   PortCount <integer> = 0x0000000000000001 (1)
00:00:05.903139 
00:00:05.903139 [/Devices/ahci/0/Config/Port0/] (level 5)
00:00:05.903140   Hotpluggable <integer> = 0x0000000000000000 (0)
00:00:05.903140 
00:00:05.903140 [/Devices/ahci/0/LUN#0/] (level 4)
00:00:05.903140   Driver <string>  = "VD" (cb=3)
00:00:05.903141 
00:00:05.903141 [/Devices/ahci/0/LUN#0/Config/] (level 5)
00:00:05.903142   BlockCache <integer> = 0x0000000000000001 (1)
00:00:05.903142   Format     <string>  = "VDI" (cb=4)
00:00:05.903142   Mountable  <integer> = 0x0000000000000000 (0)
00:00:05.903143   Path       <string>  = "C:\Users\Isaque Braga\Desktop\Isaque\virtual-box-projeto-final\VMs\G4-PC1-VM1\G4-PC1-VM1.vdi" (cb=93)
00:00:05.903143   Type       <string>  = "HardDisk" (cb=9)
00:00:05.903143   UseNewIo   <integer> = 0x0000000000000001 (1)
00:00:05.903144 
00:00:05.903144 [/Devices/ahci/0/LUN#0/Config/VDConfig/] (level 6)
00:00:05.903144   AllocationBlockSize <string>  = "1048576" (cb=8)
00:00:05.903144 
00:00:05.903145 [/Devices/ahci/0/LUN#999/] (level 4)
00:00:05.903145   Driver <string>  = "MainStatus" (cb=11)
00:00:05.903145 
00:00:05.903145 [/Devices/ahci/0/LUN#999/Config/] (level 5)
00:00:05.903146   DeviceInstance       <string>  = "ahci/0" (cb=7)
00:00:05.903146   First                <integer> = 0x0000000000000000 (0)
00:00:05.903146   HasMediumAttachments <integer> = 0x0000000000000001 (1)
00:00:05.903147   Last                 <integer> = 0x0000000000000000 (0)
00:00:05.903147   iLedSet              <integer> = 0x0000000000000004 (4)
00:00:05.903147 
00:00:05.903148 [/Devices/apic/] (level 2)
00:00:05.903148 
00:00:05.903148 [/Devices/apic/0/] (level 3)
00:00:05.903148   Trusted <integer> = 0x0000000000000001 (1)
00:00:05.903149 
00:00:05.903149 [/Devices/apic/0/Config/] (level 4)
00:00:05.903150   IOAPIC  <integer> = 0x0000000000000001 (1)
00:00:05.903150   Mode    <integer> = 0x0000000000000003 (3)
00:00:05.903151   NumCPUs <integer> = 0x0000000000000001 (1)
00:00:05.903151 
00:00:05.903151 [/Devices/dp8390/] (level 2)
00:00:05.903151 
00:00:05.903152 [/Devices/e1000/] (level 2)
00:00:05.903152 
00:00:05.903152 [/Devices/e1000/0/] (level 3)
00:00:05.903152   PCIBusNo      <integer> = 0x0000000000000000 (0)
00:00:05.903153   PCIDeviceNo   <integer> = 0x0000000000000003 (3)
00:00:05.903153   PCIFunctionNo <integer> = 0x0000000000000000 (0)
00:00:05.903153   Trusted       <integer> = 0x0000000000000001 (1)
00:00:05.903153 
00:00:05.903154 [/Devices/e1000/0/Config/] (level 4)
00:00:05.903154   AdapterType    <integer> = 0x0000000000000000 (0)
00:00:05.903154   CableConnected <integer> = 0x0000000000000001 (1)
00:00:05.903155   LineSpeed      <integer> = 0x0000000000000000 (0)
00:00:05.903155   MAC            <bytes>   = "08 00 27 82 3f e9" (cb=6)
00:00:05.903156 
00:00:05.903156 [/Devices/e1000/0/LUN#0/] (level 4)
00:00:05.903156   Driver <string>  = "IntNet" (cb=7)
00:00:05.903157 
00:00:05.903157 [/Devices/e1000/0/LUN#0/Config/] (level 5)
00:00:05.903157   IfPolicyPromisc <string>  = "allow-all" (cb=10)
00:00:05.903157   Network         <string>  = "intnet" (cb=7)
00:00:05.903158   TrunkType       <integer> = 0x0000000000000002 (2)
00:00:05.903158 
00:00:05.903158 [/Devices/e1000/0/LUN#999/] (level 4)
00:00:05.903159   Driver <string>  = "MainStatus" (cb=11)
00:00:05.903159 
00:00:05.903159 [/Devices/e1000/0/LUN#999/Config/] (level 5)
00:00:05.903159   First                <integer> = 0x0000000000000000 (0)
00:00:05.903160   HasMediumAttachments <integer> = 0x0000000000000000 (0)
00:00:05.903160   Last                 <integer> = 0x0000000000000000 (0)
00:00:05.903160   iLedSet              <integer> = 0x0000000000000005 (5)
00:00:05.903161 
00:00:05.903161 [/Devices/i8254/] (level 2)
00:00:05.903161 
00:00:05.903161 [/Devices/i8254/0/] (level 3)
00:00:05.903162 
00:00:05.903162 [/Devices/i8254/0/Config/] (level 4)
00:00:05.903162 
00:00:05.903162 [/Devices/i8259/] (level 2)
00:00:05.903162 
00:00:05.903162 [/Devices/i8259/0/] (level 3)
00:00:05.903163   Trusted <integer> = 0x0000000000000001 (1)
00:00:05.903163 
00:00:05.903163 [/Devices/i8259/0/Config/] (level 4)
00:00:05.903164 
00:00:05.903164 [/Devices/ichac97/] (level 2)
00:00:05.903164 
00:00:05.903164 [/Devices/ichac97/0/] (level 3)
00:00:05.903165   PCIBusNo      <integer> = 0x0000000000000000 (0)
00:00:05.903165   PCIDeviceNo   <integer> = 0x0000000000000005 (5)
00:00:05.903165   PCIFunctionNo <integer> = 0x0000000000000000 (0)
00:00:05.903165   Trusted       <integer> = 0x0000000000000001 (1)
00:00:05.903166 
00:00:05.903166 [/Devices/ichac97/0/AudioConfig/] (level 4)
00:00:05.903166 
00:00:05.903166 [/Devices/ichac97/0/Config/] (level 4)
00:00:05.903167   Codec        <string>  = "AD1980" (cb=7)
00:00:05.903167   DebugEnabled <integer> = 0x0000000000000000 (0)
00:00:05.903167 
00:00:05.903168 [/Devices/ichac97/0/LUN#0/] (level 4)
00:00:05.903168   Driver <string>  = "AUDIO" (cb=6)
00:00:05.903168 
00:00:05.903168 [/Devices/ichac97/0/LUN#0/AttachedDriver/] (level 5)
00:00:05.903169   Driver <string>  = "HostAudioWas" (cb=13)
00:00:05.903169 
00:00:05.903169 [/Devices/ichac97/0/LUN#0/AttachedDriver/Config/] (level 6)
00:00:05.903170   VmName <string>  = "G4-PC1-VM1" (cb=11)
00:00:05.903170   VmUuid <string>  = "5ff97ec5-595d-44ef-bdb9-2372fb465731" (cb=37)
00:00:05.903170 
00:00:05.903171 [/Devices/ichac97/0/LUN#0/Config/] (level 5)
00:00:05.903171   DriverName    <string>  = "HostAudioWas" (cb=13)
00:00:05.903171   InputEnabled  <integer> = 0x0000000000000000 (0)
00:00:05.903172   OutputEnabled <integer> = 0x0000000000000001 (1)
00:00:05.903172 
00:00:05.903172 [/Devices/ichac97/0/LUN#1/] (level 4)
00:00:05.903172   Driver <string>  = "AUDIO" (cb=6)
00:00:05.903173 
00:00:05.903173 [/Devices/ichac97/0/LUN#2/] (level 4)
00:00:05.903173   Driver <string>  = "AUDIO" (cb=6)
00:00:05.903174 
00:00:05.903174 [/Devices/ioapic/] (level 2)
00:00:05.903174 
00:00:05.903175 [/Devices/ioapic/0/] (level 3)
00:00:05.903175   Trusted <integer> = 0x0000000000000001 (1)
00:00:05.903175 
00:00:05.903175 [/Devices/ioapic/0/Config/] (level 4)
00:00:05.903176   NumCPUs <integer> = 0x0000000000000001 (1)
00:00:05.903176 
00:00:05.903176 [/Devices/mc146818/] (level 2)
00:00:05.903176 
00:00:05.903176 [/Devices/mc146818/0/] (level 3)
00:00:05.903177 
00:00:05.903177 [/Devices/mc146818/0/Config/] (level 4)
00:00:05.903177   UseUTC <integer> = 0x0000000000000001 (1)
00:00:05.903178 
00:00:05.903178 [/Devices/parallel/] (level 2)
00:00:05.903178 
00:00:05.903178 [/Devices/pcarch/] (level 2)
00:00:05.903178 
00:00:05.903179 [/Devices/pcarch/0/] (level 3)
00:00:05.903179   Trusted <integer> = 0x0000000000000001 (1)
00:00:05.903179 
00:00:05.903179 [/Devices/pcarch/0/Config/] (level 4)
00:00:05.903180 
00:00:05.903180 [/Devices/pcbios/] (level 2)
00:00:05.903180 
00:00:05.903180 [/Devices/pcbios/0/] (level 3)
00:00:05.903181   Trusted <integer> = 0x0000000000000001 (1)
00:00:05.903181 
00:00:05.903181 [/Devices/pcbios/0/Config/] (level 4)
00:00:05.903182   APIC               <integer> = 0x0000000000000001 (1)
00:00:05.903183   BootDevice0        <string>  = "IDE" (cb=4)
00:00:05.903183   BootDevice1        <string>  = "DVD" (cb=4)
00:00:05.903183   BootDevice2        <string>  = "FLOPPY" (cb=7)
00:00:05.903184   BootDevice3        <string>  = "NONE" (cb=5)
00:00:05.903184   DmiSystemSerial    <string>  = "VirtualBox-<DmiSystemUuid>" (cb=27)
00:00:05.903184   FloppyDevice       <string>  = "i82078" (cb=7)
00:00:05.903185   HardDiskDevice     <string>  = "piix3ide" (cb=9)
00:00:05.903185   IOAPIC             <integer> = 0x0000000000000001 (1)
00:00:05.903185   LanBootRom         <string>  = "C:\Program Files\Oracle\VirtualBox\ExtensionPacks\Oracle_VirtualBox_Extension_Pack\PXE-Intel.rom" (cb=97)
00:00:05.903186   McfgBase           <integer> = 0x0000000000000000 (0)
00:00:05.903186   McfgLength         <integer> = 0x0000000000000000 (0)
00:00:05.903186   NumCPUs            <integer> = 0x0000000000000001 (1)
00:00:05.903186   PXEDebug           <integer> = 0x0000000000000000 (0)
00:00:05.903187   SataHardDiskDevice <string>  = "ahci" (cb=5)
00:00:05.903187   SataLUN1           <integer> = 0x0000000000000000 (0)
00:00:05.903187   UUID               <bytes>   = "c5 7e f9 5f 5d 59 ef 44 bd b9 23 72 fb 46 57 31" (cb=16)
00:00:05.903188   UuidLe             <integer> = 0x0000000000000001 (1)
00:00:05.903189 
00:00:05.903189 [/Devices/pcbios/0/Config/NetBoot/] (level 5)
00:00:05.903189 
00:00:05.903189 [/Devices/pcbios/0/Config/NetBoot/0/] (level 6)
00:00:05.903190   NIC           <integer> = 0x0000000000000000 (0)
00:00:05.903190   PCIBusNo      <integer> = 0x0000000000000000 (0)
00:00:05.903190   PCIDeviceNo   <integer> = 0x0000000000000003 (3)
00:00:05.903191   PCIFunctionNo <integer> = 0x0000000000000000 (0)
00:00:05.903191 
00:00:05.903191 [/Devices/pci/] (level 2)
00:00:05.903191 
00:00:05.903192 [/Devices/pci/0/] (level 3)
00:00:05.903192   Trusted <integer> = 0x0000000000000001 (1)
00:00:05.903192 
00:00:05.903192 [/Devices/pci/0/Config/] (level 4)
00:00:05.903193   IOAPIC <integer> = 0x0000000000000001 (1)
00:00:05.903193 
00:00:05.903193 [/Devices/pcibridge/] (level 2)
00:00:05.903193 
00:00:05.903193 [/Devices/pckbd/] (level 2)
00:00:05.903194 
00:00:05.903194 [/Devices/pckbd/0/] (level 3)
00:00:05.903194   Trusted <integer> = 0x0000000000000001 (1)
00:00:05.903194 
00:00:05.903195 [/Devices/pckbd/0/Config/] (level 4)
00:00:05.903195 
00:00:05.903195 [/Devices/pckbd/0/LUN#0/] (level 4)
00:00:05.903195   Driver <string>  = "KeyboardQueue" (cb=14)
00:00:05.903196 
00:00:05.903196 [/Devices/pckbd/0/LUN#0/AttachedDriver/] (level 5)
00:00:05.903196   Driver <string>  = "MainKeyboard" (cb=13)
00:00:05.903197 
00:00:05.903197 [/Devices/pckbd/0/LUN#0/Config/] (level 5)
00:00:05.903197   QueueSize <integer> = 0x0000000000000040 (64, 64 B)
00:00:05.903198 
00:00:05.903198 [/Devices/pckbd/0/LUN#1/] (level 4)
00:00:05.903199   Driver <string>  = "MouseQueue" (cb=11)
00:00:05.903199 
00:00:05.903199 [/Devices/pckbd/0/LUN#1/AttachedDriver/] (level 5)
00:00:05.903200   Driver <string>  = "MainMouse" (cb=10)
00:00:05.903200 
00:00:05.903200 [/Devices/pckbd/0/LUN#1/Config/] (level 5)
00:00:05.903200   QueueSize <integer> = 0x0000000000000080 (128, 128 B)
00:00:05.903201 
00:00:05.903201 [/Devices/pcnet/] (level 2)
00:00:05.903201 
00:00:05.903201 [/Devices/piix3ide/] (level 2)
00:00:05.903202 
00:00:05.903202 [/Devices/piix3ide/0/] (level 3)
00:00:05.903202   PCIBusNo      <integer> = 0x0000000000000000 (0)
00:00:05.903202   PCIDeviceNo   <integer> = 0x0000000000000001 (1)
00:00:05.903203   PCIFunctionNo <integer> = 0x0000000000000001 (1)
00:00:05.903203   Trusted       <integer> = 0x0000000000000001 (1)
00:00:05.903203 
00:00:05.903203 [/Devices/piix3ide/0/Config/] (level 4)
00:00:05.903204   Type <string>  = "PIIX4" (cb=6)
00:00:05.903204 
00:00:05.903204 [/Devices/piix3ide/0/LUN#0/] (level 4)
00:00:05.903204   Driver <string>  = "VD" (cb=3)
00:00:05.903205 
00:00:05.903205 [/Devices/piix3ide/0/LUN#0/Config/] (level 5)
00:00:05.903205   Format    <string>  = "RAW" (cb=4)
00:00:05.903206   Mountable <integer> = 0x0000000000000001 (1)
00:00:05.903206   Path      <string>  = "C:\Program Files\Oracle\VirtualBox\VBoxGuestAdditions.iso" (cb=58)
00:00:05.903206   ReadOnly  <integer> = 0x0000000000000001 (1)
00:00:05.903206   Type      <string>  = "DVD" (cb=4)
00:00:05.903207 
00:00:05.903207 [/Devices/piix3ide/0/LUN#999/] (level 4)
00:00:05.903207   Driver <string>  = "MainStatus" (cb=11)
00:00:05.903207 
00:00:05.903207 [/Devices/piix3ide/0/LUN#999/Config/] (level 5)
00:00:05.903208   DeviceInstance       <string>  = "piix3ide/0" (cb=11)
00:00:05.903208   First                <integer> = 0x0000000000000000 (0)
00:00:05.903209   HasMediumAttachments <integer> = 0x0000000000000001 (1)
00:00:05.903209   Last                 <integer> = 0x0000000000000003 (3)
00:00:05.903209   iLedSet              <integer> = 0x0000000000000003 (3)
00:00:05.903209 
00:00:05.903210 [/Devices/serial/] (level 2)
00:00:05.903210 
00:00:05.903210 [/Devices/usb-ehci/] (level 2)
00:00:05.903210 
00:00:05.903210 [/Devices/usb-ehci/0/] (level 3)
00:00:05.903211   PCIBusNo      <integer> = 0x0000000000000000 (0)
00:00:05.903211   PCIDeviceNo   <integer> = 0x000000000000000b (11)
00:00:05.903212   PCIFunctionNo <integer> = 0x0000000000000000 (0)
00:00:05.903212   Trusted       <integer> = 0x0000000000000001 (1)
00:00:05.903212 
00:00:05.903212 [/Devices/usb-ehci/0/Config/] (level 4)
00:00:05.903213 
00:00:05.903213 [/Devices/usb-ehci/0/LUN#0/] (level 4)
00:00:05.903213   Driver <string>  = "VUSBRootHub" (cb=12)
00:00:05.903213 
00:00:05.903213 [/Devices/usb-ehci/0/LUN#0/Config/] (level 5)
00:00:05.903214 
00:00:05.903214 [/Devices/usb-ehci/0/LUN#999/] (level 4)
00:00:05.903214   Driver <string>  = "MainStatus" (cb=11)
00:00:05.903215 
00:00:05.903215 [/Devices/usb-ehci/0/LUN#999/Config/] (level 5)
00:00:05.903215   First                <integer> = 0x0000000000000000 (0)
00:00:05.903215   HasMediumAttachments <integer> = 0x0000000000000000 (0)
00:00:05.903216   Last                 <integer> = 0x0000000000000000 (0)
00:00:05.903216   iLedSet              <integer> = 0x0000000000000002 (2)
00:00:05.903216 
00:00:05.903216 [/Devices/usb-ohci/] (level 2)
00:00:05.903217 
00:00:05.903217 [/Devices/usb-ohci/0/] (level 3)
00:00:05.903217   PCIBusNo      <integer> = 0x0000000000000000 (0)
00:00:05.903218   PCIDeviceNo   <integer> = 0x0000000000000006 (6)
00:00:05.903218   PCIFunctionNo <integer> = 0x0000000000000000 (0)
00:00:05.903218   Trusted       <integer> = 0x0000000000000001 (1)
00:00:05.903218 
00:00:05.903218 [/Devices/usb-ohci/0/Config/] (level 4)
00:00:05.903219 
00:00:05.903219 [/Devices/usb-ohci/0/LUN#0/] (level 4)
00:00:05.903219   Driver <string>  = "VUSBRootHub" (cb=12)
00:00:05.903220 
00:00:05.903220 [/Devices/usb-ohci/0/LUN#0/Config/] (level 5)
00:00:05.903221 
00:00:05.903221 [/Devices/usb-ohci/0/LUN#999/] (level 4)
00:00:05.903221   Driver <string>  = "MainStatus" (cb=11)
00:00:05.903222 
00:00:05.903222 [/Devices/usb-ohci/0/LUN#999/Config/] (level 5)
00:00:05.903222   First                <integer> = 0x0000000000000000 (0)
00:00:05.903222   HasMediumAttachments <integer> = 0x0000000000000000 (0)
00:00:05.903223   Last                 <integer> = 0x0000000000000000 (0)
00:00:05.903223   iLedSet              <integer> = 0x0000000000000001 (1)
00:00:05.903223 
00:00:05.903223 [/Devices/vga/] (level 2)
00:00:05.903224 
00:00:05.903224 [/Devices/vga/0/] (level 3)
00:00:05.903224   PCIBusNo      <integer> = 0x0000000000000000 (0)
00:00:05.903225   PCIDeviceNo   <integer> = 0x0000000000000002 (2)
00:00:05.903225   PCIFunctionNo <integer> = 0x0000000000000000 (0)
00:00:05.903225   Trusted       <integer> = 0x0000000000000001 (1)
00:00:05.903225 
00:00:05.903225 [/Devices/vga/0/Config/] (level 4)
00:00:05.903226   3DEnabled             <integer> = 0x0000000000000000 (0)
00:00:05.903226   CustomVideoModes      <integer> = 0x0000000000000000 (0)
00:00:05.903227   FadeIn                <integer> = 0x0000000000000001 (1)
00:00:05.903227   FadeOut               <integer> = 0x0000000000000001 (1)
00:00:05.903227   HeightReduction       <integer> = 0x0000000000000000 (0)
00:00:05.903228   LogoFile              <string>  = "" (cb=1)
00:00:05.903228   LogoTime              <integer> = 0x0000000000000000 (0)
00:00:05.903228   MonitorCount          <integer> = 0x0000000000000001 (1)
00:00:05.903229   ShowBootMenu          <integer> = 0x0000000000000002 (2)
00:00:05.903229   VMSVGA3dEnabled       <integer> = 0x0000000000000000 (0)
00:00:05.903229   VMSVGAEnabled         <integer> = 0x0000000000000001 (1)
00:00:05.903230   VMSVGAPciBarLayout    <integer> = 0x0000000000000001 (1)
00:00:05.903230   VMSVGAPciId           <integer> = 0x0000000000000001 (1)
00:00:05.903230   VRamSize              <integer> = 0x0000000001000000 (16 777 216, 16.0 MiB)
00:00:05.903231   VmSvga3               <integer> = 0x0000000000000000 (0)
00:00:05.903231   VmSvgaExposeLegacyVga <integer> = 0x0000000000000001 (1)
00:00:05.903231 
00:00:05.903232 [/Devices/vga/0/LUN#0/] (level 4)
00:00:05.903232   Driver <string>  = "MainDisplay" (cb=12)
00:00:05.903232 
00:00:05.903232 [/Devices/vga/0/LUN#0/Config/] (level 5)
00:00:05.903233 
00:00:05.903233 [/Devices/vga/0/LUN#999/] (level 4)
00:00:05.903233   Driver <string>  = "MainStatus" (cb=11)
00:00:05.903233 
00:00:05.903233 [/Devices/vga/0/LUN#999/Config/] (level 5)
00:00:05.903234   First                <integer> = 0x0000000000000000 (0)
00:00:05.903234   HasMediumAttachments <integer> = 0x0000000000000000 (0)
00:00:05.903234   Last                 <integer> = 0x0000000000000000 (0)
00:00:05.903235   iLedSet              <integer> = 0x0000000000000000 (0)
00:00:05.903235 
00:00:05.903235 [/Devices/virtio-net/] (level 2)
00:00:05.903236 
00:00:05.903236 [/EM/] (level 1)
00:00:05.903236   TripleFaultReset <integer> = 0x0000000000000000 (0)
00:00:05.903236 
00:00:05.903236 [/GCM/] (level 1)
00:00:05.903237   MesaVmsvgaDrv <integer> = 0x0000000000000001 (1)
00:00:05.903237 
00:00:05.903237 [/GIM/] (level 1)
00:00:05.903237   Provider <string>  = "KVM" (cb=4)
00:00:05.903238 
00:00:05.903238 [/HM/] (level 1)
00:00:05.903238   64bitEnabled            <integer> = 0x0000000000000001 (1)
00:00:05.903238   EnableLargePages        <integer> = 0x0000000000000001 (1)
00:00:05.903239   EnableNestedPaging      <integer> = 0x0000000000000001 (1)
00:00:05.903239   EnableUX                <integer> = 0x0000000000000001 (1)
00:00:05.903239   EnableVPID              <integer> = 0x0000000000000001 (1)
00:00:05.903240   Exclusive               <integer> = 0x0000000000000000 (0)
00:00:05.903240   HMForced                <integer> = 0x0000000000000001 (1)
00:00:05.903240   IBPBOnVMEntry           <integer> = 0x0000000000000000 (0)
00:00:05.903241   IBPBOnVMExit            <integer> = 0x0000000000000000 (0)
00:00:05.903242   L1DFlushOnSched         <integer> = 0x0000000000000001 (1)
00:00:05.903242   L1DFlushOnVMEntry       <integer> = 0x0000000000000000 (0)
00:00:05.903242   LovelyMesaDrvWorkaround <integer> = 0x0000000000000001 (1)
00:00:05.903243   MDSClearOnSched         <integer> = 0x0000000000000001 (1)
00:00:05.903243   MDSClearOnVMEntry       <integer> = 0x0000000000000000 (0)
00:00:05.903243   SpecCtrlByHost          <integer> = 0x0000000000000000 (0)
00:00:05.903244   SvmVirtVmsaveVmload     <integer> = 0x0000000000000000 (0)
00:00:05.903244   UseNEMInstead           <integer> = 0x0000000000000000 (0)
00:00:05.903244 
00:00:05.903244 [/MM/] (level 1)
00:00:05.903245   CanUseLargerHeap <integer> = 0x0000000000000000 (0)
00:00:05.903245 
00:00:05.903245 [/NEM/] (level 1)
00:00:05.903245   Allow64BitGuests        <integer> = 0x0000000000000001 (1)
00:00:05.903246   IBPBOnVMEntry           <integer> = 0x0000000000000000 (0)
00:00:05.903246   IBPBOnVMExit            <integer> = 0x0000000000000000 (0)
00:00:05.903246   L1DFlushOnSched         <integer> = 0x0000000000000001 (1)
00:00:05.903246   L1DFlushOnVMEntry       <integer> = 0x0000000000000000 (0)
00:00:05.903247   LovelyMesaDrvWorkaround <integer> = 0x0000000000000001 (1)
00:00:05.903247   MDSClearOnSched         <integer> = 0x0000000000000001 (1)
00:00:05.903247   MDSClearOnVMEntry       <integer> = 0x0000000000000000 (0)
00:00:05.903248 
00:00:05.903248 [/PDM/] (level 1)
00:00:05.903248 
00:00:05.903248 [/PDM/AsyncCompletion/] (level 2)
00:00:05.903248 
00:00:05.903249 [/PDM/AsyncCompletion/File/] (level 3)
00:00:05.903249 
00:00:05.903249 [/PDM/AsyncCompletion/File/BwGroups/] (level 4)
00:00:05.903250 
00:00:05.903250 [/PDM/BlkCache/] (level 2)
00:00:05.903250   CacheSize <integer> = 0x0000000000500000 (5 242 880, 5.0 MiB)
00:00:05.903250 
00:00:05.903251 [/PDM/Devices/] (level 2)
00:00:05.903251 
00:00:05.903251 [/PDM/Drivers/] (level 2)
00:00:05.903251 
00:00:05.903251 [/PDM/Drivers/VBoxC/] (level 3)
00:00:05.903252   Path <string>  = "VBoxC" (cb=6)
00:00:05.903252 
00:00:05.903252 [/PDM/NetworkShaper/] (level 2)
00:00:05.903252 
00:00:05.903253 [/PDM/NetworkShaper/BwGroups/] (level 3)
00:00:05.903253 
00:00:05.903253 [/TM/] (level 1)
00:00:05.903253   UTCOffset <integer> = 0x0000000000000000 (0)
00:00:05.903254 
00:00:05.903254 [/USB/] (level 1)
00:00:05.903254 
00:00:05.903254 [/USB/HidMouse/] (level 2)
00:00:05.903254 
00:00:05.903254 [/USB/HidMouse/0/] (level 3)
00:00:05.903255 
00:00:05.903255 [/USB/HidMouse/0/Config/] (level 4)
00:00:05.903255   Mode <string>  = "absolute" (cb=9)
00:00:05.903255 
00:00:05.903256 [/USB/HidMouse/0/LUN#0/] (level 4)
00:00:05.903256   Driver <string>  = "MouseQueue" (cb=11)
00:00:05.903256 
00:00:05.903256 [/USB/HidMouse/0/LUN#0/AttachedDriver/] (level 5)
00:00:05.903257   Driver <string>  = "MainMouse" (cb=10)
00:00:05.903257 
00:00:05.903257 [/USB/HidMouse/0/LUN#0/Config/] (level 5)
00:00:05.903258   QueueSize <integer> = 0x0000000000000080 (128, 128 B)
00:00:05.903258 
00:00:05.903258 [/USB/USBProxy/] (level 2)
00:00:05.903258 
00:00:05.903258 [/USB/USBProxy/GlobalConfig/] (level 3)
00:00:05.903259 
00:00:05.903259 ********************* End of CFGM dump **********************
00:00:05.903324 HM: HMR3Init: Attempting fall back to NEM: VT-x is not available
00:00:05.947062 NEM:  info: Found optional import WinHvPlatform.dll!WHvQueryGpaRangeDirtyBitmap.
00:00:05.947072 NEM:  info: Found optional import WinHvPlatform.dll!WHvResumePartitionTime.
00:00:05.947074 NEM:  info: Found optional import WinHvPlatform.dll!WHvSuspendPartitionTime.
00:00:05.947076 NEM:  info: Found optional import WinHvPlatform.dll!WHvRequestInterrupt.
00:00:05.947077 NEM:  info: Found optional import WinHvPlatform.dll!WHvGetVirtualProcessorXsaveState.
00:00:05.947079 NEM:  info: Found optional import WinHvPlatform.dll!WHvSetVirtualProcessorXsaveState.
00:00:05.947081 NEM:  info: Found optional import WinHvPlatform.dll!WHvGetVirtualProcessorState.
00:00:05.947083 NEM:  info: Found optional import WinHvPlatform.dll!WHvSetVirtualProcessorState.
00:00:05.947085 NEM:  info: Found optional import WinHvPlatform.dll!WHvGetVirtualProcessorInterruptControllerState.
00:00:05.947087 NEM:  info: Found optional import WinHvPlatform.dll!WHvSetVirtualProcessorInterruptControllerState.
00:00:05.947089 NEM:  info: Found optional import WinHvPlatform.dll!WHvGetVirtualProcessorInterruptControllerState2.
00:00:05.947091 NEM:  info: Found optional import WinHvPlatform.dll!WHvSetVirtualProcessorInterruptControllerState2.
00:00:05.947095 NEM:  info: Found optional import vid.dll!VidGetHvPartitionId.
00:00:05.947097 NEM:  info: Found optional import vid.dll!VidGetPartitionProperty.
00:00:05.947228 NEM: WHvCapabilityCodeHypervisorPresent is TRUE, so this might work...
00:00:05.947233 NEM: WHvCapabilityCodeExtendedVmExits      = 0x0000000000007fff
00:00:05.947256 NEM:                           X64CpuidExit: 1
00:00:05.947259 NEM:                             X64MsrExit: 1
00:00:05.947261 NEM:                          ExceptionExit: 1
00:00:05.947263 NEM:                           X64RdtscExit: 1
00:00:05.947265 NEM:                     X64ApicSmiExitTrap: 1
00:00:05.947267 NEM:                          HypercallExit: 1
00:00:05.947269 NEM:                X64ApicInitSipiExitTrap: 1
00:00:05.947271 NEM:              X64ApicWriteLint0ExitTrap: 1
00:00:05.947273 NEM:              X64ApicWriteLint1ExitTrap: 1
00:00:05.947275 NEM:                X64ApicWriteSvrExitTrap: 1
00:00:05.947277 NEM:                 UnknownSynicConnection: 1
00:00:05.947278 NEM:              RetargetUnknownVpciDevice: 1
00:00:05.947280 NEM:                X64ApicWriteLdrExitTrap: 1
00:00:05.947282 NEM:                X64ApicWriteDfrExitTrap: 1
00:00:05.947284 NEM:                     GpaAccessFaultExit: 1
00:00:05.947286 NEM: WHvCapabilityCodeFeatures             = 0x00000000000002ff
00:00:05.947288 NEM:                           PartialUnmap: 1
00:00:05.947290 NEM:                     LocalApicEmulation: 1
00:00:05.947292 NEM:                                  Xsave: 1
00:00:05.947293 NEM:                      DirtyPageTracking: 1
00:00:05.947295 NEM:                     SpeculationControl: 1
00:00:05.947297 NEM:                         ApicRemoteRead: 1
00:00:05.947299 NEM:                            IdleSuspend: 1
00:00:05.947301 NEM:                VirtualPciDeviceSupport: 1
00:00:05.947303 NEM:                           IommuSupport: 0
00:00:05.947304 NEM:                         VpHotAddRemove: 1
00:00:05.947306 NEM: WHvCapabilityCodeExceptionExitBitmap  = 0x00000000000f7dfb
00:00:05.947308 NEM: WHvCapabilityCodeX64MsrExitBitmap     = 0x000000000000003f
00:00:05.947310 NEM:                          UnhandledMsrs: 1
00:00:05.947316 NEM:                            TscMsrWrite: 1
00:00:05.947318 NEM:                             TscMsrRead: 1
00:00:05.947319 NEM:                       ApicBaseMsrWrite: 1
00:00:05.947321 NEM:                      MiscEnableMsrRead: 1
00:00:05.947323 NEM:              McUpdatePatchLevelMsrRead: 1
00:00:05.947325 NEM: WHvCapabilityCodeGpaRangePopulateFlags= 0x00000003
00:00:05.947327 NEM:                               Prefetch: 1
00:00:05.947329 NEM:                        AvoidHardFaults: 1
00:00:05.947339 NEM: WHvCapabilityCodeSchedulerFeatures    = 0x0000000000000000
00:00:05.947341 NEM:                             CpuReserve: 0
00:00:05.947343 NEM:                                 CpuCap: 0
00:00:05.947345 NEM:                              CpuWeight: 0
00:00:05.947347 NEM:                             CpuGroupId: 0
00:00:05.947349 NEM:                             DisableSmt: 0
00:00:05.947353 NEM: WHvCapabilityCodeProcessorVendor      = 1 - Intel
00:00:05.947360 NEM: WHvCapabilityCodeProcessorFeatures    = 0x3e1bfbcfe7f7859f
00:00:05.947362 NEM:                            Sse3Support: 1
00:00:05.947364 NEM:                        LahfSahfSupport: 1
00:00:05.947366 NEM:                           Ssse3Support: 1
00:00:05.947368 NEM:                          Sse4_1Support: 1
00:00:05.947370 NEM:                          Sse4_2Support: 1
00:00:05.947371 NEM:                           Sse4aSupport: 0
00:00:05.947373 NEM:                             XopSupport: 0
00:00:05.947375 NEM:                          PopCntSupport: 1
00:00:05.947377 NEM:                      Cmpxchg16bSupport: 1
00:00:05.947379 NEM:                       Altmovcr8Support: 0
00:00:05.947381 NEM:                           LzcntSupport: 1
00:00:05.947383 NEM:                     MisAlignSseSupport: 0
00:00:05.947385 NEM:                          MmxExtSupport: 0
00:00:05.947386 NEM:                        Amd3DNowSupport: 0
00:00:05.947390 NEM:                ExtendedAmd3DNowSupport: 0
00:00:05.947395 NEM:                         Page1GbSupport: 1
00:00:05.947397 NEM:                             AesSupport: 1
00:00:05.947399 NEM:                       PclmulqdqSupport: 1
00:00:05.947401 NEM:                            PcidSupport: 1
00:00:05.947403 NEM:                            Fma4Support: 0
00:00:05.947404 NEM:                            F16CSupport: 1
00:00:05.947406 NEM:                          RdRandSupport: 1
00:00:05.947410 NEM:                        RdWrFsGsSupport: 1
00:00:05.947412 NEM:                            SmepSupport: 1
00:00:05.947414 NEM:              EnhancedFastStringSupport: 1
00:00:05.947415 NEM:                            Bmi1Support: 1
00:00:05.947417 NEM:                            Bmi2Support: 1
00:00:05.947419 NEM:                              Reserved1: 0
00:00:05.947421 NEM:                           MovbeSupport: 1
00:00:05.947423 NEM:                          Npiep1Support: 1
00:00:05.947425 NEM:                   DepX87FPUSaveSupport: 1
00:00:05.947426 NEM:                          RdSeedSupport: 1
00:00:05.947428 NEM:                             AdxSupport: 1
00:00:05.947430 NEM:                   IntelPrefetchSupport: 1
00:00:05.947432 NEM:                            SmapSupport: 1
00:00:05.947434 NEM:                             HleSupport: 0
00:00:05.947436 NEM:                             RtmSupport: 0
00:00:05.947437 NEM:                          RdtscpSupport: 1
00:00:05.947439 NEM:                      ClflushoptSupport: 1
00:00:05.947441 NEM:                            ClwbSupport: 1
00:00:05.947443 NEM:                             ShaSupport: 1
00:00:05.947445 NEM:                X87PointersSavedSupport: 0
00:00:05.947446 NEM:                         InvpcidSupport: 1
00:00:05.947448 NEM:                            IbrsSupport: 1
00:00:05.947450 NEM:                           StibpSupport: 1
00:00:05.947452 NEM:                            IbpbSupport: 1
00:00:05.947454 NEM:                              Reserved2: 1
00:00:05.947456 NEM:                            SsbdSupport: 1
00:00:05.947457 NEM:                 FastShortRepMovSupport: 1
00:00:05.947459 NEM:                              Reserved3: 0
00:00:05.947461 NEM:                                 RdclNo: 1
00:00:05.947463 NEM:                         IbrsAllSupport: 1
00:00:05.947465 NEM:                              Reserved4: 0
00:00:05.947466 NEM:                                  SsbNo: 0
00:00:05.947468 NEM:                                 RsbANo: 0
00:00:05.947470 NEM:                              Reserved5: 0
00:00:05.947472 NEM:                           RdPidSupport: 1
00:00:05.947474 NEM:                            UmipSupport: 1
00:00:05.947476 NEM:                           MdsNoSupport: 1
00:00:05.947477 NEM:                         MdClearSupport: 1
00:00:05.947479 NEM:                           TaaNoSupport: 1
00:00:05.947481 NEM:                         TsxCtrlSupport: 0
00:00:05.947483 NEM:                              Reserved6: 0
00:00:05.947488 NEM: WHvCapabilityCodeProcessorClFlushSize = 2^8
00:00:05.947492 NEM: WHvCapabilityCodeProcessorXsaveFeatures= 0x000000004058381f
00:00:05.947494 NEM:                           XsaveSupport: 1
00:00:05.947496 NEM:                        XsaveoptSupport: 1
00:00:05.947498 NEM:                             AvxSupport: 1
00:00:05.947500 NEM:                            Avx2Support: 1
00:00:05.947502 NEM:                             FmaSupport: 1
00:00:05.947504 NEM:                             MpxSupport: 0
00:00:05.947505 NEM:                          Avx512Support: 0
00:00:05.947507 NEM:                        Avx512DQSupport: 0
00:00:05.947509 NEM:                        Avx512BWSupport: 0
00:00:05.947511 NEM:                        Avx512VLSupport: 0
00:00:05.947518 NEM:                       XsaveCompSupport: 1
00:00:05.947520 NEM:                 XsaveSupervisorSupport: 1
00:00:05.947521 NEM:                            Xcr1Support: 1
00:00:05.947524 NEM:                    Avx512BitalgSupport: 0
00:00:05.947526 NEM:                      Avx512IfmaSupport: 0
00:00:05.947528 NEM:                      Avx512VBmiSupport: 0
00:00:05.947530 NEM:                     Avx512VBmi2Support: 0
00:00:05.947532 NEM:                      Avx512VnniSupport: 0
00:00:05.947533 NEM:                            GfniSupport: 1
00:00:05.947535 NEM:                            VaesSupport: 1
00:00:05.947537 NEM:                 Avx512VPopcntdqSupport: 0
00:00:05.947539 NEM:                      VpclmulqdqSupport: 1
00:00:05.947541 NEM:                      Avx512Bf16Support: 0
00:00:05.947542 NEM:              Avx512Vp2IntersectSupport: 0
00:00:05.947544 NEM:                      Avx512Fp16Support: 0
00:00:05.947546 NEM:                             XfdSupport: 0
00:00:05.947548 NEM:                         AmxTileSupport: 0
00:00:05.947549 NEM:                         AmxBf16Support: 0
00:00:05.947551 NEM:                         AmxInt8Support: 0
00:00:05.947553 NEM:                         AvxVnniSupport: 1
00:00:05.947557 NEM: WHvCapabilityCodeProcessorClockFrequency= 2 611 201 180
00:00:05.947560 NEM: WHvCapabilityCodeInterruptClockFrequency= 200 000 000
00:00:05.947562 NEM: WHvCapabilityCodeProcessorFeaturesBanks= 2 bank(s)
00:00:05.947564 NEM: WHvCapabilityCodeProcessorFeaturesBanks[0]= 0x3e1bfbcfe7f7859f
00:00:05.947565 NEM:                            Sse3Support: 1
00:00:05.947567 NEM:                        LahfSahfSupport: 1
00:00:05.947569 NEM:                           Ssse3Support: 1
00:00:05.947571 NEM:                          Sse4_1Support: 1
00:00:05.947573 NEM:                          Sse4_2Support: 1
00:00:05.947574 NEM:                           Sse4aSupport: 0
00:00:05.947576 NEM:                             XopSupport: 0
00:00:05.947578 NEM:                          PopCntSupport: 1
00:00:05.947580 NEM:                      Cmpxchg16bSupport: 1
00:00:05.947581 NEM:                       Altmovcr8Support: 0
00:00:05.947583 NEM:                           LzcntSupport: 1
00:00:05.947585 NEM:                     MisAlignSseSupport: 0
00:00:05.947587 NEM:                          MmxExtSupport: 0
00:00:05.947589 NEM:                        Amd3DNowSupport: 0
00:00:05.947591 NEM:                ExtendedAmd3DNowSupport: 0
00:00:05.947592 NEM:                         Page1GbSupport: 1
00:00:05.947594 NEM:                             AesSupport: 1
00:00:05.947596 NEM:                       PclmulqdqSupport: 1
00:00:05.947598 NEM:                            PcidSupport: 1
00:00:05.947599 NEM:                            Fma4Support: 0
00:00:05.947601 NEM:                            F16CSupport: 1
00:00:05.947603 NEM:                          RdRandSupport: 1
00:00:05.947605 NEM:                        RdWrFsGsSupport: 1
00:00:05.947609 NEM:                            SmepSupport: 1
00:00:05.947611 NEM:              EnhancedFastStringSupport: 1
00:00:05.947612 NEM:                            Bmi1Support: 1
00:00:05.947614 NEM:                            Bmi2Support: 1
00:00:05.947616 NEM:                              Reserved1: 0
00:00:05.947618 NEM:                           MovbeSupport: 1
00:00:05.947619 NEM:                          Npiep1Support: 1
00:00:05.947621 NEM:                   DepX87FPUSaveSupport: 1
00:00:05.947623 NEM:                          RdSeedSupport: 1
00:00:05.947625 NEM:                             AdxSupport: 1
00:00:05.947627 NEM:                   IntelPrefetchSupport: 1
00:00:05.947628 NEM:                            SmapSupport: 1
00:00:05.947630 NEM:                             HleSupport: 0
00:00:05.947632 NEM:                             RtmSupport: 0
00:00:05.947634 NEM:                          RdtscpSupport: 1
00:00:05.947636 NEM:                      ClflushoptSupport: 1
00:00:05.947637 NEM:                            ClwbSupport: 1
00:00:05.947639 NEM:                             ShaSupport: 1
00:00:05.947641 NEM:                X87PointersSavedSupport: 0
00:00:05.947644 NEM:                         InvpcidSupport: 1
00:00:05.947646 NEM:                            IbrsSupport: 1
00:00:05.947648 NEM:                           StibpSupport: 1
00:00:05.947650 NEM:                            IbpbSupport: 1
00:00:05.947651 NEM:                              Reserved2: 1
00:00:05.947653 NEM:                            SsbdSupport: 1
00:00:05.947655 NEM:                 FastShortRepMovSupport: 1
00:00:05.947657 NEM:                              Reserved3: 0
00:00:05.947659 NEM:                                 RdclNo: 1
00:00:05.947660 NEM:                         IbrsAllSupport: 1
00:00:05.947662 NEM:                              Reserved4: 0
00:00:05.947664 NEM:                                  SsbNo: 0
00:00:05.947666 NEM:                                 RsbANo: 0
00:00:05.947668 NEM:                              Reserved5: 0
00:00:05.947669 NEM:                           RdPidSupport: 1
00:00:05.947671 NEM:                            UmipSupport: 1
00:00:05.947673 NEM:                           MdsNoSupport: 1
00:00:05.947675 NEM:                         MdClearSupport: 1
00:00:05.947677 NEM:                           TaaNoSupport: 1
00:00:05.947678 NEM:                         TsxCtrlSupport: 0
00:00:05.947680 NEM:                              Reserved6: 0
00:00:05.947682 NEM: WHvCapabilityCodeProcessorFeaturesBanks[1]= 0x0002000f1e9777e3
00:00:05.947684 NEM:                    ACountMCountSupport: 1
00:00:05.947686 NEM:                    TscInvariantSupport: 1
00:00:05.947687 NEM:                          ClZeroSupport: 0
00:00:05.947689 NEM:                           RdpruSupport: 0
00:00:05.947691 NEM:                              Reserved2: 2
00:00:05.947693 NEM:                      NestedVirtSupport: 1
00:00:05.947695 NEM:                            PsfdSupport: 1
00:00:05.947696 NEM:                           CetSsSupport: 1
00:00:05.947698 NEM:                          CetIbtSupport: 1
00:00:05.947700 NEM:              VmxExceptionInjectSupport: 1
00:00:05.947702 NEM:                              Reserved4: 0
00:00:05.947703 NEM:                    UmwaitTpauseSupport: 1
00:00:05.947705 NEM:                         MovdiriSupport: 1
00:00:05.947707 NEM:                       Movdir64bSupport: 1
00:00:05.947709 NEM:                        CldemoteSupport: 0
00:00:05.947710 NEM:                       SerializeSupport: 1
00:00:05.947712 NEM:                  TscDeadlineTmrSupport: 1
00:00:05.947716 NEM:                       TscAdjustSupport: 1
00:00:05.947718 NEM:                            FZLRepMovsb: 0
00:00:05.947720 NEM:                             FSRepStosb: 1
00:00:05.947721 NEM:                             FSRepCmpsb: 0
00:00:05.947723 NEM:                Unknown bank 1 features: 0x2000f1e800000
00:00:05.947725 NEM: WHvCapabilityCodeProcessorFrequencyCap= 00 00 00 00 00 00 00 00 00 00 00 00 00 00 00 00
00:00:05.947728 NEM:                            IsSupported: 0
00:00:05.947730 NEM:                               Reserved: 0
00:00:05.947732 NEM:                    HighestFrequencyMhz: 0
00:00:05.947734 NEM:                    NominalFrequencyMhz: 0
00:00:05.947736 NEM:                     LowestFrequencyMhz: 0
00:00:05.947738 NEM:                       FrequencyStepMhz: 0
00:00:05.947742 NEM: WHvCapabilityCodeSyntheticProcessorFeaturesBanks= 1 bank(s)
00:00:05.947744 NEM: WHvCapabilityCodeSyntheticProcessorFeaturesBanks[0]= 0x0000006fff448fff
00:00:05.947746 NEM:                      HypervisorPresent: 1
00:00:05.947748 NEM:                                    Hv1: 1
00:00:05.947750 NEM:                     AccessVpRunTimeReg: 1
00:00:05.947751 NEM:        AccessPartitionReferenceCounter: 1
00:00:05.947753 NEM:                        AccessSynicRegs: 1
00:00:05.947755 NEM:               AccessSyntheticTimerRegs: 1
00:00:05.947757 NEM:                     AccessIntrCtrlRegs: 1
00:00:05.947758 NEM:                    AccessHypercallRegs: 1
00:00:05.947760 NEM:                          AccessVpIndex: 1
00:00:05.947763 NEM:            AccessPartitionReferenceTsc: 1
00:00:05.947765 NEM:                     AccessGuestIdleReg: 1
00:00:05.947767 NEM:                    AccessFrequencyRegs: 1
00:00:05.947768 NEM:                            ReservedZ12: 0
00:00:05.947770 NEM:                            ReservedZ13: 0
00:00:05.947772 NEM:                            ReservedZ14: 0
00:00:05.947774 NEM:   EnableExtendedGvaRangesForFlushVirtualAddressList: 1
00:00:05.947775 NEM:                            ReservedZ16: 0
00:00:05.947777 NEM:                            ReservedZ17: 0
00:00:05.947779 NEM:                    FastHypercallOutput: 1
00:00:05.947781 NEM:                            ReservedZ19: 0
00:00:05.947783 NEM:                            ReservedZ20: 0
00:00:05.947784 NEM:                            ReservedZ21: 0
00:00:05.947786 NEM:                  DirectSyntheticTimers: 1
00:00:05.947788 NEM:                            ReservedZ23: 0
00:00:05.947790 NEM:                 ExtendedProcessorMasks: 1
00:00:05.947791 NEM:                      TbFlushHypercalls: 1
00:00:05.947793 NEM:                    SyntheticClusterIpi: 1
00:00:05.947795 NEM:                     NotifyLongSpinWait: 1
00:00:05.947797 NEM:                      QueryNumaDistance: 1
00:00:05.947798 NEM:                           SignalEvents: 1
00:00:05.947800 NEM:                RetargetDeviceInterrupt: 1
00:00:05.947804 NEM: WHvCapabilityCodeProcessorPerfmonFeatures= 0x0000000000000000
00:00:05.947806 NEM:                             PmuSupport: 0
00:00:05.947810 NEM:                             LbrSupport: 0
00:00:05.947815 NEM: WHvCapabilityCodePhysicalAddressWidth = 39
00:00:05.947819 NEM: WHvCapabilityCodeVmxBasic             = 0x01d8100000000001
00:00:05.947824 NEM: WHvCapabilityCodeVmxPinbasedCtls      = 0x0000003f00000016
00:00:05.947828 NEM: WHvCapabilityCodeVmxProcbasedCtls     = 0xf7f9fffe2401e5f2
00:00:05.947833 NEM: WHvCapabilityCodeVmxExitCtls          = 0x143fffff00036fff
00:00:05.947837 NEM: WHvCapabilityCodeVmxEntryCtls         = 0x0030f3ff000011ff
00:00:05.947841 NEM: WHvCapabilityCodeVmxMisc              = 0x0000000000000060
00:00:05.947845 NEM: WHvCapabilityCodeVmxCr0Fixed0         = 0x0000000080000021
00:00:05.947850 NEM: WHvCapabilityCodeVmxCr0Fixed1         = 0x00000000ffffffff
00:00:05.947854 NEM: WHvCapabilityCodeVmxCr4Fixed0         = 0x0000000000002000
00:00:05.947858 NEM: WHvCapabilityCodeVmxCr4Fixed1         = 0x0000000000b72fff
00:00:05.947862 NEM: WHvCapabilityCodeVmxVmcsEnum          = 0x000000000000002a
00:00:05.947866 NEM: WHvCapabilityCodeVmxProcbasedCtls2    = 0x065018ae00000000
00:00:05.947871 NEM: WHvCapabilityCodeVmxEptVpidCap        = 0x00000f0106f34041
00:00:05.947875 NEM: WHvCapabilityCodeVmxTruePinbasedCtls  = 0x0000003f00000016
00:00:05.947880 NEM: WHvCapabilityCodeVmxTrueProcbasedCtls = 0xf7f9fffe240065f2
00:00:05.947884 NEM: WHvCapabilityCodeVmxTrueExitCtls      = 0x143fffff00036ffb
00:00:05.947888 NEM: WHvCapabilityCodeVmxTrueEntryCtls     = 0x0030f3ff000011fb
00:00:05.948957 NEM: Created partition 0000029b6d44ed10. APIC emulation mode: VirtualBox
00:00:05.948980 NEM: Adjusting APIC configuration from X2APIC to APIC max mode.  X2APIC is not supported by the WinHvPlatform API!
00:00:05.948982 NEM: Disable Hyper-V if you need X2APIC for your guests!
00:00:05.949000 PGM: Enabling NEM mode
00:00:05.949042 NEM:
00:00:05.949042 NEM: NEMR3Init: Snail execution mode is active!
00:00:05.949043 NEM: Note! VirtualBox is not able to run at its full potential in this execution mode.
00:00:05.949043 NEM:       To see VirtualBox run at max speed you need to disable all Windows features
00:00:05.949043 NEM:       making use of Hyper-V.  That is a moving target, so google how and carefully
00:00:05.949043 NEM:       consider the consequences of disabling these features.
00:00:05.949043 NEM:
00:00:05.949067 CPUM: No hardware-virtualization capability detected
00:00:05.949069 CPUM: fXStateHostMask=0x7; host XCR0=0x7
00:00:05.950685 CPUM: Matched host CPU INTEL 0x6/0xba/0x2 Intel_Atom_Unknown with CPU DB entry 'Intel Pentium N3530 2.16GHz' (INTEL 0x6/0x37/0x8 Intel_Atom_Silvermont)
00:00:05.950744 CPUM: MXCSR_MASK=0xffff (host: 0xffff)
00:00:05.950761 CPUM: Microcode revision 0x00005103
00:00:05.950785 CPUM: MSR/CPUID reconciliation insert: 0x0000010b IA32_FLUSH_CMD
00:00:05.950788 CPUM: MSR/CPUID reconciliation insert: 0x0000010a IA32_ARCH_CAPABILITIES
00:00:05.950791 CPUM: MSR fudge: 0x00000122 IA32_TSX_CTRL
00:00:05.950793 CPUM: MSR fudge: 0x00000123 IA32_MCU_OPT_CTRL
00:00:05.950799 CPUM: SetGuestCpuIdFeature: Enabled SYSENTER/EXIT
00:00:05.950801 CPUM: SetGuestCpuIdFeature: Enabled SYSCALL/RET
00:00:05.950803 CPUM: SetGuestCpuIdFeature: Enabled PAE
00:00:05.950807 CPUM: SetGuestCpuIdFeature: Enabled LAHF/SAHF
00:00:05.950809 CPUM: SetGuestCpuIdFeature: Enabled NX
00:00:05.950811 CPUM: SetGuestCpuIdFeature: Enabled LONG MODE
00:00:05.950812 CPUM: Enabled MTRR read-write support
00:00:05.950814 CPUM: Enabled fixed-range MTRRs and 16 (virtualized) variable-range MTRRs
00:00:05.953462 NEM: HvPartitionPropertyProcessorVendor=0x1 (1)
00:00:05.953609 NEM: Successfully set up partition (device handle 00000000000010b1, partition ID 0x0)
00:00:05.953732 PGM: Host paging mode: AMD64+PGE+NX
00:00:05.953742 PGM: PGMPool: cMaxPages=512 (u64MaxPages=288)
00:00:05.953744 PGM: pgmR3PoolInit: cMaxPages=0x200 cMaxUsers=0x400 cMaxPhysExts=0x400 fCacheEnable=true
00:00:05.955446 SUPLib: MEM_LARGE_PAGES privilege not held.
00:00:05.964873 TM: GIP - u32Mode=3 (Invariant) u32UpdateHz=93 u32UpdateIntervalNS=10741500 enmUseTscDelta=2 (Practically Zero) fGetGipCpu=0x1b cCpus=12
00:00:05.964898 TM: GIP - u64CpuHz=2 611 201 119 (0x9ba3c45f)  SUPGetCpuHzFromGip => 2 611 201 119
00:00:05.964902 TM: GIP - CPU: iCpuSet=0x0 idCpu=0x0 idApic=0x0 iGipCpu=0x0 i64TSCDelta=0 enmState=3 u64CpuHz=2611201119(*) cErrors=0
00:00:05.964904 TM: GIP - CPU: iCpuSet=0x1 idCpu=0x1 idApic=0x1 iGipCpu=0x1 i64TSCDelta=0 enmState=3 u64CpuHz=2611142388(*) cErrors=0
00:00:05.964907 TM: GIP - CPU: iCpuSet=0x2 idCpu=0x2 idApic=0x8 iGipCpu=0x3 i64TSCDelta=0 enmState=3 u64CpuHz=2611200800(*) cErrors=0
00:00:05.964909 TM: GIP - CPU: iCpuSet=0x3 idCpu=0x3 idApic=0x9 iGipCpu=0x2 i64TSCDelta=0 enmState=3 u64CpuHz=2611197798(*) cErrors=0
00:00:05.964911 TM: GIP - CPU: iCpuSet=0x4 idCpu=0x4 idApic=0x10 iGipCpu=0x5 i64TSCDelta=0 enmState=3 u64CpuHz=2611200913(*) cErrors=0
00:00:05.964913 TM: GIP - CPU: iCpuSet=0x5 idCpu=0x5 idApic=0x11 iGipCpu=0x8 i64TSCDelta=0 enmState=3 u64CpuHz=2611201077(*) cErrors=0
00:00:05.964915 TM: GIP - CPU: iCpuSet=0x6 idCpu=0x6 idApic=0x18 iGipCpu=0x6 i64TSCDelta=0 enmState=3 u64CpuHz=2611201078(*) cErrors=0
00:00:05.964917 TM: GIP - CPU: iCpuSet=0x7 idCpu=0x7 idApic=0x19 iGipCpu=0x9 i64TSCDelta=0 enmState=3 u64CpuHz=2611201074(*) cErrors=0
00:00:05.964919 TM: GIP - CPU: iCpuSet=0x8 idCpu=0x8 idApic=0x28 iGipCpu=0x7 i64TSCDelta=0 enmState=3 u64CpuHz=2611201004(*) cErrors=0
00:00:05.964921 TM: GIP - CPU: iCpuSet=0x9 idCpu=0x9 idApic=0x2a iGipCpu=0x4 i64TSCDelta=0 enmState=3 u64CpuHz=2611200740(*) cErrors=0
00:00:05.964923 TM: GIP - CPU: iCpuSet=0xa idCpu=0xa idApic=0x2c iGipCpu=0xa i64TSCDelta=0 enmState=3 u64CpuHz=2611201045(*) cErrors=0
00:00:05.964925 TM: GIP - CPU: iCpuSet=0xb idCpu=0xb idApic=0x2e iGipCpu=0xb i64TSCDelta=0 enmState=3 u64CpuHz=2611201104(*) cErrors=0
00:00:05.964935 TM: NEM overrides the /TM/TSCModeSwitchAllowed setting.
00:00:05.964944 TM:     cTSCTicksPerSecond=2 611 201 119 (0x9ba3c45f) enmTSCMode=4 (NativeApi) TSCMultiplier=1
00:00:05.964951 TM: cTSCTicksPerSecondHost=2 611 201 119 (0x9ba3c45f)
00:00:05.964952 TM: TSCTiedToExecution=false TSCNotTiedToHalt=false
00:00:05.965476 EMR3Init: fIemExecutesAll=false fGuruOnTripleFault=true
00:00:05.965574 IEM: TargetCpu=CURRENT, Microarch=Intel_Atom_Unknown aidxTargetCpuEflFlavour={1,0}
00:00:05.965853 GIM: Using provider 'KVM' (Implementation version: 0)
00:00:05.965859 CPUM: SetGuestCpuIdFeature: Enabled Hypervisor Present bit
00:00:05.965877 GCM: Initialized - Fixer bits: 0x8 (MesaVmsvgaDrv)
00:00:05.965932 AIOMgr: Default manager type is 'Async'
00:00:05.965935 AIOMgr: Default file backend is 'NonBuffered'
00:00:05.965974 BlkCache: Cache successfully initialized. Cache size is 5242880 bytes
00:00:05.965976 BlkCache: Cache commit interval is 10000 ms
00:00:05.965978 BlkCache: Cache commit threshold is 2621440 bytes
00:00:06.217443 PcBios: [SMP] BIOS with 1 CPUs
00:00:06.217443 PcBios: Using the 386+ BIOS image.
00:00:06.217443 PcBios: MPS table at 000e1300
00:00:06.224982 PcBios: Using LAN ROM 'C:\Program Files\Oracle\VirtualBox\ExtensionPacks\Oracle_VirtualBox_Extension_Pack\PXE-Intel.rom' with a size of 0xc000 bytes
00:00:06.225284 PcBios: fCheckShutdownStatusForSoftReset=true  fClearShutdownStatusOnHardReset=true
00:00:06.225567 PDM: VirtualBox APIC backend registered
00:00:06.225583 CPUM: SetGuestCpuIdFeature: Enabled xAPIC
00:00:06.226127 IOAPIC: Version=2.0 ChipType=ICH9
00:00:06.226184 PIT: mode=3 count=0x10000 (65536) - 18.20 Hz (ch=0)
00:00:06.226330 VMMDev: cbDefaultBudget: 1 073 741 824 (40000000)
00:00:06.238077 Shared Folders service loaded
00:00:06.246240 Guest Control service loaded
00:00:06.265450 VGA: Using the 386+ BIOS image.
00:00:06.266532 DrvVD: Flushes will be ignored
00:00:06.266557 DrvVD: Async flushes will be passed to the disk
00:00:06.267637 VD: VDInit finished with VINF_SUCCESS
00:00:06.268086 AIOMgr: Endpoint for file 'C:\Users\Isaque Braga\Desktop\Isaque\virtual-box-projeto-final\VMs\G4-PC1-VM1\G4-PC1-VM1.vdi' (flags 000c0723) created successfully
00:00:06.268523 VD: Opening the disk took 1061040 ns
00:00:06.268584 AHCI: LUN#0: disk, PCHS=16383/16/63, total number of sectors 67108864
00:00:06.268739 AHCI#0: Reset the HBA
00:00:06.268743 VD#0: Cancelling all active requests
00:00:06.269248 DrvVD: Flushes will be ignored
00:00:06.269255 DrvVD: Async flushes will be passed to the disk
00:00:06.269365 VD: Opening the disk took 105927 ns
00:00:06.269390 PIIX3 ATA: LUN#0: CD/DVD, total number of sectors 26095, passthrough disabled
00:00:06.269444 PIIX3 ATA: LUN#1: no unit
00:00:06.269477 PIIX3 ATA: LUN#2: no unit
00:00:06.269479 PIIX3 ATA: LUN#3: no unit
00:00:06.269515 PIIX3 ATA: Ctl#0: finished processing RESET
00:00:06.269556 PIIX3 ATA: Ctl#1: finished processing RESET
00:00:06.269621 E1000#0: Chip=82540EM LinkUpDelay=5000ms EthernetCRC=on GSO=enabled Itr=disabled ItrRx=enabled TID=disabled R0=disabled RC=disabled
00:00:06.269747 IntNet#0: szNetwork={intnet} enmTrunkType=2 szTrunk={} fFlags=0x14000 cbRecv=325632 cbSend=196608 fIgnoreConnectFailure=false
00:00:06.270079 AC97: Using codec 'AD1980'
00:00:06.284593 WasAPI: Input device is: {Default} (iface 0000029b6e7daa80)
00:00:06.285260 WasAPI: Output device is: {Default} (iface 0000029b6e7dacb0)
00:00:06.287591 Audio: Found 6 devices for driver 'WasAPI'
00:00:06.287600 Audio: Device 'Alto-falantes (fifine Headset)':
00:00:06.287601 Audio:   ID              = {0.0.0.00000000}.{5d4c63ba-5165-4642-b76c-f0df11c6f90f}
00:00:06.287601 Audio:   Usage           = output
00:00:06.287601 Audio:   Flags           = DEFAULT_OUT
00:00:06.287601 Audio:   Input channels  = 0
00:00:06.287602 Audio:   Output channels = 2
00:00:06.287604 Audio: Device 'Alto-falantes (Realtek(R) Audio)':
00:00:06.287604 Audio:   ID              = {0.0.0.00000000}.{308c291c-dfe9-48ae-ada7-404383465115}
00:00:06.287604 Audio:   Usage           = output
00:00:06.287605 Audio:   Flags           = NONE
00:00:06.287605 Audio:   Input channels  = 0
00:00:06.287605 Audio:   Output channels = 2
00:00:06.287607 Audio: Device 'Alto-falantes (fifine Headset)':
00:00:06.287607 Audio:   ID              = {0.0.0.00000000}.{5d4c63ba-5165-4642-b76c-f0df11c6f90f}
00:00:06.287607 Audio:   Usage           = output
00:00:06.287607 Audio:   Flags           = NONE
00:00:06.287607 Audio:   Input channels  = 0
00:00:06.287608 Audio:   Output channels = 2
00:00:06.287609 Audio: Device 'Microfone (fifine Headset)':
00:00:06.287609 Audio:   ID              = {0.0.1.00000000}.{fd0c16c8-0253-4769-a8e3-f9297783b34a}
00:00:06.287610 Audio:   Usage           = input
00:00:06.287610 Audio:   Flags           = DEFAULT_IN
00:00:06.287610 Audio:   Input channels  = 1
00:00:06.287610 Audio:   Output channels = 0
00:00:06.287614 Audio: Device 'Grupo de microfones (Tecnologia Intel® Smart Sound para microfones digitais)':
00:00:06.287615 Audio:   ID              = {0.0.1.00000000}.{8ae76bc8-b6af-4213-96d0-3d621da37d70}
00:00:06.287615 Audio:   Usage           = input
00:00:06.287615 Audio:   Flags           = NONE
00:00:06.287615 Audio:   Input channels  = 2
00:00:06.287615 Audio:   Output channels = 0
00:00:06.287618 Audio: Device 'Microfone (fifine Headset)':
00:00:06.287618 Audio:   ID              = {0.0.1.00000000}.{fd0c16c8-0253-4769-a8e3-f9297783b34a}
00:00:06.287618 Audio:   Usage           = input
00:00:06.287618 Audio:   Flags           = NONE
00:00:06.287618 Audio:   Input channels  = 1
00:00:06.287619 Audio:   Output channels = 0
00:00:06.287743 AC97: Reset
00:00:06.287749 AC97: Mixer reset (EAID=0x809, EACS=0x9)
00:00:06.287754 AC97: Record select to left=mic, right=mic
00:00:06.287758 Audio Mixer: MUTING master volume of 'AC'97 Mixer' -- channel volumes: ff ff ff ff ff ff ff ff ff ff ff ff
00:00:06.287767 Audio Mixer: MUTING sink 'AC'97 Mixer/Line In' -- channel volumes: 00 00 00 00 00 00 00 00 00 00 00 00
00:00:06.287772 Audio Mixer: MUTING sink 'AC'97 Mixer/Microphone In' -- channel volumes: 00 00 00 00 00 00 00 00 00 00 00 00
00:00:06.287775 Audio Mixer: MUTING sink 'AC'97 Mixer/PCM Output' -- channel volumes: 00 00 00 00 00 00 00 00 00 00 00 00
00:00:06.287779 Audio Mixer: MUTING sink 'AC'97 Mixer/PCM Output' -- channel volumes: 00 00 00 00 00 00 00 00 00 00 00 00
00:00:06.287782 Audio Mixer: MUTING sink 'AC'97 Mixer/Line In' -- channel volumes: 00 00 00 00 00 00 00 00 00 00 00 00
00:00:06.287784 Audio Mixer: MUTING sink 'AC'97 Mixer/Line In' -- channel volumes: 00 00 00 00 00 00 00 00 00 00 00 00
00:00:06.287786 Audio Mixer: MUTING sink 'AC'97 Mixer/Microphone In' -- channel volumes: 00 00 00 00 00 00 00 00 00 00 00 00
00:00:06.288538 VUSB: Attached 'HidMouse' to port 1 on RootHub#1 (FullSpeed)
00:00:06.288551 PGM: The CPU physical address width is 39 bits
00:00:06.288554 PGM: PGMR3InitFinalize: 4 MB PSE mask 0000007fffffffff -> VINF_SUCCESS
00:00:06.288560 TM: TMR3InitFinalize: fTSCModeSwitchAllowed=false
00:00:06.288781 CPUM: Mapped 1.0MiB (1048576 bytes) of RAM using fixed-range MTRRs
00:00:06.288786 CPUM: Mapped 512.0MiB (536870912 bytes) of RAM using 1 variable-range MTRRs
00:00:06.288845 CPUM: Host IA32_ARCH_CAPABILITIES  = 0x1480e16f
00:00:06.288847 CPUM: Guest IA32_ARCH_CAPABILITIES = 0x1400e16d
00:00:06.288916 VMM: Thread-context hooks unavailable
00:00:06.288918 VMM: RTThreadPreemptIsPending() can be trusted
00:00:06.288920 VMM: Kernel preemption is possible
00:00:06.288928 EM: Exit history optimizations: enabled=true enabled-r0=true enabled-r0-no-preemption=false
00:00:06.288941 PcBios: SATA LUN#0 LCHS=1024/255/63
00:00:06.288948 APIC: fPostedIntrsEnabled=false fVirtApicRegsEnabled=false fSupportsTscDeadline=false
00:00:06.288951 TMR3UtcNow: nsNow=1 780 617 902 444 533 800 nsPrev=0 -> cNsDelta=1 780 617 902 444 533 800 (offLag=0 offVirtualSync=0 offVirtualSyncGivenUp=0, NowAgain=1 780 617 902 444 533 800)
00:00:06.288956 VMM: fUsePeriodicPreemptionTimers=true
00:00:06.288962 CPUM: Logical host processors: 12 present, 12 max, 12 online, online mask: 0000000000000fff
00:00:06.288963 CPUM: Physical host cores: 8
00:00:06.288963 ************************ CPUID dump *************************
00:00:06.290459          Raw Standard CPUID Leaves
00:00:06.290460      Leaf/sub-leaf  eax      ebx      ecx      edx
00:00:06.290463 Gst: 00000000/0000  00000016 756e6547 6c65746e 49656e69
00:00:06.290463 Hst:                00000020 756e6547 6c65746e 49656e69
00:00:06.290464 Gst: 00000001/0000  000b06a2 00010800 c2da2203 178bfbff
00:00:06.290464 Hst:                000b06a2 10400800 fffaf38b bfcbfbff
00:00:06.290465 Gst: 00000002/0000  00feff01 000000f0 00000000 00000000
00:00:06.290465 Hst:                00feff01 000000f0 00000000 00000000
00:00:06.290465 Gst: 00000003/0000  00000000 00000000 00000000 00000000
00:00:06.290466 Hst:                00000000 00000000 00000000 00000000
00:00:06.290466 Gst: 00000004/0000  00000121 02c0003f 0000003f 00000000
00:00:06.290466 Hst:                7c004121 02c0003f 0000003f 00000000
00:00:06.290467 Gst: 00000004/0001  00000122 01c0003f 0000003f 00000000
00:00:06.290467 Hst:                7c004122 01c0003f 0000003f 00000000
00:00:06.290467 Gst: 00000004/0002  00000143 0240003f 000007ff 00000000
00:00:06.290468 Hst:                7c01c143 0240003f 000007ff 00000000
00:00:06.290468 Gst: 00000004/0003  00000163 01c0003f 00005fff 00000004
00:00:06.290468 Hst:                7c0fc163 01c0003f 00005fff 00000004
00:00:06.290468 Gst: 00000004/0004  00000000 00000000 00000000 00000000
00:00:06.290469 Hst:                00000000 00000000 00000000 00000000
00:00:06.290469 Gst: 00000005/0000  00000000 00000000 00000000 00000000
00:00:06.290469 Hst:                00000040 00000040 00000003 00002020
00:00:06.290470 Gst: 00000006/0000  00000004 00000000 00000000 00000000
00:00:06.290470 Hst:                009f8ff3 00000002 00000409 00020003
00:00:06.290470 Gst: 00000007/0000  00000002 208c2509 00000000 30000400
00:00:06.290471 Hst:                00000002 239c27a9 184007a4 bc18c410
00:00:06.290471 Gst: 00000007/0001  00000000 00000000 00000000 00000000
00:00:06.290471 Hst:                00400810 00000000 00000000 00000000
00:00:06.290471 Gst: 00000007/0002  00000000 00000000 00000000 00000000
00:00:06.290472 Hst:                00000000 00000000 00000000 00000011
00:00:06.290472 Gst: 00000007/0003  00000000 00000000 00000000 00000000
00:00:06.290472 Hst:                00000000 00000000 00000000 00000000
00:00:06.290473 Gst: 00000008/0000  00000000 00000000 00000000 00000000
00:00:06.290473 Hst:                00000000 00000000 00000000 00000000
00:00:06.290473 Gst: 00000009/0000  00000000 00000000 00000000 00000000
00:00:06.290473 Hst:                00000000 00000000 00000000 00000000
00:00:06.290474 Gst: 0000000a/0000  00000000 00000000 00000000 00000000
00:00:06.290474 Hst:                07300605 00000000 00000007 00008603
00:00:06.290474 Gst: 0000000b/0000  00000000 00000001 00000100 00000000
00:00:06.290475 Hst:                00000001 00000002 00000100 00000010
00:00:06.290475 Gst: 0000000b/0001  00000001 00000001 00000201 00000000
00:00:06.290475 Hst:                00000006 0000000c 00000201 00000010
00:00:06.290475 Gst: 0000000b/0002  00000000 00000000 00000002 00000000
00:00:06.290476 Hst:                00000000 00000000 00000002 00000010
00:00:06.290476 Gst: 0000000c/0000  00000000 00000000 00000000 00000000
00:00:06.290476 Hst:                00000000 00000000 00000000 00000000
00:00:06.290477 Gst: 0000000d/0000  00000000 00000000 00000000 00000000
00:00:06.290477 Hst:                00000007 00000340 00000340 00000000
00:00:06.290477 Gst: 0000000d/0001  00000000 00000000 00000000 00000000
00:00:06.290477 Hst:                0000000f 00000350 00001800 00000000
00:00:06.290478 Gst: 0000000d/0002  00000000 00000000 00000000 00000000
00:00:06.290478 Hst:                00000100 00000240 00000000 00000000
00:00:06.290478 Gst: 0000000d/0003  00000000 00000000 00000000 00000000
00:00:06.290479 Hst:                00000000 00000000 00000000 00000000
00:00:06.290479 Gst: 0000000d/0004  00000000 00000000 00000000 00000000
00:00:06.290479 Hst:                00000000 00000000 00000000 00000000
00:00:06.290479 Gst: 0000000d/0005  00000000 00000000 00000000 00000000
00:00:06.290480 Hst:                00000000 00000000 00000000 00000000
00:00:06.290480 Gst: 0000000d/0006  00000000 00000000 00000000 00000000
00:00:06.290480 Hst:                00000000 00000000 00000000 00000000
00:00:06.290481 Gst: 0000000d/0007  00000000 00000000 00000000 00000000
00:00:06.290481 Hst:                00000000 00000000 00000000 00000000
00:00:06.290481 Gst: 0000000d/0008  00000000 00000000 00000000 00000000
00:00:06.290481 Hst:                00000000 00000000 00000000 00000000
00:00:06.290482 Gst: 0000000d/0009  00000000 00000000 00000000 00000000
00:00:06.290482 Hst:                00000000 00000000 00000000 00000000
00:00:06.290482 Gst: 0000000d/000a  00000000 00000000 00000000 00000000
00:00:06.290483 Hst:                00000000 00000000 00000000 00000000
00:00:06.290483 Gst: 0000000d/000b  00000000 00000000 00000000 00000000
00:00:06.290483 Hst:                00000010 00000000 00000001 00000000
00:00:06.290483 Gst: 0000000d/000c  00000000 00000000 00000000 00000000
00:00:06.290484 Hst:                00000018 00000000 00000001 00000000
00:00:06.290484 Gst: 0000000d/000d  00000000 00000000 00000000 00000000
00:00:06.290484 Hst:                00000000 00000000 00000000 00000000
00:00:06.290484 Gst: 0000000e/0000  00000000 00000000 00000000 00000000
00:00:06.290485 Hst:                00000000 00000000 00000000 00000000
00:00:06.290485 Gst: 0000000f/0000  00000000 00000000 00000000 00000000
00:00:06.290485 Hst:                00000000 00000000 00000000 00000000
00:00:06.290485 Gst: 00000010/0000  00000000 00000000 00000000 00000000
00:00:06.290486 Hst:                00000000 00000000 00000000 00000000
00:00:06.290486 Gst: 00000011/0000  00000000 00000000 00000000 00000000
00:00:06.290486 Hst:                00000000 00000000 00000000 00000000
00:00:06.290487 Gst: 00000012/0000  00000000 00000000 00000000 00000000
00:00:06.290487 Hst:                00000000 00000000 00000000 00000000
00:00:06.290487 Gst: 00000013/0000  00000000 00000000 00000000 00000000
00:00:06.290487 Hst:                00000000 00000000 00000000 00000000
00:00:06.290488 Gst: 00000014/0000  00000000 00000000 00000000 00000000
00:00:06.290488 Hst:                00000001 0000005f 00000007 00000000
00:00:06.290488 Hst: 00000015/0000  00000002 00000088 0249f000 00000000
00:00:06.290489 Hst: 00000016/0000  00000000 00000000 00000000 00000000
00:00:06.290489 Hst: 00000017/0000  00000000 00000000 00000000 00000000
00:00:06.290489 Hst: 00000018/0000  00000000 00000000 00000000 00000000
00:00:06.290489 Hst: 00000019/0000  00000000 00000000 00000000 00000000
00:00:06.290490 Hst: 0000001a/0000  40000001 00000000 00000000 00000000
00:00:06.290490 Hst: 0000001b/0000  00000000 00000000 00000000 00000000
00:00:06.290490 Hst: 0000001c/0000  4000000b 00000007 00000007 00000000
00:00:06.290491 Hst: 0000001d/0000  00000000 00000000 00000000 00000000
00:00:06.290491 Hst: 0000001e/0000  00000000 00000000 00000000 00000000
00:00:06.290491 Hst: 0000001f/0000  00000001 00000002 00000100 00000010
00:00:06.290492 Hst: 00000020/0000  00000000 00000001 00000000 00000000
00:00:06.290492                                Name: GenuineIntel
00:00:06.290493                            Supports: 0x00000000-0x00000016
00:00:06.290493                              Family:  6 	Extended: 0 	Effective: 6
00:00:06.290494                               Model: 10 	Extended: 11 	Effective: 186
00:00:06.290495                            Stepping: 2
00:00:06.290495                                Type: 0 (primary)
00:00:06.290495                             APIC ID: 0x00
00:00:06.290496                        Logical CPUs: 1
00:00:06.290496                        CLFLUSH Size: 8
00:00:06.290496                            Brand ID: 0x00
00:00:06.290497 Features
00:00:06.290497   Mnemonic - Description                                  = Guest (Host)
00:00:06.290501   FPU - x87 FPU on Chip                                   = 1 (1)
00:00:06.290502   VME - Virtual 8086 Mode Enhancements                    = 1 (1)
00:00:06.290503   DE - Debugging extensions                               = 1 (1)
00:00:06.290503   PSE - Page Size Extension                               = 1 (1)
00:00:06.290503   TSC - Time Stamp Counter                                = 1 (1)
00:00:06.290504   MSR - Model Specific Registers                          = 1 (1)
00:00:06.290504   PAE - Physical Address Extension                        = 1 (1)
00:00:06.290505   MCE - Machine Check Exception                           = 1 (1)
00:00:06.290505   CX8 - CMPXCHG8B instruction                             = 1 (1)
00:00:06.290506   APIC - APIC On-Chip                                     = 1 (1)
00:00:06.290506   SEP - SYSENTER and SYSEXIT Present                      = 1 (1)
00:00:06.290507   MTRR - Memory Type Range Registers                      = 1 (1)
00:00:06.290507   PGE - PTE Global Bit                                    = 1 (1)
00:00:06.290508   MCA - Machine Check Architecture                        = 1 (1)
00:00:06.290508   CMOV - Conditional Move instructions                    = 1 (1)
00:00:06.290508   PAT - Page Attribute Table                              = 1 (1)
00:00:06.290509   PSE-36 - 36-bit Page Size Extension                     = 1 (1)
00:00:06.290509   PSN - Processor Serial Number                           = 0 (0)
00:00:06.290510   CLFSH - CLFLUSH instruction                             = 1 (1)
00:00:06.290510   DS - Debug Store                                        = 0 (0)
00:00:06.290511   ACPI - Thermal Mon. & Soft. Clock Ctrl.                 = 0 (1)
00:00:06.290511   MMX - Intel MMX Technology                              = 1 (1)
00:00:06.290511   FXSR - FXSAVE and FXRSTOR instructions                  = 1 (1)
00:00:06.290512   SSE - SSE support                                       = 1 (1)
00:00:06.290512   SSE2 - SSE2 support                                     = 1 (1)
00:00:06.290513   SS - Self Snoop                                         = 0 (1)
00:00:06.290513   HTT - Hyper-Threading Technology                        = 1 (1)
00:00:06.290514   TM - Therm. Monitor                                     = 0 (1)
00:00:06.290514   PBE - Pending Break Enabled                             = 0 (1)
00:00:06.290515   SSE3 - SSE3 support                                     = 1 (1)
00:00:06.290515   PCLMUL - PCLMULQDQ support (for AES-GCM)                = 1 (1)
00:00:06.290515   DTES64 - DS Area 64-bit Layout                          = 0 (0)
00:00:06.290516   MONITOR - MONITOR/MWAIT instructions                    = 0 (1)
00:00:06.290516   CPL-DS - CPL Qualified Debug Store                      = 0 (0)
00:00:06.290517   VMX - Virtual Machine Extensions                        = 0 (0)
00:00:06.290517   SMX - Safer Mode Extensions                             = 0 (0)
00:00:06.290518   EST - Enhanced SpeedStep Technology                     = 0 (1)
00:00:06.290518   TM2 - Terminal Monitor 2                                = 0 (1)
00:00:06.290518   SSSE3 - Supplemental Streaming SIMD Extensions 3        = 1 (1)
00:00:06.290519   CNTX-ID - L1 Context ID                                 = 0 (0)
00:00:06.290519   SDBG - Silicon Debug interface                          = 0 (0)
00:00:06.290520   FMA - Fused Multiply Add extensions                     = 0 (1)
00:00:06.290520   CX16 - CMPXCHG16B instruction                           = 1 (1)
00:00:06.290521   TPRUPDATE - xTPR Update Control                         = 0 (1)
00:00:06.290521   PDCM - Perf/Debug Capability MSR                        = 0 (1)
00:00:06.290521   PCID - Process Context Identifiers                      = 1 (1)
00:00:06.290522   DCA - Direct Cache Access                               = 0 (0)
00:00:06.290522   SSE4_1 - SSE4_1 support                                 = 1 (1)
00:00:06.290523   SSE4_2 - SSE4_2 support                                 = 1 (1)
00:00:06.290523   X2APIC - x2APIC support                                 = 0 (1)
00:00:06.290524   MOVBE - MOVBE instruction                               = 1 (1)
00:00:06.290524   POPCNT - POPCNT instruction                             = 1 (1)
00:00:06.290524   TSCDEADL - Time Stamp Counter Deadline                  = 0 (1)
00:00:06.290525   AES - AES instructions                                  = 1 (1)
00:00:06.290525   XSAVE - XSAVE instruction                               = 0 (1)
00:00:06.290526   OSXSAVE - OSXSAVE instruction                           = 0 (1)
00:00:06.290526   AVX - AVX support                                       = 0 (1)
00:00:06.290527   F16C - 16-bit floating point conversion instructions    = 0 (1)
00:00:06.290527   RDRAND - RDRAND instruction                             = 1 (1)
00:00:06.290527   HVP - Hypervisor Present (we're a guest)                = 1 (1)
00:00:06.290528 Structured Extended Feature Flags Enumeration (leaf 7):
00:00:06.290528 Sub-leaf 0
00:00:06.290528   Mnemonic - Description                                  = Guest (Host)
00:00:06.290531   FSGSBASE - RDFSBASE/RDGSBASE/WRFSBASE/WRGSBASE instr.   = 1 (1)
00:00:06.290531   TSCADJUST - Supports MSR_IA32_TSC_ADJUST                = 0 (0)
00:00:06.290532   SGX - Supports Software Guard Extensions                = 0 (0)
00:00:06.290532   BMI1 - Advanced Bit Manipulation extension 1            = 1 (1)
00:00:06.290533   HLE - Hardware Lock Elision                             = 0 (0)
00:00:06.290533   AVX2 - Advanced Vector Extensions 2                     = 0 (1)
00:00:06.290533   FDP_EXCPTN_ONLY - FPU DP only updated on exceptions     = 0 (0)
00:00:06.290534   SMEP - Supervisor Mode Execution Prevention             = 0 (1)
00:00:06.290534   BMI2 - Advanced Bit Manipulation extension 2            = 1 (1)
00:00:06.290534   ERMS - Enhanced REP MOVSB/STOSB instructions            = 0 (1)
00:00:06.290535   INVPCID - INVPCID instruction                           = 1 (1)
00:00:06.290535   RTM - Restricted Transactional Memory                   = 0 (0)
00:00:06.290536   PQM - Platform Quality of Service Monitoring            = 0 (0)
00:00:06.290536   DEPFPU_CS_DS - Deprecates FPU CS, FPU DS values if set  = 1 (1)
00:00:06.290536   MPE - Intel Memory Protection Extensions                = 0 (0)
00:00:06.290537   PQE - Platform Quality of Service Enforcement           = 0 (0)
00:00:06.290537   AVX512F - AVX512 Foundation instructions                = 0 (0)
00:00:06.290537   AVX512DQ - Supports the AVX512DQ instructions           = 0 (0)
00:00:06.290538   RDSEED - RDSEED instruction                             = 1 (1)
00:00:06.290538   ADX - ADCX/ADOX instructions                            = 1 (1)
00:00:06.290539   SMAP - Supervisor Mode Access Prevention                = 0 (1)
00:00:06.290539   AVX512_IFMA - Supports the AVX512_IFMA instructions     = 0 (0)
00:00:06.290539   CLFLUSHOPT - CLFLUSHOPT (Cache Line Flush) instruction  = 1 (1)
00:00:06.290540   CLWB - CLWB instruction                                 = 0 (1)
00:00:06.290540   INTEL_PT - Intel Processor Trace                        = 0 (1)
00:00:06.290541   AVX512PF - AVX512 Prefetch instructions                 = 0 (0)
00:00:06.290541   AVX512ER - AVX512 Exponential & Reciprocal instructions = 0 (0)
00:00:06.290541   AVX512CD - AVX512 Conflict Detection instructions       = 0 (0)
00:00:06.290542   SHA - Secure Hash Algorithm extensions                  = 1 (1)
00:00:06.290542   AVX512BW - Supports the AVX512BW instructions           = 0 (0)
00:00:06.290542   AVX512VL - Supports the AVX512VL instructions           = 0 (0)
00:00:06.290543   PREFETCHWT1 - PREFETCHWT1 instruction                   = 0 (0)
00:00:06.290543   AVX512_VBMI - Supports the AVX512_VBMI instructions     = 0 (0)
00:00:06.290543   UMIP - User mode insturction prevention                 = 0 (1)
00:00:06.290544   PKU - Protection Key for Usermode pages                 = 0 (0)
00:00:06.290544   OSPKE - CR4.PKU mirror                                  = 0 (0)
00:00:06.290545   WAITPKG - TPAUSE, UMONITOR & UMWAIT support             = 0 (1)
00:00:06.290545   AVX512_VBMI2 - Supports the AVX512_VBMI2 instructions   = 0 (0)
00:00:06.290545   CET_SS - CET shadow stack support                       = 0 (1)
00:00:06.290546   GFNI - Supports the GFNI instruction set                = 0 (1)
00:00:06.290546   VAES - Supports the VEX encoded AES instruction set     = 0 (1)
00:00:06.290546   VPCLMULQDQ - Supports the VPCLMULQDQ instruction        = 0 (1)
00:00:06.290547   AVX512_VNNI - Supports the AVX512_VNNI instructions     = 0 (0)
00:00:06.290547   AVX512_BITALG - Supports the AVX512_BITALG instructions = 0 (0)
00:00:06.290547   TME_EN - Supports 4 IA32_TME_ MSRs                      = 0 (0)
00:00:06.290548   AVX512_VPOPCNTDQ - Supports the AVX512_VPOPCNTDQ instructions = 0 (0)
00:00:06.290548   LA57 - 57-bit linear addresses                          = 0 (0)
00:00:06.290549   MAWAU - Value used by BNDLDX & BNDSTX                   = 0x0 (0x0)
00:00:06.290549   RDPID - Read processor ID support                       = 0 (1)
00:00:06.290550   KEY_LOCKER - Supports Key Locker                        = 0 (0)
00:00:06.290550   BUS_LOCK_DETECT - Supports OS bus-lock detection        = 0 (0)
00:00:06.290550   CLDEMOTE - Supports cache line demote                   = 0 (0)
00:00:06.290551   MOVDIRI - Supports the MOVDIRI instruction              = 0 (1)
00:00:06.290551   MOVDIRI64B - Supports the MOVDIRI64B instruction        = 0 (1)
00:00:06.290551   ENQCMD - Supports the Eqnqueue Stores                   = 0 (0)
00:00:06.290552   SGX_LC - Supports SGX Launch Configuration              = 0 (0)
00:00:06.290555   PKS - Supports protection keys for supervisor pages     = 0 (0)
00:00:06.290556   SGX_KEYS - Supports Attestation Service for Intel SGX   = 0 (0)
00:00:06.290556   AVX512_4VNNIW - Supports the AVX512_4VNNIW instructions = 0 (0)
00:00:06.290556   AVX512_4FMAPS - Supports the AVX512_4FMAPS instructions = 0 (0)
00:00:06.290557   FAST_SHORT_REP_MOVSB - Supports fast short REP MOVSB    = 0 (1)
00:00:06.290557   UINTR - Supports user interrupts                        = 0 (0)
00:00:06.290557   AVX512_VP2INTERSECT - Supports the AVX512_VP2INTERSECT instr. = 0 (0)
00:00:06.290558   MCU_OPT_CTRL - Supports IA32_MCU_OPT_CTRL               = 0 (0)
00:00:06.290558   MD_CLEAR - Supports MDS related buffer clearing         = 1 (1)
00:00:06.290558   RTM_ALWAYS_ABORT - XBEGIN always aborts and does fallback = 0 (0)
00:00:06.290559   RTM_FORCE_ABORT - Supports IA32_TSX_FORCE_ABORT         = 0 (0)
00:00:06.290559   SERIALIZE - Supports the SERIALIZE instruction          = 0 (1)
00:00:06.290560   HYBRID - Identifiers the CPU as a hybrid part           = 0 (1)
00:00:06.290560   TSXLDTRK - Supports susp/resume of TSX ld addr tracking = 0 (0)
00:00:06.290560   PCONFIG - Supports the PCONFIG instruction              = 0 (0)
00:00:06.290561   ARCH_LBRS - Supports architectural LBRs                 = 0 (1)
00:00:06.290561   CET_IBT - Supports indirect branch tracking w/ CET      = 0 (1)
00:00:06.290561   AMX_BF16 - Supports tile comp. ops on bfloat16 number   = 0 (0)
00:00:06.290562   AVX512_FP16 - Supports the FP16 data type with AVX512   = 0 (0)
00:00:06.290562   AMX_TILE - Supports the tile architecture               = 0 (0)
00:00:06.290562   AMX_INT8 - Supports tile comp. ops on 8-bit integers    = 0 (0)
00:00:06.290563   IBRS_IBPB - IA32_SPEC_CTRL.IBRS and IA32_PRED_CMD.IBPB  = 0 (1)
00:00:06.290563   STIBP - Supports IA32_SPEC_CTRL.STIBP                   = 0 (1)
00:00:06.290563   FLUSH_CMD - Supports IA32_FLUSH_CMD                     = 1 (1)
00:00:06.290564   ARCHCAP - Supports IA32_ARCH_CAP                        = 1 (1)
00:00:06.290564   CORECAP - Supports IA32_CORE_CAP                        = 0 (0)
00:00:06.290565   SSBD - Supports IA32_SPEC_CTRL.SSBD                     = 0 (1)
00:00:06.290565  Sub-leaf 2
00:00:06.290565   Mnemonic - Description                                  = Guest (Host)
00:00:06.290566   PSFD - Supports IA32_SPEC_CTRL[7] (PSFD)                = 0 (1)
00:00:06.290566   IPRED_CTRL - Supports IA32_SPEC_CTRL[4:3] (IPRED_DIS)   = 0 (0)
00:00:06.290566   RRSBA_CTRL - Supports IA32_SPEC_CTRL[6:5] (RRSBA_DIS)   = 0 (0)
00:00:06.290567   DDPD_U - Supports IA32_SPEC_CTRL[8] (DDPD_U)            = 0 (0)
00:00:06.290567   BHI_CTRL - Supports IA32_SPEC_CTRL[10] (BHI_DIS_S)      = 0 (1)
00:00:06.290567   MCDT_NO - No MXCSR Config Dependent Timing issues       = 0 (0)
00:00:06.290568   UC_LOCK_DIS - Supports UC-lock disable and causing #AC  = 0 (0)
00:00:06.290568   MONITOR_MITG_NO - No MONITOR/UMONITOR power issues      = 0 (0)
00:00:06.290568 Processor Extended State Enumeration (leaf 0xd):
00:00:06.290569    XSAVE area cur/max size by XCR0, Guest: 0x0/0x0
00:00:06.290569    XSAVE area cur/max size by XCR0,  Host: 0x340/0x340
00:00:06.290570                    Valid XCR0 bits, Guest: 0x00000000`00000000
00:00:06.290570                    Valid XCR0 bits,  Host: 0x00000000`00000007 ( x87 SSE YMM_Hi128 )
00:00:06.290571                     XSAVE features, Guest
00:00:06.290572                     XSAVE features,  Host XSAVEOPT XSAVEC XGETBC1 XSAVES
00:00:06.290572       XSAVE area cur size XCR0|XSS, Guest: 0x0
00:00:06.290573       XSAVE area cur size XCR0|XSS,  Host: 0x350
00:00:06.290573                Valid IA32_XSS bits, Guest: 0x00000000`00000000
00:00:06.290573                Valid IA32_XSS bits,  Host: 0x00001800`00000000 ( 43 44 )
00:00:06.290574   State #2,  Host:  off=0x0240, cb=0x0100 IA32_XSS-bit -- YMM_Hi128
00:00:06.290575   State #11,  Host:  off=0x0000, cb=0x0010 XCR0-bit -- 11
00:00:06.290576   State #12,  Host:  off=0x0000, cb=0x0018 XCR0-bit -- 12
00:00:06.290579          Raw Hypervisor CPUID Leaves
00:00:06.290580      Leaf/sub-leaf  eax      ebx      ecx      edx
00:00:06.290580 Gst: 40000000/0000  40000001 4b4d564b 564b4d56 0000004d
00:00:06.290580 Hst:                4000000c 7263694d 666f736f 76482074
00:00:06.290581 Gst: 40000001/0000  01000089 00000000 00000000 00000000
00:00:06.290581 Hst:                31237648 00000000 00000000 00000000
00:00:06.290581 Hst: 40000002/0000  000065f4 000a0000 00000008 00002149
00:00:06.290582 Hst: 40000003/0000  00003fff 002bb9ff 00000262 75fefbf6
00:00:06.290582 Hst: 40000004/0000  00960e14 00000000 0000002e 00000000
00:00:06.290582 Hst: 40000005/0000  00000800 00000800 000008b8 00000000
00:00:06.290583 Hst: 40000006/0000  098200af 00000027 00000000 00000000
00:00:06.290583 Hst: 40000007/0000  80000007 0000000b 00000000 00000000
00:00:06.290583 Hst: 40000008/0000  00000000 00000000 00000000 00000000
00:00:06.290584 Hst: 40000009/0000  00000000 00000000 00000000 00000000
00:00:06.290584 Hst: 4000000a/0000  00000000 00000000 00000000 00000000
00:00:06.290584 Hst: 4000000b/0000  00000000 00000000 00000000 00000000
00:00:06.290585 Hst: 4000000c/0000  00000000 00000000 00000000 00000000
00:00:06.290585          Raw Extended CPUID Leaves
00:00:06.290585      Leaf/sub-leaf  eax      ebx      ecx      edx
00:00:06.290585 Gst: 80000000/0000  80000008 00000000 00000000 00000000
00:00:06.290586 Hst:                80000008 00000000 00000000 00000000
00:00:06.290586 Gst: 80000001/0000  00000000 00000000 00000121 28100800
00:00:06.290586 Hst:                00000000 00000000 00000121 2c100800
00:00:06.290587 Gst: 80000002/0000  68743331 6e654720 746e4920 52286c65
00:00:06.290587 Hst:                68743331 6e654720 746e4920 52286c65
00:00:06.290587 Gst: 80000003/0000  6f432029 54286572 6920294d 33312d35
00:00:06.290588 Hst:                6f432029 54286572 6920294d 33312d35
00:00:06.290588 Gst: 80000004/0000  48303234 00000000 00000000 00000000
00:00:06.290588 Hst:                48303234 00000000 00000000 00000000
00:00:06.290588 Gst: 80000005/0000  00000000 00000000 00000000 00000000
00:00:06.290589 Hst:                00000000 00000000 00000000 00000000
00:00:06.290589 Gst: 80000006/0000  00000000 00000000 05007040 00000000
00:00:06.290589 Hst:                00000000 00000000 05007040 00000000
00:00:06.290590 Gst: 80000007/0000  00000000 00000000 00000000 00000100
00:00:06.290590 Hst:                00000000 00000000 00000000 00000100
00:00:06.290590 Gst: 80000008/0000  00003027 00000000 00000000 00000000
00:00:06.290590 Hst:                00003027 00000000 00000000 00000000
00:00:06.290591 Ext Name:                        
00:00:06.290591 Ext Supports:                    0x80000000-0x80000008
00:00:06.290591 Family:                          0  	Extended: 0 	Effective: 0
00:00:06.290592 Model:                           0  	Extended: 0 	Effective: 0
00:00:06.290592 Stepping:                        0
00:00:06.290592 Brand ID:                        0x000
00:00:06.290592 Ext Features
00:00:06.290593   Mnemonic - Description                                  = Guest (Host)
00:00:06.290593   FPU - x87 FPU on Chip                                   = 0 (0)
00:00:06.290594   VME - Virtual 8086 Mode Enhancements                    = 0 (0)
00:00:06.290594   DE - Debugging extensions                               = 0 (0)
00:00:06.290595   PSE - Page Size Extension                               = 0 (0)
00:00:06.290595   TSC - Time Stamp Counter                                = 0 (0)
00:00:06.290597   MSR - K86 Model Specific Registers                      = 0 (0)
00:00:06.290598   PAE - Physical Address Extension                        = 0 (0)
00:00:06.290598   MCE - Machine Check Exception                           = 0 (0)
00:00:06.290599   CX8 - CMPXCHG8B instruction                             = 0 (0)
00:00:06.290599   APIC - APIC On-Chip                                     = 0 (0)
00:00:06.290600   SEP - SYSCALL/SYSRET                                    = 1 (1)
00:00:06.290600   MTRR - Memory Type Range Registers                      = 0 (0)
00:00:06.290601   PGE - PTE Global Bit                                    = 0 (0)
00:00:06.290601   MCA - Machine Check Architecture                        = 0 (0)
00:00:06.290601   CMOV - Conditional Move instructions                    = 0 (0)
00:00:06.290602   PAT - Page Attribute Table                              = 0 (0)
00:00:06.290602   PSE-36 - 36-bit Page Size Extension                     = 0 (0)
00:00:06.290603   NX - No-Execute/Execute-Disable                         = 1 (1)
00:00:06.290603   AXMMX - AMD Extensions to MMX instructions              = 0 (0)
00:00:06.290603   MMX - Intel MMX Technology                              = 0 (0)
00:00:06.290604   FXSR - FXSAVE and FXRSTOR Instructions                  = 0 (0)
00:00:06.290604   FFXSR - AMD fast FXSAVE and FXRSTOR instructions        = 0 (0)
00:00:06.290605   Page1GB - 1 GB large page                               = 0 (1)
00:00:06.290605   RDTSCP - RDTSCP instruction                             = 1 (1)
00:00:06.290606   LM - AMD64 Long Mode                                    = 1 (1)
00:00:06.290606   3DNOWEXT - AMD Extensions to 3DNow                      = 0 (0)
00:00:06.290606   3DNOW - AMD 3DNow                                       = 0 (0)
00:00:06.290607   LahfSahf - LAHF/SAHF support in 64-bit mode             = 1 (1)
00:00:06.290607   CmpLegacy - Core multi-processing legacy mode           = 0 (0)
00:00:06.290608   SVM - AMD Secure Virtual Machine extensions             = 0 (0)
00:00:06.290608   EXTAPIC - AMD Extended APIC registers                   = 0 (0)
00:00:06.290608   CR8L - AMD LOCK MOV CR0 means MOV CR8                   = 0 (0)
00:00:06.290609   ABM - AMD Advanced Bit Manipulation                     = 1 (1)
00:00:06.290609   SSE4A - SSE4A instructions                              = 0 (0)
00:00:06.290610   MISALIGNSSE - AMD Misaligned SSE mode                   = 0 (0)
00:00:06.290610   3DNOWPRF - AMD PREFETCH and PREFETCHW instructions      = 1 (1)
00:00:06.290610   OSVW - AMD OS Visible Workaround                        = 0 (0)
00:00:06.290611   IBS - Instruct Based Sampling                           = 0 (0)
00:00:06.290611   XOP - Extended Operation support                        = 0 (0)
00:00:06.290612   SKINIT - SKINIT, STGI, and DEV support                  = 0 (0)
00:00:06.290612   WDT - AMD Watchdog Timer support                        = 0 (0)
00:00:06.290612   LWP - Lightweight Profiling support                     = 0 (0)
00:00:06.290613   FMA4 - Four operand FMA instruction support             = 0 (0)
00:00:06.290615   TCE - Translation Cache Extension support               = 0 (0)
00:00:06.290616   NodeId - NodeId in MSR C001_100C                        = 0 (0)
00:00:06.290616   TBM - Trailing Bit Manipulation instructions            = 0 (0)
00:00:06.290617   TOPOEXT - Topology Extensions                           = 0 (0)
00:00:06.290617   PRFEXTCORE - Performance Counter Extensions support     = 0 (0)
00:00:06.290617   PRFEXTNB - NB Performance Counter Extensions support    = 0 (0)
00:00:06.290618   DATABPEXT - Data-access Breakpoint Extension            = 0 (0)
00:00:06.290618   PERFTSC - Performance Time Stamp Counter                = 0 (0)
00:00:06.290618   PCX_L2I - L2I/L3 Performance Counter Extensions         = 0 (0)
00:00:06.290619   MONITORX - MWAITX and MONITORX instructions             = 0 (0)
00:00:06.290619   AddrMaskExt - BP Addressing masking extended to bit 31  = 0 (0)
00:00:06.290622 Full Name:                       "13th Gen Intel(R) Core(TM) i5-13420H"
00:00:06.290623 TLB 2/4M Instr/Uni:              res0     0 entries
00:00:06.290623 TLB 2/4M Data:                   res0     0 entries
00:00:06.290623 TLB 4K Instr/Uni:                res0     0 entries
00:00:06.290623 TLB 4K Data:                     res0     0 entries
00:00:06.290624 L1 Instr Cache Line Size:        0 bytes
00:00:06.290624 L1 Instr Cache Lines Per Tag:    0
00:00:06.290624 L1 Instr Cache Associativity:    res0  
00:00:06.290624 L1 Instr Cache Size:             0 KB
00:00:06.290624 L1 Data Cache Line Size:         0 bytes
00:00:06.290624 L1 Data Cache Lines Per Tag:     0
00:00:06.290625 L1 Data Cache Associativity:     res0  
00:00:06.290625 L1 Data Cache Size:              0 KB
00:00:06.290625 L2 TLB 2/4M Instr/Uni:           off       0 entries
00:00:06.290625 L2 TLB 2/4M Data:                off       0 entries
00:00:06.290625 L2 TLB 4K Instr/Uni:             off       0 entries
00:00:06.290625 L2 TLB 4K Data:                  off       0 entries
00:00:06.290626 L2 Cache Line Size:              64 bytes
00:00:06.290626 L2 Cache Lines Per Tag:          0
00:00:06.290626 L2 Cache Associativity:          res7  
00:00:06.290626 L2 Cache Size:                   1280 KB
00:00:06.290626 L3 Cache Line Size:              0 bytes
00:00:06.290627 L3 Cache Lines Per Tag:          0
00:00:06.290627 L3 Cache Associativity:          off   
00:00:06.290627 L3 Cache Size:                   0 KB
00:00:06.290627 APM Features EDX
00:00:06.290627   Mnemonic - Description                                  = Guest (Host)
00:00:06.290630   TS - Temperature Sensor                                 = 0 (0)
00:00:06.290631   FID - Frequency ID control                              = 0 (0)
00:00:06.290631   VID - Voltage ID control                                = 0 (0)
00:00:06.290631   TTP - Thermal Trip                                      = 0 (0)
00:00:06.290632   TM - Hardware Thermal Control (HTC)                     = 0 (0)
00:00:06.290632   100MHzSteps - 100 MHz Multiplier control                = 0 (0)
00:00:06.290633   HwPstate - Hardware P-state control                     = 0 (0)
00:00:06.290633   TscInvariant - Invariant Time Stamp Counter             = 1 (1)
00:00:06.290633   CPB - Core Performance Boost                            = 0 (0)
00:00:06.290634   EffFreqRO - Read-only Effective Frequency Interface     = 0 (0)
00:00:06.290634   ProcFdbkIf - Processor Feedback Interface               = 0 (0)
00:00:06.290634   ProcPwrRep - Core power reporting interface support     = 0 (0)
00:00:06.290635   ConnectedStandby - Connected Standby                    = 0 (0)
00:00:06.290635   RAPL - Running average power limit                      = 0 (0)
00:00:06.290636 Physical Address Width:          39 bits
00:00:06.290636 Virtual Address Width:           48 bits
00:00:06.290636 Max page count for INVLPGB:      0x3027
00:00:06.290636 Max ECX for RDPRU:               0x0
00:00:06.290638 ********************* End of CPUID dump *********************
00:00:06.290677 VMEmt: Halt method global1 (5)
00:00:06.290736 VMEmt: HaltedGlobal1 config: cNsSpinBlockThresholdCfg=50000
00:00:06.290741 Changing the VM state from 'CREATING' to 'CREATED'
00:00:06.291773 Changing the VM state from 'CREATED' to 'POWERING_ON'
00:00:06.291930 VMSVGA3d: cap[0]=0x00000000 {3D}
00:00:06.291934 VMSVGA3d: cap[1]=0x00000000 {MAX_LIGHTS}
00:00:06.291934 VMSVGA3d: cap[2]=0x00000000 {MAX_TEXTURES}
00:00:06.291935 VMSVGA3d: cap[3]=0x00000000 {MAX_CLIP_PLANES}
00:00:06.291935 VMSVGA3d: cap[4]=0x00000000 {VERTEX_SHADER_VERSION}
00:00:06.291937 VMSVGA3d: cap[5]=0x00000000 {VERTEX_SHADER}
00:00:06.291938 VMSVGA3d: cap[6]=0x00000000 {FRAGMENT_SHADER_VERSION}
00:00:06.291938 VMSVGA3d: cap[7]=0x00000000 {FRAGMENT_SHADER}
00:00:06.291938 VMSVGA3d: cap[8]=0x00000000 {MAX_RENDER_TARGETS}
00:00:06.291938 VMSVGA3d: cap[9]=0x00000000 {S23E8_TEXTURES}
00:00:06.291939 VMSVGA3d: cap[10]=0x00000000 {S10E5_TEXTURES}
00:00:06.291939 VMSVGA3d: cap[11]=0x00000000 {MAX_FIXED_VERTEXBLEND}
00:00:06.291939 VMSVGA3d: cap[12]=0x00000000 {D16_BUFFER_FORMAT}
00:00:06.291939 VMSVGA3d: cap[13]=0x00000000 {D24S8_BUFFER_FORMAT}
00:00:06.291940 VMSVGA3d: cap[14]=0x00000000 {D24X8_BUFFER_FORMAT}
00:00:06.291940 VMSVGA3d: cap[15]=0x00000000 {QUERY_TYPES}
00:00:06.291940 VMSVGA3d: cap[16]=0x00000000 {TEXTURE_GRADIENT_SAMPLING}
00:00:06.291940 VMSVGA3d: cap[17]=0.000000 {MAX_POINT_SIZE}
00:00:06.291941 VMSVGA3d: cap[18]=0x00000000 {MAX_SHADER_TEXTURES}
00:00:06.291941 VMSVGA3d: cap[19]=0x00004000 {MAX_TEXTURE_WIDTH}
00:00:06.291941 VMSVGA3d: cap[20]=0x00004000 {MAX_TEXTURE_HEIGHT}
00:00:06.291942 VMSVGA3d: cap[21]=0x00000000 {MAX_VOLUME_EXTENT}
00:00:06.291942 VMSVGA3d: cap[22]=0x00000000 {MAX_TEXTURE_REPEAT}
00:00:06.291942 VMSVGA3d: cap[23]=0x00000000 {MAX_TEXTURE_ASPECT_RATIO}
00:00:06.291942 VMSVGA3d: cap[24]=0x00000000 {MAX_TEXTURE_ANISOTROPY}
00:00:06.291943 VMSVGA3d: cap[25]=0x00000000 {MAX_PRIMITIVE_COUNT}
00:00:06.291943 VMSVGA3d: cap[26]=0x00000000 {MAX_VERTEX_INDEX}
00:00:06.291943 VMSVGA3d: cap[27]=0x00000000 {MAX_VERTEX_SHADER_INSTRUCTIONS}
00:00:06.291943 VMSVGA3d: cap[28]=0x00000000 {MAX_FRAGMENT_SHADER_INSTRUCTIONS}
00:00:06.291944 VMSVGA3d: cap[29]=0x00000000 {MAX_VERTEX_SHADER_TEMPS}
00:00:06.291944 VMSVGA3d: cap[30]=0x00000000 {MAX_FRAGMENT_SHADER_TEMPS}
00:00:06.291944 VMSVGA3d: cap[31]=0x00000000 {TEXTURE_OPS}
00:00:06.291944 VMSVGA3d: cap[32]=0x00000000 {SURFACEFMT_X8R8G8B8}
00:00:06.291944 VMSVGA3d: cap[33]=0x00000000 {SURFACEFMT_A8R8G8B8}
00:00:06.291945 VMSVGA3d: cap[34]=0x00000000 {SURFACEFMT_A2R10G10B10}
00:00:06.291945 VMSVGA3d: cap[35]=0x00000000 {SURFACEFMT_X1R5G5B5}
00:00:06.291945 VMSVGA3d: cap[36]=0x00000000 {SURFACEFMT_A1R5G5B5}
00:00:06.291945 VMSVGA3d: cap[37]=0x00000000 {SURFACEFMT_A4R4G4B4}
00:00:06.291945 VMSVGA3d: cap[38]=0x00000000 {SURFACEFMT_R5G6B5}
00:00:06.291946 VMSVGA3d: cap[39]=0x00000000 {SURFACEFMT_LUMINANCE16}
00:00:06.291946 VMSVGA3d: cap[40]=0x00000000 {SURFACEFMT_LUMINANCE8_ALPHA8}
00:00:06.291946 VMSVGA3d: cap[41]=0x00000000 {SURFACEFMT_ALPHA8}
00:00:06.291946 VMSVGA3d: cap[42]=0x00000000 {SURFACEFMT_LUMINANCE8}
00:00:06.291947 VMSVGA3d: cap[43]=0x00000000 {SURFACEFMT_Z_D16}
00:00:06.291947 VMSVGA3d: cap[44]=0x00000000 {SURFACEFMT_Z_D24S8}
00:00:06.291947 VMSVGA3d: cap[45]=0x00000000 {SURFACEFMT_Z_D24X8}
00:00:06.291947 VMSVGA3d: cap[46]=0x00000000 {SURFACEFMT_DXT1}
00:00:06.291947 VMSVGA3d: cap[47]=0x00000000 {SURFACEFMT_DXT2}
00:00:06.291948 VMSVGA3d: cap[48]=0x00000000 {SURFACEFMT_DXT3}
00:00:06.291948 VMSVGA3d: cap[49]=0x00000000 {SURFACEFMT_DXT4}
00:00:06.291948 VMSVGA3d: cap[50]=0x00000000 {SURFACEFMT_DXT5}
00:00:06.291948 VMSVGA3d: cap[51]=0x00000000 {SURFACEFMT_BUMPX8L8V8U8}
00:00:06.291948 VMSVGA3d: cap[52]=0x00000000 {SURFACEFMT_A2W10V10U10}
00:00:06.291949 VMSVGA3d: cap[53]=0x00000000 {SURFACEFMT_BUMPU8V8}
00:00:06.291949 VMSVGA3d: cap[54]=0x00000000 {SURFACEFMT_Q8W8V8U8}
00:00:06.291949 VMSVGA3d: cap[55]=0x00000000 {SURFACEFMT_CxV8U8}
00:00:06.291949 VMSVGA3d: cap[56]=0x00000000 {SURFACEFMT_R_S10E5}
00:00:06.291949 VMSVGA3d: cap[57]=0x00000000 {SURFACEFMT_R_S23E8}
00:00:06.291950 VMSVGA3d: cap[58]=0x00000000 {SURFACEFMT_RG_S10E5}
00:00:06.291950 VMSVGA3d: cap[59]=0x00000000 {SURFACEFMT_RG_S23E8}
00:00:06.291950 VMSVGA3d: cap[60]=0x00000000 {SURFACEFMT_ARGB_S10E5}
00:00:06.291950 VMSVGA3d: cap[61]=0x00000000 {SURFACEFMT_ARGB_S23E8}
00:00:06.291951 VMSVGA3d: cap[62]=0x00000000 {MISSING62}
00:00:06.291951 VMSVGA3d: cap[63]=0x00000000 {MAX_VERTEX_SHADER_TEXTURES}
00:00:06.291951 VMSVGA3d: cap[64]=0x00000000 {MAX_SIMULTANEOUS_RENDER_TARGETS}
00:00:06.291951 VMSVGA3d: cap[65]=0x00000000 {SURFACEFMT_V16U16}
00:00:06.291951 VMSVGA3d: cap[66]=0x00000000 {SURFACEFMT_G16R16}
00:00:06.291952 VMSVGA3d: cap[67]=0x00000000 {SURFACEFMT_A16B16G16R16}
00:00:06.291952 VMSVGA3d: cap[68]=0x00000000 {SURFACEFMT_UYVY}
00:00:06.291952 VMSVGA3d: cap[69]=0x00000000 {SURFACEFMT_YUY2}
00:00:06.291952 VMSVGA3d: cap[70]=0x00000000 {DEAD4}
00:00:06.291953 VMSVGA3d: cap[71]=0x00000000 {DEAD5}
00:00:06.291953 VMSVGA3d: cap[72]=0x00000000 {DEAD7}
00:00:06.291953 VMSVGA3d: cap[73]=0x00000000 {DEAD6}
00:00:06.291953 VMSVGA3d: cap[74]=0x00000000 {AUTOGENMIPMAPS}
00:00:06.291953 VMSVGA3d: cap[75]=0x00000000 {SURFACEFMT_NV12}
00:00:06.291954 VMSVGA3d: cap[76]=0x00000000 {DEAD10}
00:00:06.291954 VMSVGA3d: cap[77]=0x00000000 {MAX_CONTEXT_IDS}
00:00:06.291954 VMSVGA3d: cap[78]=0x00000000 {MAX_SURFACE_IDS}
00:00:06.291954 VMSVGA3d: cap[79]=0x00000000 {SURFACEFMT_Z_DF16}
00:00:06.291954 VMSVGA3d: cap[80]=0x00000000 {SURFACEFMT_Z_DF24}
00:00:06.291955 VMSVGA3d: cap[81]=0x00000000 {SURFACEFMT_Z_D24S8_INT}
00:00:06.291955 VMSVGA3d: cap[82]=0x00000000 {SURFACEFMT_ATI1}
00:00:06.291955 VMSVGA3d: cap[83]=0x00000000 {SURFACEFMT_ATI2}
00:00:06.291955 VMSVGA3d: cap[84]=0x00000000 {DEAD1}
00:00:06.291955 VMSVGA3d: cap[85]=0x00000000 {DEAD8}
00:00:06.291956 VMSVGA3d: cap[86]=0x00000000 {DEAD9}
00:00:06.291956 VMSVGA3d: cap[87]=0x00000000 {LINE_AA}
00:00:06.291956 VMSVGA3d: cap[88]=0x00000000 {LINE_STIPPLE}
00:00:06.291956 VMSVGA3d: cap[89]=0.000000 {MAX_LINE_WIDTH}
00:00:06.291957 VMSVGA3d: cap[90]=0.000000 {MAX_AA_LINE_WIDTH}
00:00:06.291957 VMSVGA3d: cap[91]=0x00000000 {SURFACEFMT_YV12}
00:00:06.291957 VMSVGA3d: cap[92]=0x00000000 {DEAD3}
00:00:06.291957 VMSVGA3d: cap[93]=0x00000000 {TS_COLOR_KEY}
00:00:06.291957 VMSVGA3d: cap[94]=0x00000000 {DEAD2}
00:00:06.291958 VMSVGA3d: cap[95]=0x00000000 {DXCONTEXT}
00:00:06.291958 VMSVGA3d: cap[96]=0x00000000 {DEAD11}
00:00:06.291958 VMSVGA3d: cap[97]=0x00000000 {DX_MAX_VERTEXBUFFERS}
00:00:06.291958 VMSVGA3d: cap[98]=0x00000000 {DX_MAX_CONSTANT_BUFFERS}
00:00:06.291959 VMSVGA3d: cap[99]=0x00000000 {DX_PROVOKING_VERTEX}
00:00:06.291959 VMSVGA3d: cap[100]=0x00000005 {DXFMT_X8R8G8B8}
00:00:06.291959 VMSVGA3d: cap[101]=0x00000000 {DXFMT_A8R8G8B8}
00:00:06.291959 VMSVGA3d: cap[102]=0x00000000 {DXFMT_R5G6B5}
00:00:06.291960 VMSVGA3d: cap[103]=0x00000000 {DXFMT_X1R5G5B5}
00:00:06.291960 VMSVGA3d: cap[104]=0x00000000 {DXFMT_A1R5G5B5}
00:00:06.291960 VMSVGA3d: cap[105]=0x00000000 {DXFMT_A4R4G4B4}
00:00:06.291960 VMSVGA3d: cap[106]=0x00000000 {DXFMT_Z_D32}
00:00:06.291960 VMSVGA3d: cap[107]=0x00000000 {DXFMT_Z_D16}
00:00:06.291961 VMSVGA3d: cap[108]=0x00000000 {DXFMT_Z_D24S8}
00:00:06.291961 VMSVGA3d: cap[109]=0x00000000 {DXFMT_Z_D15S1}
00:00:06.291961 VMSVGA3d: cap[110]=0x00000000 {DXFMT_LUMINANCE8}
00:00:06.291961 VMSVGA3d: cap[111]=0x00000000 {DXFMT_LUMINANCE4_ALPHA4}
00:00:06.291961 VMSVGA3d: cap[112]=0x00000000 {DXFMT_LUMINANCE16}
00:00:06.291962 VMSVGA3d: cap[113]=0x00000000 {DXFMT_LUMINANCE8_ALPHA8}
00:00:06.291962 VMSVGA3d: cap[114]=0x00000000 {DXFMT_DXT1}
00:00:06.291962 VMSVGA3d: cap[115]=0x00000000 {DXFMT_DXT2}
00:00:06.291962 VMSVGA3d: cap[116]=0x00000000 {DXFMT_DXT3}
00:00:06.291962 VMSVGA3d: cap[117]=0x00000000 {DXFMT_DXT4}
00:00:06.291963 VMSVGA3d: cap[118]=0x00000000 {DXFMT_DXT5}
00:00:06.291963 VMSVGA3d: cap[119]=0x00000000 {DXFMT_BUMPU8V8}
00:00:06.291963 VMSVGA3d: cap[120]=0x00000000 {DXFMT_BUMPL6V5U5}
00:00:06.291963 VMSVGA3d: cap[121]=0x00000000 {DXFMT_BUMPX8L8V8U8}
00:00:06.291964 VMSVGA3d: cap[122]=0x00000000 {DXFMT_FORMAT_DEAD1}
00:00:06.291964 VMSVGA3d: cap[123]=0x00000000 {DXFMT_ARGB_S10E5}
00:00:06.291966 VMSVGA3d: cap[124]=0x00000000 {DXFMT_ARGB_S23E8}
00:00:06.291966 VMSVGA3d: cap[125]=0x00000000 {DXFMT_A2R10G10B10}
00:00:06.291966 VMSVGA3d: cap[126]=0x00000000 {DXFMT_V8U8}
00:00:06.291967 VMSVGA3d: cap[127]=0x00000000 {DXFMT_Q8W8V8U8}
00:00:06.291967 VMSVGA3d: cap[128]=0x00000000 {DXFMT_CxV8U8}
00:00:06.291967 VMSVGA3d: cap[129]=0x00000000 {DXFMT_X8L8V8U8}
00:00:06.291967 VMSVGA3d: cap[130]=0x00000000 {DXFMT_A2W10V10U10}
00:00:06.291968 VMSVGA3d: cap[131]=0x00000000 {DXFMT_ALPHA8}
00:00:06.291968 VMSVGA3d: cap[132]=0x00000000 {DXFMT_R_S10E5}
00:00:06.291968 VMSVGA3d: cap[133]=0x00000000 {DXFMT_R_S23E8}
00:00:06.291968 VMSVGA3d: cap[134]=0x00000000 {DXFMT_RG_S10E5}
00:00:06.291968 VMSVGA3d: cap[135]=0x00000000 {DXFMT_RG_S23E8}
00:00:06.291969 VMSVGA3d: cap[136]=0x00000000 {DXFMT_BUFFER}
00:00:06.291969 VMSVGA3d: cap[137]=0x00000000 {DXFMT_Z_D24X8}
00:00:06.291969 VMSVGA3d: cap[138]=0x00000000 {DXFMT_V16U16}
00:00:06.291969 VMSVGA3d: cap[139]=0x00000000 {DXFMT_G16R16}
00:00:06.291969 VMSVGA3d: cap[140]=0x00000000 {DXFMT_A16B16G16R16}
00:00:06.291970 VMSVGA3d: cap[141]=0x00000000 {DXFMT_UYVY}
00:00:06.291970 VMSVGA3d: cap[142]=0x00000000 {DXFMT_YUY2}
00:00:06.291970 VMSVGA3d: cap[143]=0x00000000 {DXFMT_NV12}
00:00:06.291970 VMSVGA3d: cap[144]=0x00000000 {DXFMT_FORMAT_DEAD2}
00:00:06.291971 VMSVGA3d: cap[145]=0x00000000 {DXFMT_R32G32B32A32_TYPELESS}
00:00:06.291971 VMSVGA3d: cap[146]=0x00000000 {DXFMT_R32G32B32A32_UINT}
00:00:06.291971 VMSVGA3d: cap[147]=0x00000000 {DXFMT_R32G32B32A32_SINT}
00:00:06.291971 VMSVGA3d: cap[148]=0x00000000 {DXFMT_R32G32B32_TYPELESS}
00:00:06.291971 VMSVGA3d: cap[149]=0x00000000 {DXFMT_R32G32B32_FLOAT}
00:00:06.291972 VMSVGA3d: cap[150]=0x00000000 {DXFMT_R32G32B32_UINT}
00:00:06.291972 VMSVGA3d: cap[151]=0x00000000 {DXFMT_R32G32B32_SINT}
00:00:06.291972 VMSVGA3d: cap[152]=0x00000000 {DXFMT_R16G16B16A16_TYPELESS}
00:00:06.291972 VMSVGA3d: cap[153]=0x00000000 {DXFMT_R16G16B16A16_UINT}
00:00:06.291973 VMSVGA3d: cap[154]=0x00000000 {DXFMT_R16G16B16A16_SNORM}
00:00:06.291973 VMSVGA3d: cap[155]=0x00000000 {DXFMT_R16G16B16A16_SINT}
00:00:06.291973 VMSVGA3d: cap[156]=0x00000000 {DXFMT_R32G32_TYPELESS}
00:00:06.291973 VMSVGA3d: cap[157]=0x00000000 {DXFMT_R32G32_UINT}
00:00:06.291973 VMSVGA3d: cap[158]=0x00000000 {DXFMT_R32G32_SINT}
00:00:06.291974 VMSVGA3d: cap[159]=0x00000000 {DXFMT_R32G8X24_TYPELESS}
00:00:06.291974 VMSVGA3d: cap[160]=0x00000000 {DXFMT_D32_FLOAT_S8X24_UINT}
00:00:06.291974 VMSVGA3d: cap[161]=0x00000000 {DXFMT_R32_FLOAT_X8X24}
00:00:06.291974 VMSVGA3d: cap[162]=0x00000000 {DXFMT_X32_G8X24_UINT}
00:00:06.291974 VMSVGA3d: cap[163]=0x00000000 {DXFMT_R10G10B10A2_TYPELESS}
00:00:06.291975 VMSVGA3d: cap[164]=0x00000000 {DXFMT_R10G10B10A2_UINT}
00:00:06.291975 VMSVGA3d: cap[165]=0x00000000 {DXFMT_R11G11B10_FLOAT}
00:00:06.291975 VMSVGA3d: cap[166]=0x00000000 {DXFMT_R8G8B8A8_TYPELESS}
00:00:06.291975 VMSVGA3d: cap[167]=0x00000000 {DXFMT_R8G8B8A8_UNORM}
00:00:06.291976 VMSVGA3d: cap[168]=0x00000000 {DXFMT_R8G8B8A8_UNORM_SRGB}
00:00:06.291976 VMSVGA3d: cap[169]=0x00000000 {DXFMT_R8G8B8A8_UINT}
00:00:06.291976 VMSVGA3d: cap[170]=0x00000000 {DXFMT_R8G8B8A8_SINT}
00:00:06.291976 VMSVGA3d: cap[171]=0x00000000 {DXFMT_R16G16_TYPELESS}
00:00:06.291976 VMSVGA3d: cap[172]=0x00000000 {DXFMT_R16G16_UINT}
00:00:06.291977 VMSVGA3d: cap[173]=0x00000000 {DXFMT_R16G16_SINT}
00:00:06.291977 VMSVGA3d: cap[174]=0x00000000 {DXFMT_R32_TYPELESS}
00:00:06.291977 VMSVGA3d: cap[175]=0x00000000 {DXFMT_D32_FLOAT}
00:00:06.291977 VMSVGA3d: cap[176]=0x00000000 {DXFMT_R32_UINT}
00:00:06.291977 VMSVGA3d: cap[177]=0x00000000 {DXFMT_R32_SINT}
00:00:06.291978 VMSVGA3d: cap[178]=0x00000000 {DXFMT_R24G8_TYPELESS}
00:00:06.291978 VMSVGA3d: cap[179]=0x00000000 {DXFMT_D24_UNORM_S8_UINT}
00:00:06.291978 VMSVGA3d: cap[180]=0x00000000 {DXFMT_R24_UNORM_X8}
00:00:06.291978 VMSVGA3d: cap[181]=0x00000000 {DXFMT_X24_G8_UINT}
00:00:06.291979 VMSVGA3d: cap[182]=0x00000000 {DXFMT_R8G8_TYPELESS}
00:00:06.291979 VMSVGA3d: cap[183]=0x00000000 {DXFMT_R8G8_UNORM}
00:00:06.291979 VMSVGA3d: cap[184]=0x00000000 {DXFMT_R8G8_UINT}
00:00:06.291979 VMSVGA3d: cap[185]=0x00000000 {DXFMT_R8G8_SINT}
00:00:06.291979 VMSVGA3d: cap[186]=0x00000000 {DXFMT_R16_TYPELESS}
00:00:06.291980 VMSVGA3d: cap[187]=0x00000000 {DXFMT_R16_UNORM}
00:00:06.291980 VMSVGA3d: cap[188]=0x00000000 {DXFMT_R16_UINT}
00:00:06.291980 VMSVGA3d: cap[189]=0x00000000 {DXFMT_R16_SNORM}
00:00:06.291980 VMSVGA3d: cap[190]=0x00000000 {DXFMT_R16_SINT}
00:00:06.291980 VMSVGA3d: cap[191]=0x00000000 {DXFMT_R8_TYPELESS}
00:00:06.291981 VMSVGA3d: cap[192]=0x00000000 {DXFMT_R8_UNORM}
00:00:06.291981 VMSVGA3d: cap[193]=0x00000000 {DXFMT_R8_UINT}
00:00:06.291981 VMSVGA3d: cap[194]=0x00000000 {DXFMT_R8_SNORM}
00:00:06.291981 VMSVGA3d: cap[195]=0x00000000 {DXFMT_R8_SINT}
00:00:06.291981 VMSVGA3d: cap[196]=0x00000000 {DXFMT_P8}
00:00:06.291982 VMSVGA3d: cap[197]=0x00000000 {DXFMT_R9G9B9E5_SHAREDEXP}
00:00:06.291982 VMSVGA3d: cap[198]=0x00000000 {DXFMT_R8G8_B8G8_UNORM}
00:00:06.291982 VMSVGA3d: cap[199]=0x00000000 {DXFMT_G8R8_G8B8_UNORM}
00:00:06.291982 VMSVGA3d: cap[200]=0x00000000 {DXFMT_BC1_TYPELESS}
00:00:06.291983 VMSVGA3d: cap[201]=0x00000000 {DXFMT_BC1_UNORM_SRGB}
00:00:06.291983 VMSVGA3d: cap[202]=0x00000000 {DXFMT_BC2_TYPELESS}
00:00:06.291983 VMSVGA3d: cap[203]=0x00000000 {DXFMT_BC2_UNORM_SRGB}
00:00:06.291983 VMSVGA3d: cap[204]=0x00000000 {DXFMT_BC3_TYPELESS}
00:00:06.291983 VMSVGA3d: cap[205]=0x00000000 {DXFMT_BC3_UNORM_SRGB}
00:00:06.291984 VMSVGA3d: cap[206]=0x00000000 {DXFMT_BC4_TYPELESS}
00:00:06.291984 VMSVGA3d: cap[207]=0x00000000 {DXFMT_ATI1}
00:00:06.291984 VMSVGA3d: cap[208]=0x00000000 {DXFMT_BC4_SNORM}
00:00:06.291984 VMSVGA3d: cap[209]=0x00000000 {DXFMT_BC5_TYPELESS}
00:00:06.291985 VMSVGA3d: cap[210]=0x00000000 {DXFMT_ATI2}
00:00:06.291985 VMSVGA3d: cap[211]=0x00000000 {DXFMT_BC5_SNORM}
00:00:06.291985 VMSVGA3d: cap[212]=0x00000000 {DXFMT_R10G10B10_XR_BIAS_A2_UNORM}
00:00:06.291985 VMSVGA3d: cap[213]=0x00000000 {DXFMT_B8G8R8A8_TYPELESS}
00:00:06.291985 VMSVGA3d: cap[214]=0x00000000 {DXFMT_B8G8R8A8_UNORM_SRGB}
00:00:06.291986 VMSVGA3d: cap[215]=0x00000000 {DXFMT_B8G8R8X8_TYPELESS}
00:00:06.291986 VMSVGA3d: cap[216]=0x00000000 {DXFMT_B8G8R8X8_UNORM_SRGB}
00:00:06.291986 VMSVGA3d: cap[217]=0x00000000 {DXFMT_Z_DF16}
00:00:06.291986 VMSVGA3d: cap[218]=0x00000000 {DXFMT_Z_DF24}
00:00:06.291987 VMSVGA3d: cap[219]=0x00000000 {DXFMT_Z_D24S8_INT}
00:00:06.291987 VMSVGA3d: cap[220]=0x00000000 {DXFMT_YV12}
00:00:06.291987 VMSVGA3d: cap[221]=0x00000000 {DXFMT_R32G32B32A32_FLOAT}
00:00:06.291987 VMSVGA3d: cap[222]=0x00000000 {DXFMT_R16G16B16A16_FLOAT}
00:00:06.291987 VMSVGA3d: cap[223]=0x00000000 {DXFMT_R16G16B16A16_UNORM}
00:00:06.291988 VMSVGA3d: cap[224]=0x00000000 {DXFMT_R32G32_FLOAT}
00:00:06.291988 VMSVGA3d: cap[225]=0x00000000 {DXFMT_R10G10B10A2_UNORM}
00:00:06.291988 VMSVGA3d: cap[226]=0x00000000 {DXFMT_R8G8B8A8_SNORM}
00:00:06.291988 VMSVGA3d: cap[227]=0x00000000 {DXFMT_R16G16_FLOAT}
00:00:06.291988 VMSVGA3d: cap[228]=0x00000000 {DXFMT_R16G16_UNORM}
00:00:06.291989 VMSVGA3d: cap[229]=0x00000000 {DXFMT_R16G16_SNORM}
00:00:06.291989 VMSVGA3d: cap[230]=0x00000000 {DXFMT_R32_FLOAT}
00:00:06.291989 VMSVGA3d: cap[231]=0x00000000 {DXFMT_R8G8_SNORM}
00:00:06.291989 VMSVGA3d: cap[232]=0x00000000 {DXFMT_R16_FLOAT}
00:00:06.291989 VMSVGA3d: cap[233]=0x00000000 {DXFMT_D16_UNORM}
00:00:06.291990 VMSVGA3d: cap[234]=0x00000000 {DXFMT_A8_UNORM}
00:00:06.291990 VMSVGA3d: cap[235]=0x00000000 {DXFMT_BC1_UNORM}
00:00:06.291992 VMSVGA3d: cap[236]=0x00000000 {DXFMT_BC2_UNORM}
00:00:06.291993 VMSVGA3d: cap[237]=0x00000000 {DXFMT_BC3_UNORM}
00:00:06.291993 VMSVGA3d: cap[238]=0x00000000 {DXFMT_B5G6R5_UNORM}
00:00:06.291993 VMSVGA3d: cap[239]=0x00000000 {DXFMT_B5G5R5A1_UNORM}
00:00:06.291993 VMSVGA3d: cap[240]=0x00000000 {DXFMT_B8G8R8A8_UNORM}
00:00:06.291994 VMSVGA3d: cap[241]=0x00000000 {DXFMT_B8G8R8X8_UNORM}
00:00:06.291994 VMSVGA3d: cap[242]=0x00000000 {DXFMT_BC4_UNORM}
00:00:06.291994 VMSVGA3d: cap[243]=0x00000000 {DXFMT_BC5_UNORM}
00:00:06.291994 VMSVGA3d: cap[244]=0x00000000 {SM41}
00:00:06.291995 VMSVGA3d: cap[245]=0x00000000 {MULTISAMPLE_2X}
00:00:06.291995 VMSVGA3d: cap[246]=0x00000000 {MULTISAMPLE_4X}
00:00:06.291995 VMSVGA3d: cap[247]=0x00000000 {MS_FULL_QUALITY}
00:00:06.291995 VMSVGA3d: cap[248]=0x00000000 {LOGICOPS}
00:00:06.291995 VMSVGA3d: cap[249]=0x00000000 {LOGIC_BLENDOPS}
00:00:06.291996 VMSVGA3d: cap[250]=0x00000000 {RESERVED_1}
00:00:06.291996 VMSVGA3d: cap[251]=0x00000000 {DXFMT_BC6H_TYPELESS}
00:00:06.291996 VMSVGA3d: cap[252]=0x00000000 {DXFMT_BC6H_UF16}
00:00:06.291996 VMSVGA3d: cap[253]=0x00000000 {DXFMT_BC6H_SF16}
00:00:06.291996 VMSVGA3d: cap[254]=0x00000000 {DXFMT_BC7_TYPELESS}
00:00:06.291997 VMSVGA3d: cap[255]=0x00000000 {DXFMT_BC7_UNORM}
00:00:06.291997 VMSVGA3d: cap[256]=0x00000000 {DXFMT_BC7_UNORM_SRGB}
00:00:06.291997 VMSVGA3d: cap[257]=0x00000000 {RESERVED_2}
00:00:06.291997 VMSVGA3d: cap[258]=0x00000000 {SM5}
00:00:06.291997 VMSVGA3d: cap[259]=0x00000000 {MULTISAMPLE_8X}
00:00:06.292014 AIOMgr: Endpoints without assigned bandwidth groups:
00:00:06.292025 AIOMgr:     C:\Users\Isaque Braga\Desktop\Isaque\virtual-box-projeto-final\VMs\G4-PC1-VM1\G4-PC1-VM1.vdi
00:00:06.292080 Changing the VM state from 'POWERING_ON' to 'RUNNING'
00:00:06.292094 Console: Machine state changed to 'Running'
00:00:06.293659 VMMDev: Guest Log: BIOS: VirtualBox 7.2.8
00:00:06.294064 PCI: Setting up resources and interrupts
00:00:06.294421 PIT: mode=2 count=0x10000 (65536) - 18.20 Hz (ch=0)
00:00:06.312467 Display::i_handleDisplayResize: uScreenId=0 pvVRAM=0000000000000000 w=720 h=400 bpp=0 cbLine=0x0 flags=0x0 origin=0,0
00:00:06.313179 VMMDev: Guest Log: CPUID EDX: 0x178bfbff
00:00:06.313283 PIIX3 ATA: Ctl#0: RESET, DevSel=0 AIOIf=0 CmdIf0=0x00 (-1 usec ago) CmdIf1=0x00 (-1 usec ago)
00:00:06.313310 PIIX3 ATA: Ctl#0: finished processing RESET
00:00:06.315601 AHCI#0: Reset the HBA
00:00:06.315627 VD#0: Cancelling all active requests
00:00:06.315678 AHCI#0: Port 0 reset
00:00:06.315716 VD#0: Cancelling all active requests
00:00:06.316493 VMMDev: Guest Log: BIOS: AHCI 0-P#0: PCHS=16383/16/63 LCHS=1024/255/63 0x0000000004000000 sectors
00:00:06.319006 PIT: mode=2 count=0x48d3 (18643) - 64.00 Hz (ch=0)
00:00:06.326264 GUI: UIMachineLogicNormal::sltCheckForRequestedVisualStateType: Requested-state=1, Machine-state=6
00:00:06.333054 Display::i_handleDisplayResize: uScreenId=0 pvVRAM=0000029b74360000 w=640 h=480 bpp=32 cbLine=0xA00 flags=0x0 origin=0,0
00:00:08.793469 PIT: mode=2 count=0x10000 (65536) - 18.20 Hz (ch=0)
00:00:08.793676 VMMDev: Guest Log: BIOS: Boot : bseqnr=1, bootseq=0132
00:00:08.794476 VMMDev: Guest Log: BIOS: Booting from Hard Disk...
00:00:08.794694 VDI: Out of range access (5503975424) in image C:\Users\Isaque Braga\Desktop\Isaque\virtual-box-projeto-final\VMs\G4-PC1-VM1\G4-PC1-VM1.vdi, image size 1989148672
00:00:08.799114 Display::i_handleDisplayResize: uScreenId=0 pvVRAM=0000000000000000 w=720 h=400 bpp=0 cbLine=0x0 flags=0x0 origin=0,0
00:00:09.111706 GUI: UIMediumEnumerator: Medium-enumeration finished!
00:00:34.333877 GUI: Request to close active machine-window.
00:00:34.335664 Changing the VM state from 'RUNNING' to 'SUSPENDING'
00:00:34.341284 AIOMgr: Async flushes not supported
00:00:34.348117 AIOMgr: Endpoint for file 'C:\Users\Isaque Braga\Desktop\Isaque\virtual-box-projeto-final\VMs\G4-PC1-VM1\G4-PC1-VM1.vdi' (flags 000c0781) created successfully
00:00:34.348530 PDMR3Suspend: 12 815 226 ns run time
00:00:34.348540 Changing the VM state from 'SUSPENDING' to 'SUSPENDED'
00:00:34.348547 Console: Machine state changed to 'Paused'
00:00:35.593956 GUI: Request for close-action to power VM off.
00:00:35.594059 GUI: Powering VM off..
00:00:35.598674 Console: Machine state changed to 'Stopping'
00:00:35.599933 Console::powerDown(): A request to power off the VM has been issued (mMachineState=Stopping, InUninit=0)
00:00:35.600248 Changing the VM state from 'SUSPENDED' to 'POWERING_OFF'
00:00:35.600265 ****************** Guest state at power off for VCpu 0 ******************
00:00:35.600270 Guest CPUM (VCPU 0) state: 
00:00:35.600280 eax=0000fff0 ebx=00007c64 ecx=0000ff00 edx=00000000 esi=00007c05 edi=0000fff0
00:00:35.600281 eip=0000709d esp=0000044e ebp=00000456 iopl=0  iopl=0 nv up ei ng nz na po nc
00:00:35.600282 cs={f000 base=00000000000f0000 limit=0000ffff flags=0000009b} dr0=00000000 dr1=00000000
00:00:35.600283 ds={f000 base=00000000000f0000 limit=0000ffff flags=00000093} dr2=00000000 dr3=00000000
00:00:35.600284 es={0000 base=0000000000000000 limit=0000ffff flags=00000093} dr4=00000000 dr5=00000000
00:00:35.600284 fs={0000 base=0000000000000000 limit=0000ffff flags=00000093} dr6=ffff0ff0 dr7=00000400
00:00:35.600285 gs={0000 base=0000000000000000 limit=0000ffff flags=00000093} cr0=00000010 cr2=00000000
00:00:35.600285 ss={0000 base=0000000000000000 limit=0000ffff flags=00000093} cr3=00000000 cr4=00000000
00:00:35.600285 gdtr=00000000000fe89f:0047  idtr=0000000000000000:ffff  eflags=00200286
00:00:35.600286 ldtr={0000 base=00000000 limit=0000ffff flags=00000082}
00:00:35.600287 tr  ={0000 base=00000000 limit=0000ffff flags=0000008b}
00:00:35.600287 SysEnter={cs=0000 eip=00000000 esp=00000000}
00:00:35.600287 xcr=0000000000000001 xcr1=0000000000000000 xss=0000000000000000 (fXStateMask=0000000000000000)
00:00:35.600288 FCW=037f FSW=0000 FTW=0000 FOP=0000 MXCSR=00001f80 MXCSR_MASK=0000ffff
00:00:35.600289 FPUIP=00000000 CS=0000 Rsrvd1=0000  FPUDP=00000000 DS=0000 Rsvrd2=0000
00:00:35.600289 ST(0)=FPR0={0000'00000000'00000000} t0 +0.0000000000000000000000 * 2 ^ -16383 (*)
00:00:35.600291 ST(1)=FPR1={0000'00000000'00000000} t0 +0.0000000000000000000000 * 2 ^ -16383 (*)
00:00:35.600291 ST(2)=FPR2={0000'00000000'00000000} t0 +0.0000000000000000000000 * 2 ^ -16383 (*)
00:00:35.600292 ST(3)=FPR3={0000'00000000'00000000} t0 +0.0000000000000000000000 * 2 ^ -16383 (*)
00:00:35.600292 ST(4)=FPR4={0000'00000000'00000000} t0 +0.0000000000000000000000 * 2 ^ -16383 (*)
00:00:35.600293 ST(5)=FPR5={0000'00000000'00000000} t0 +0.0000000000000000000000 * 2 ^ -16383 (*)
00:00:35.600293 ST(6)=FPR6={0000'00000000'00000000} t0 +0.0000000000000000000000 * 2 ^ -16383 (*)
00:00:35.600294 ST(7)=FPR7={0000'00000000'00000000} t0 +0.0000000000000000000000 * 2 ^ -16383 (*)
00:00:35.600294 XMM0 =00000000'00000000'00000000'00000000  XMM1 =00000000'00000000'00000000'00000000
00:00:35.600295 XMM2 =00000000'00000000'00000000'00000000  XMM3 =00000000'00000000'00000000'00000000
00:00:35.600296 XMM4 =00000000'00000000'00000000'00000000  XMM5 =00000000'00000000'00000000'00000000
00:00:35.600296 XMM6 =00000000'00000000'00000000'00000000  XMM7 =00000000'00000000'00000000'00000000
00:00:35.600297 XMM8 =00000000'00000000'00000000'00000000  XMM9 =00000000'00000000'00000000'00000000
00:00:35.600297 XMM10=00000000'00000000'00000000'00000000  XMM11=00000000'00000000'00000000'00000000
00:00:35.600298 XMM12=00000000'00000000'00000000'00000000  XMM13=00000000'00000000'00000000'00000000
00:00:35.600299 XMM14=00000000'00000000'00000000'00000000  XMM15=00000000'00000000'00000000'00000000
00:00:35.600299 EFER         =0000000000000000
00:00:35.600300 PAT          =0007040600070406
00:00:35.600300 STAR         =0000000000000000
00:00:35.600300 CSTAR        =0000000000000000
00:00:35.600300 LSTAR        =0000000000000000
00:00:35.600300 SFMASK       =0000000000000000
00:00:35.600301 KERNELGSBASE =0000000000000000
00:00:35.600301 MTRR_CAP          =0000000000000510
00:00:35.600301 MTRR_DEF_TYPE     =0000000000000c00
00:00:35.600301 MTRR_FIX64K_00000 =0606060606060606
00:00:35.600302 MTRR_FIX16K_80000 =0606060606060606
00:00:35.600302 MTRR_FIX16K_A0000 =0000000000000000
00:00:35.600302 MTRR_FIX4K_C0000  =0505050505050505
00:00:35.600302 MTRR_FIX4K_C8000  =0505050505050505
00:00:35.600303 MTRR_FIX4K_D0000  =0505050505050505
00:00:35.600303 MTRR_FIX4K_D8000  =0505050505050505
00:00:35.600303 MTRR_FIX4K_E0000  =0505050505050505
00:00:35.600303 MTRR_FIX4K_E8000  =0505050505050505
00:00:35.600303 MTRR_FIX4K_F0000  =0505050505050505
00:00:35.600303 MTRR_FIX4K_F8000  =0505050505050505
00:00:35.600304 MTRR_PHYSBASE[ 0] =0000000000000006 First=0000000000000000      0 MB [WB]
00:00:35.600304 MTRR_PHYSMASK[ 0] =0000007fe0000800 Last =000000001fffffff    511 MB [512 MB]
00:00:35.600305 MTRR_PHYSBASE[ 1] =0000000000000000
00:00:35.600306 MTRR_PHYSMASK[ 1] =0000000000000000
00:00:35.600306 MTRR_PHYSBASE[ 2] =0000000000000000
00:00:35.600306 MTRR_PHYSMASK[ 2] =0000000000000000
00:00:35.600306 MTRR_PHYSBASE[ 3] =0000000000000000
00:00:35.600306 MTRR_PHYSMASK[ 3] =0000000000000000
00:00:35.600307 MTRR_PHYSBASE[ 4] =0000000000000000
00:00:35.600307 MTRR_PHYSMASK[ 4] =0000000000000000
00:00:35.600307 MTRR_PHYSBASE[ 5] =0000000000000000
00:00:35.600307 MTRR_PHYSMASK[ 5] =0000000000000000
00:00:35.600307 MTRR_PHYSBASE[ 6] =0000000000000000
00:00:35.600307 MTRR_PHYSMASK[ 6] =0000000000000000
00:00:35.600308 MTRR_PHYSBASE[ 7] =0000000000000000
00:00:35.600308 MTRR_PHYSMASK[ 7] =0000000000000000
00:00:35.600308 MTRR_PHYSBASE[ 8] =0000000000000000
00:00:35.600308 MTRR_PHYSMASK[ 8] =0000000000000000
00:00:35.600308 MTRR_PHYSBASE[ 9] =0000000000000000
00:00:35.600308 MTRR_PHYSMASK[ 9] =0000000000000000
00:00:35.600309 MTRR_PHYSBASE[10] =0000000000000000
00:00:35.600309 MTRR_PHYSMASK[10] =0000000000000000
00:00:35.600309 MTRR_PHYSBASE[11] =0000000000000000
00:00:35.600309 MTRR_PHYSMASK[11] =0000000000000000
00:00:35.600309 MTRR_PHYSBASE[12] =0000000000000000
00:00:35.600310 MTRR_PHYSMASK[12] =0000000000000000
00:00:35.600310 MTRR_PHYSBASE[13] =0000000000000000
00:00:35.600310 MTRR_PHYSMASK[13] =0000000000000000
00:00:35.600310 MTRR_PHYSBASE[14] =0000000000000000
00:00:35.600310 MTRR_PHYSMASK[14] =0000000000000000
00:00:35.600310 MTRR_PHYSBASE[15] =0000000000000000
00:00:35.600311 MTRR_PHYSMASK[15] =0000000000000000
00:00:35.600311 ***
00:00:35.600315 VCPU[0] hardware virtualization state:
00:00:35.600316 fSavedInhibit                = 0x0
00:00:35.600316 In nested-guest hwvirt mode  = false
00:00:35.600317 Hwvirt state disabled.
00:00:35.600317 ***
00:00:35.600320 Guest paging mode (VCPU #0):  Real (changed 3 times), A20 disabled (changed 1 times)
00:00:35.600325 Guest SLAT mode (VCPU #0): Direct
00:00:35.600325 Shadow paging mode (VCPU #0): None
00:00:35.600326 Host paging mode:             AMD64+G+NX
00:00:35.600326 ***
00:00:35.600327 Active Timers (pVM=0000029b734d0000)
00:00:35.600328 pTimerR3         offNext  offPrev  offSched Clock               Time             Expire HzHint State                     Description
00:00:35.600329 0000029b73ba0180 00000007 ffffffff ffffffff Real             2304824            2303577      0 2-ACTIVE                  VGA Refresh
00:00:35.600331 0000029b73ba0380 ffffffff 00000003 ffffffff Real             2304824            2303636      0 2-ACTIVE                  CPU Load Timer
00:00:35.600333 0000029b73cf0100 00000004 ffffffff ffffffff VrSy         28043105984        28096188846     18 2-ACTIVE                  i8254 PIT
00:00:35.600334 0000029b73cf0200 00000009 00000002 ffffffff VrSy         28043105984        28990000000      0 2-ACTIVE                  MC146818 RTC Second
00:00:35.600335 0000029b73cf0480 ffffffff 00000004 ffffffff VrSy         28043105984       599932015941      0 2-ACTIVE                  ACPI PM
00:00:35.600336 ***
00:00:35.600337 Guest GDT (GCAddr=00000000000fe89f limit=47):
00:00:35.600341 0010 - 0000ffff 00cf9b00 - base=00000000 limit=ffffffff dpl=0 CodeER Accessed Present Page 32-bit 
00:00:35.600341 0018 - 0000ffff 00cf9300 - base=00000000 limit=ffffffff dpl=0 DataRW Accessed Present Page 32-bit 
00:00:35.600342 0020 - 0000ffff 00009b0f - base=000f0000 limit=0000ffff dpl=0 CodeER Accessed Present 16-bit 
00:00:35.600342 0028 - 0000ffff 00009300 - base=00000000 limit=0000ffff dpl=0 DataRW Accessed Present 16-bit 
00:00:35.600343 0040 - 0400ffff 00009300 - base=00000400 limit=0000ffff dpl=0 DataRW Accessed Present 16-bit 
00:00:35.600343 ************** End of Guest state at power off ***************
00:00:35.600682 PDMR3PowerOff: 331 250 ns run time
00:00:35.600693 Changing the VM state from 'POWERING_OFF' to 'OFF'
00:00:35.604391 Changing the VM state from 'OFF' to 'DESTROYING'
00:00:35.604504 ************************* Statistics *************************
00:00:35.604517 /CPUM/MSR-Totals/Reads                             0 times
00:00:35.604520 /CPUM/MSR-Totals/ReadsRaisingGP                    0 times
00:00:35.604522 /CPUM/MSR-Totals/ReadsUnknown                      0 times
00:00:35.604524 /CPUM/MSR-Totals/Writes                            0 times
00:00:35.604530 /CPUM/MSR-Totals/WritesRaisingGP                   0 times
00:00:35.604534 /CPUM/MSR-Totals/WritesToIgnoredBits               0 times
00:00:35.604535 /CPUM/MSR-Totals/WritesUnknown                     0 times
00:00:35.604539 /Devices/8237A/DmaRun                              0 ticks/call (           0 ticks,       0 calls, max         0, min      -1)
00:00:35.604542 /Devices/IDE0/ATA0/Unit0/AtapiDMA                  0 times
00:00:35.604544 /Devices/IDE0/ATA0/Unit0/AtapiPIO                  0 times
00:00:35.604546 /Devices/IDE0/ATA0/Unit0/DMA                       0 times
00:00:35.604548 /Devices/IDE0/ATA0/Unit0/PIO                       0 times
00:00:35.604549 /Devices/IDE0/ATA0/Unit0/ReadBytes                 0 bytes
00:00:35.604551 /Devices/IDE0/ATA0/Unit0/StatusYields            686 ticks/call (        4804 ticks,       7 calls, max      2378, min     252)
00:00:35.604554 /Devices/IDE0/ATA0/Unit0/WrittenBytes              0 bytes
00:00:35.604556 /Devices/IDE0/ATA0/Unit1/AtapiDMA                  0 times
00:00:35.604558 /Devices/IDE0/ATA0/Unit1/AtapiPIO                  0 times
00:00:35.604559 /Devices/IDE0/ATA0/Unit1/DMA                       0 times
00:00:35.604561 /Devices/IDE0/ATA0/Unit1/PIO                       0 times
00:00:35.604563 /Devices/IDE0/ATA0/Unit1/ReadBytes                 0 bytes
00:00:35.604565 /Devices/IDE0/ATA0/Unit1/StatusYields              0 ticks/call (           0 ticks,       0 calls, max         0, min      -1)
00:00:35.604567 /Devices/IDE0/ATA0/Unit1/WrittenBytes              0 bytes
00:00:35.604569 /Devices/IDE0/ATA1/Unit0/AtapiDMA                  0 times
00:00:35.604571 /Devices/IDE0/ATA1/Unit0/AtapiPIO                  0 times
00:00:35.604573 /Devices/IDE0/ATA1/Unit0/DMA                       0 times
00:00:35.604575 /Devices/IDE0/ATA1/Unit0/PIO                       0 times
00:00:35.604577 /Devices/IDE0/ATA1/Unit0/ReadBytes                 0 bytes
00:00:35.604578 /Devices/IDE0/ATA1/Unit0/StatusYields              0 ticks/call (           0 ticks,       0 calls, max         0, min      -1)
00:00:35.604580 /Devices/IDE0/ATA1/Unit0/WrittenBytes              0 bytes
00:00:35.604582 /Devices/IDE0/ATA1/Unit1/AtapiDMA                  0 times
00:00:35.604584 /Devices/IDE0/ATA1/Unit1/AtapiPIO                  0 times
00:00:35.604586 /Devices/IDE0/ATA1/Unit1/DMA                       0 times
00:00:35.604588 /Devices/IDE0/ATA1/Unit1/PIO                       0 times
00:00:35.604589 /Devices/IDE0/ATA1/Unit1/ReadBytes                 0 bytes
00:00:35.604591 /Devices/IDE0/ATA1/Unit1/StatusYields              0 ticks/call (           0 ticks,       0 calls, max         0, min      -1)
00:00:35.604594 /Devices/IDE0/ATA1/Unit1/WrittenBytes              0 bytes
00:00:35.604596 /Devices/VMMDev/BalloonChunks                      0 count
00:00:35.604598 /Devices/VMMDev/FastIrqAckR3                       0 count
00:00:35.604600 /Devices/VMMDev/FastIrqAckRZ                       0 count
00:00:35.604602 /Devices/VMMDev/HGCM-Kernel/BudgetAvailable 1073741824 bytes
00:00:35.604604 /Devices/VMMDev/HGCM-Kernel/BudgetConfig   1073741824 bytes
00:00:35.604606 /Devices/VMMDev/HGCM-Kernel/BudgetOverruns         0 bytes
00:00:35.604607 /Devices/VMMDev/HGCM-Kernel/MessageHeapUsage         0 bytes/call (           0 bytes,       0 calls, max         0, min      -1)
00:00:35.604610 /Devices/VMMDev/HGCM-Root/BudgetAvailable  1073741824 bytes
00:00:35.604612 /Devices/VMMDev/HGCM-Root/BudgetConfig     1073741824 bytes
00:00:35.604613 /Devices/VMMDev/HGCM-Root/BudgetOverruns           0 bytes
00:00:35.604615 /Devices/VMMDev/HGCM-Root/MessageHeapUsage         0 bytes/call (           0 bytes,       0 calls, max         0, min      -1)
00:00:35.604617 /Devices/VMMDev/HGCM-User/BudgetAvailable  1073741824 bytes
00:00:35.604619 /Devices/VMMDev/HGCM-User/BudgetConfig     1073741824 bytes
00:00:35.604621 /Devices/VMMDev/HGCM-User/BudgetOverruns           0 bytes
00:00:35.604623 /Devices/VMMDev/HGCM-User/MessageHeapUsage         0 bytes/call (           0 bytes,       0 calls, max         0, min      -1)
00:00:35.604626 /Devices/VMMDev/LargeReqBufAllocs                  0 count
00:00:35.604628 /Devices/VMMDev/SlowIrqAck                         0 count
00:00:35.604630 /Devices/apic/0                                    0 times
00:00:35.604640 /Devices/e1000#0/ReceiveBytes                      0 bytes
00:00:35.604642 /Devices/e1000#0/TransmitBytes                     0 bytes
00:00:35.604644 /Devices/e1000#0/iStatIntLost                      0 ns
00:00:35.604646 /Devices/e1000#0/iStatIntLostOne                   0 ns
00:00:35.604648 /Devices/e1000#0/u64ArmedAt                        0 ns
00:00:35.604650 /Devices/e1000#0/uStatDescCtx                      0 ns
00:00:35.604651 /Devices/e1000#0/uStatDescDat                      0 ns
00:00:35.604653 /Devices/e1000#0/uStatDescLeg                      0 ns
00:00:35.604655 /Devices/e1000#0/uStatInt                          0 ns
00:00:35.604657 /Devices/e1000#0/uStatIntEarly                     0 ns
00:00:35.604659 /Devices/e1000#0/uStatIntICS                       0 ns
00:00:35.604660 /Devices/e1000#0/uStatIntIMS                       0 ns
00:00:35.604662 /Devices/e1000#0/uStatIntLate                      0 ns
00:00:35.604664 /Devices/e1000#0/uStatIntLower                     0 ns
00:00:35.604666 /Devices/e1000#0/uStatIntMasked                    0 ns
00:00:35.604668 /Devices/e1000#0/uStatIntRDTR                      0 ns
00:00:35.604670 /Devices/e1000#0/uStatIntRXDMT0                    0 ns
00:00:35.604672 /Devices/e1000#0/uStatIntRx                        0 ns
00:00:35.604673 /Devices/e1000#0/uStatIntSkip                      0 ns
00:00:35.604675 /Devices/e1000#0/uStatIntTXQE                      0 ns
00:00:35.604677 /Devices/e1000#0/uStatIntTry                       0 ns
00:00:35.604679 /Devices/e1000#0/uStatIntTx                        0 ns
00:00:35.604681 /Devices/e1000#0/uStatMaxTxDelay                   0 ns
00:00:35.604682 /Devices/e1000#0/uStatNoIntICR                     0 ns
00:00:35.604684 /Devices/e1000#0/uStatRAD                          0 ns
00:00:35.604686 /Devices/e1000#0/uStatRID                          0 ns
00:00:35.604688 /Devices/e1000#0/uStatRxFrm                        0 ns
00:00:35.604689 /Devices/e1000#0/uStatTAD                          0 ns
00:00:35.604691 /Devices/e1000#0/uStatTID                          0 ns
00:00:35.604693 /Devices/e1000#0/uStatTx1514                       0 ns
00:00:35.604695 /Devices/e1000#0/uStatTx16384                      0 ns
00:00:35.604697 /Devices/e1000#0/uStatTx2962                       0 ns
00:00:35.604699 /Devices/e1000#0/uStatTx32768                      0 ns
00:00:35.604701 /Devices/e1000#0/uStatTx4410                       0 ns
00:00:35.604703 /Devices/e1000#0/uStatTx5858                       0 ns
00:00:35.604704 /Devices/e1000#0/uStatTx7306                       0 ns
00:00:35.604706 /Devices/e1000#0/uStatTx8754                       0 ns
00:00:35.604708 /Devices/e1000#0/uStatTxDelayExp                   0 ns
00:00:35.604710 /Devices/e1000#0/uStatTxDelayed                    0 ns
00:00:35.604711 /Devices/e1000#0/uStatTxFrm                        0 ns
00:00:35.604713 /Devices/e1000#0/uStatTxIDE                        0 ns
00:00:35.604715 /Devices/e1000#0/uStatTxLarge                      0 ns
00:00:35.604717 /Devices/e1000#0/uStatTxNoRS                       0 ns
00:00:35.604720 /Devices/ichac97/Stream0/reg-CR                    0 
00:00:35.604722 /Devices/ichac97/Stream0/reg-SR                    0 
00:00:35.604725 /Devices/ichac97/Stream1/reg-CR                    0 
00:00:35.604727 /Devices/ichac97/Stream1/reg-SR                    0 
00:00:35.604729 /Devices/ichac97/Stream2/reg-CR                    0 
00:00:35.604731 /Devices/ichac97/Stream2/reg-SR                    0 
00:00:35.604733 /Devices/ichac97/UnimplementedNabmReads            0 times
00:00:35.604734 /Devices/ichac97/UnimplementedNabmWrites           0 times
00:00:35.604736 /Devices/ichac97/UnimplementedNamReads             0 times
00:00:35.604738 /Devices/ichac97/UnimplementedNamWrites            0 times
00:00:35.604750 /Devices/mc146818/Irq                              0 times
00:00:35.604752 /Devices/mc146818/IrqClear                         0 times
00:00:35.604754 /Devices/mc146818/PiActive                         0 ticks/call (           0 ticks,       0 calls, max         0, min      -1)
00:00:35.604756 /Devices/mc146818/PieFlip                          0 times
00:00:35.604758 /Devices/mc146818/TimerCB                          0 times
00:00:35.604760 /Devices/vga/HgmsiMdaCgaAccesses                   0 times
00:00:35.604762 /Devices/vga/VMSVGA/Cmd/3dActivateSurface          0 times
00:00:35.604764 /Devices/vga/VMSVGA/Cmd/3dBeginQuery               0 times
00:00:35.604766 /Devices/vga/VMSVGA/Cmd/3dBlitSurfaceToScreenProf         0 ticks/call (           0 ticks,       0 calls, max         0, min      -1)
00:00:35.604768 /Devices/vga/VMSVGA/Cmd/3dClear                    0 times
00:00:35.604770 /Devices/vga/VMSVGA/Cmd/3dContextDefine            0 times
00:00:35.604771 /Devices/vga/VMSVGA/Cmd/3dContextDestroy           0 times
00:00:35.604773 /Devices/vga/VMSVGA/Cmd/3dDeactivateSurface         0 times
00:00:35.604775 /Devices/vga/VMSVGA/Cmd/3dDrawPrimitives           0 times
00:00:35.604777 /Devices/vga/VMSVGA/Cmd/3dEndQuery                 0 times
00:00:35.604779 /Devices/vga/VMSVGA/Cmd/3dGenerateMipmaps          0 times
00:00:35.604780 /Devices/vga/VMSVGA/Cmd/3dPresent                  0 times
00:00:35.604782 /Devices/vga/VMSVGA/Cmd/3dPresentReadBack          0 times
00:00:35.604784 /Devices/vga/VMSVGA/Cmd/3dSetClipPlane             0 times
00:00:35.604786 /Devices/vga/VMSVGA/Cmd/3dSetLightData             0 times
00:00:35.604787 /Devices/vga/VMSVGA/Cmd/3dSetLightEnable           0 times
00:00:35.604789 /Devices/vga/VMSVGA/Cmd/3dSetMaterial              0 times
00:00:35.604791 /Devices/vga/VMSVGA/Cmd/3dSetRenderState           0 times
00:00:35.604793 /Devices/vga/VMSVGA/Cmd/3dSetRenderTarget          0 times
00:00:35.604794 /Devices/vga/VMSVGA/Cmd/3dSetScissorRect           0 times
00:00:35.604796 /Devices/vga/VMSVGA/Cmd/3dSetShader                0 times
00:00:35.604798 /Devices/vga/VMSVGA/Cmd/3dSetShaderConst           0 times
00:00:35.604800 /Devices/vga/VMSVGA/Cmd/3dSetTextureState          0 times
00:00:35.604802 /Devices/vga/VMSVGA/Cmd/3dSetTransform             0 times
00:00:35.604803 /Devices/vga/VMSVGA/Cmd/3dSetViewPort              0 times
00:00:35.604805 /Devices/vga/VMSVGA/Cmd/3dSetZRange                0 times
00:00:35.604807 /Devices/vga/VMSVGA/Cmd/3dShaderDefine             0 times
00:00:35.604808 /Devices/vga/VMSVGA/Cmd/3dShaderDestroy            0 times
00:00:35.604810 /Devices/vga/VMSVGA/Cmd/3dSurfaceCopy              0 times
00:00:35.604812 /Devices/vga/VMSVGA/Cmd/3dSurfaceDefine            0 times
00:00:35.604814 /Devices/vga/VMSVGA/Cmd/3dSurfaceDefineV2          0 times
00:00:35.604815 /Devices/vga/VMSVGA/Cmd/3dSurfaceDestroy           0 times
00:00:35.604817 /Devices/vga/VMSVGA/Cmd/3dSurfaceDma               0 times
00:00:35.604819 /Devices/vga/VMSVGA/Cmd/3dSurfaceScreen            0 times
00:00:35.604820 /Devices/vga/VMSVGA/Cmd/3dSurfaceStretchBlt         0 times
00:00:35.604822 /Devices/vga/VMSVGA/Cmd/3dWaitForQuery             0 times
00:00:35.604824 /Devices/vga/VMSVGA/Cmd/AnnotationCopy             0 times
00:00:35.604825 /Devices/vga/VMSVGA/Cmd/AnnotationFill             0 times
00:00:35.604827 /Devices/vga/VMSVGA/Cmd/BlitGmrFbToScreen          0 times
00:00:35.604829 /Devices/vga/VMSVGA/Cmd/BlitScreentoGmrFb          0 times
00:00:35.604830 /Devices/vga/VMSVGA/Cmd/DefineAlphaCursor          0 times
00:00:35.604832 /Devices/vga/VMSVGA/Cmd/DefineCursor               0 times
00:00:35.604834 /Devices/vga/VMSVGA/Cmd/DefineGmr2                 0 times
00:00:35.604836 /Devices/vga/VMSVGA/Cmd/DefineGmr2/Free            0 times
00:00:35.604838 /Devices/vga/VMSVGA/Cmd/DefineGmr2/Modify          0 times
00:00:35.604839 /Devices/vga/VMSVGA/Cmd/DefineGmrFb                0 times
00:00:35.604842 /Devices/vga/VMSVGA/Cmd/DefineScreen               0 times
00:00:35.604845 /Devices/vga/VMSVGA/Cmd/DestroyScreen              0 times
00:00:35.604846 /Devices/vga/VMSVGA/Cmd/DisplayCursor              0 times
00:00:35.604848 /Devices/vga/VMSVGA/Cmd/Escape                     0 times
00:00:35.604850 /Devices/vga/VMSVGA/Cmd/Fence                      0 times
00:00:35.604852 /Devices/vga/VMSVGA/Cmd/InvalidCmd                 0 times
00:00:35.604854 /Devices/vga/VMSVGA/Cmd/MoveCursor                 0 times
00:00:35.604855 /Devices/vga/VMSVGA/Cmd/RectCopy                   0 times
00:00:35.604857 /Devices/vga/VMSVGA/Cmd/RectFill                   0 times
00:00:35.604859 /Devices/vga/VMSVGA/Cmd/RectRopCopy                0 times
00:00:35.604861 /Devices/vga/VMSVGA/Cmd/RemapGmr2                  0 times
00:00:35.604863 /Devices/vga/VMSVGA/Cmd/RemapGmr2/Modify           0 times
00:00:35.604864 /Devices/vga/VMSVGA/Cmd/Update                     0 times
00:00:35.604866 /Devices/vga/VMSVGA/Cmd/UpdateVerbose              0 times
00:00:35.604868 /Devices/vga/VMSVGA/EmtDelayOnBusyFifo             0 ticks/call (           0 ticks,       0 calls, max         0, min      -1)
00:00:35.604870 /Devices/vga/VMSVGA/FifoCommands                   0 times
00:00:35.604872 /Devices/vga/VMSVGA/FifoCursorFetchAgain           0 times
00:00:35.604874 /Devices/vga/VMSVGA/FifoCursorNoChange             0 times
00:00:35.604875 /Devices/vga/VMSVGA/FifoCursorPosition             0 times
00:00:35.604877 /Devices/vga/VMSVGA/FifoCursorVisiblity            0 times
00:00:35.604879 /Devices/vga/VMSVGA/FifoErrors                     0 times
00:00:35.604881 /Devices/vga/VMSVGA/FifoExtendedSleep      24420032885 ticks/call ( 73260098656 ticks,       3 calls, max 39167684050, min    9508)
00:00:35.604883 /Devices/vga/VMSVGA/FifoStalls                     0 ticks/call (           0 ticks,       0 calls, max         0, min      -1)
00:00:35.604886 /Devices/vga/VMSVGA/FifoTodoTimeout                0 times
00:00:35.604887 /Devices/vga/VMSVGA/FifoTodoWoken                  0 times
00:00:35.604889 /Devices/vga/VMSVGA/FifoUnknownCommands            0 times
00:00:35.604891 /Devices/vga/VMSVGA/FifoWatchdogWakeUps            0 times
00:00:35.604894 /Devices/vga/VMSVGA/Reg/BitsPerPixelRead           0 times
00:00:35.604895 /Devices/vga/VMSVGA/Reg/BitsPerPixelWrite          0 times
00:00:35.604897 /Devices/vga/VMSVGA/Reg/BlueMaskRead               0 times
00:00:35.604899 /Devices/vga/VMSVGA/Reg/BusyRead                   0 times
00:00:35.604901 /Devices/vga/VMSVGA/Reg/BusyWrite                  0 times
00:00:35.604903 /Devices/vga/VMSVGA/Reg/BytesPerLineRead           0 times
00:00:35.604904 /Devices/vga/VMSVGA/Reg/CapabilitesRead            0 times
00:00:35.604906 /Devices/vga/VMSVGA/Reg/CmdPrependHighRead         0 times
00:00:35.604908 /Devices/vga/VMSVGA/Reg/CmdPrependHighWrite         0 times
00:00:35.604909 /Devices/vga/VMSVGA/Reg/CmdPrependLowRead          0 times
00:00:35.604911 /Devices/vga/VMSVGA/Reg/CmdPrependLowWrite         0 times
00:00:35.604913 /Devices/vga/VMSVGA/Reg/CommandHighRead            0 times
00:00:35.604914 /Devices/vga/VMSVGA/Reg/CommandHighWrite           0 times
00:00:35.604916 /Devices/vga/VMSVGA/Reg/CommandLowRead             0 times
00:00:35.604918 /Devices/vga/VMSVGA/Reg/CommandLowWrite            0 times
00:00:35.604919 /Devices/vga/VMSVGA/Reg/ConfigDoneRead             0 times
00:00:35.604921 /Devices/vga/VMSVGA/Reg/ConfigDoneWrite            0 times
00:00:35.604923 /Devices/vga/VMSVGA/Reg/CursorIdRead               0 times
00:00:35.604925 /Devices/vga/VMSVGA/Reg/CursorIdWrite              0 times
00:00:35.604926 /Devices/vga/VMSVGA/Reg/CursorMobIdWrite           0 times
00:00:35.604928 /Devices/vga/VMSVGA/Reg/CursorOnRead               0 times
00:00:35.604930 /Devices/vga/VMSVGA/Reg/CursorOnWrite              0 times
00:00:35.604932 /Devices/vga/VMSVGA/Reg/CursorXRead                0 times
00:00:35.604933 /Devices/vga/VMSVGA/Reg/CursorXWrite               0 times
00:00:35.604935 /Devices/vga/VMSVGA/Reg/CursorYRead                0 times
00:00:35.604938 /Devices/vga/VMSVGA/Reg/CursorYWrite               0 times
00:00:35.604940 /Devices/vga/VMSVGA/Reg/DepthRead                  0 times
00:00:35.604942 /Devices/vga/VMSVGA/Reg/DepthWrite                 0 times
00:00:35.604944 /Devices/vga/VMSVGA/Reg/DevCapRead                 0 times
00:00:35.604945 /Devices/vga/VMSVGA/Reg/DevCapWrite                0 times
00:00:35.604947 /Devices/vga/VMSVGA/Reg/DisplayHeightRead          0 times
00:00:35.604949 /Devices/vga/VMSVGA/Reg/DisplayHeightWrite         0 times
00:00:35.604950 /Devices/vga/VMSVGA/Reg/DisplayIdRead              0 times
00:00:35.604952 /Devices/vga/VMSVGA/Reg/DisplayIdWrite             0 times
00:00:35.604954 /Devices/vga/VMSVGA/Reg/DisplayIsPrimaryRead         0 times
00:00:35.604956 /Devices/vga/VMSVGA/Reg/DisplayIsPrimaryWrite         0 times
00:00:35.604957 /Devices/vga/VMSVGA/Reg/DisplayPositionXRead         0 times
00:00:35.604959 /Devices/vga/VMSVGA/Reg/DisplayPositionXWrite         0 times
00:00:35.604961 /Devices/vga/VMSVGA/Reg/DisplayPositionYRead         0 times
00:00:35.604963 /Devices/vga/VMSVGA/Reg/DisplayPositionYWrite         0 times
00:00:35.604964 /Devices/vga/VMSVGA/Reg/DisplayWidthRead           0 times
00:00:35.604966 /Devices/vga/VMSVGA/Reg/DisplayWidthWrite          0 times
00:00:35.604968 /Devices/vga/VMSVGA/Reg/EnableRead                 0 times
00:00:35.604969 /Devices/vga/VMSVGA/Reg/EnableWrite                0 times
00:00:35.604971 /Devices/vga/VMSVGA/Reg/FbOffsetRead               0 times
00:00:35.604973 /Devices/vga/VMSVGA/Reg/FbSizeRead                 0 times
00:00:35.604975 /Devices/vga/VMSVGA/Reg/FbStartRead                0 times
00:00:35.604976 /Devices/vga/VMSVGA/Reg/GBMemSizeRead              0 times
00:00:35.604978 /Devices/vga/VMSVGA/Reg/GmrDescriptorWrite         0 times
00:00:35.604980 /Devices/vga/VMSVGA/Reg/GmrDescriptorWrite/Errors         0 times
00:00:35.604982 /Devices/vga/VMSVGA/Reg/GmrDescriptorWrite/Free         0 times
00:00:35.604983 /Devices/vga/VMSVGA/Reg/GmrIdRead                  0 times
00:00:35.604985 /Devices/vga/VMSVGA/Reg/GmrIdWrite                 0 times
00:00:35.604987 /Devices/vga/VMSVGA/Reg/GmrMaxDescriptorLengthRead         0 times
00:00:35.604989 /Devices/vga/VMSVGA/Reg/GmrMaxIdsRead              0 times
00:00:35.604990 /Devices/vga/VMSVGA/Reg/GmrsMaxPagesRead           0 times
00:00:35.604992 /Devices/vga/VMSVGA/Reg/GreenMaskRead              0 times
00:00:35.604994 /Devices/vga/VMSVGA/Reg/GuestIdRead                0 times
00:00:35.604995 /Devices/vga/VMSVGA/Reg/GuestIdWrite               0 times
00:00:35.604997 /Devices/vga/VMSVGA/Reg/HeightRead                 0 times
00:00:35.604999 /Devices/vga/VMSVGA/Reg/HeightWrite                0 times
00:00:35.605001 /Devices/vga/VMSVGA/Reg/HostBitsPerPixelRead         0 times
00:00:35.605002 /Devices/vga/VMSVGA/Reg/IdRead                     0 times
00:00:35.605004 /Devices/vga/VMSVGA/Reg/IdWrite                    0 times
00:00:35.605006 /Devices/vga/VMSVGA/Reg/IrqMaskRead                0 times
00:00:35.605008 /Devices/vga/VMSVGA/Reg/IrqMaskWrite               0 times
00:00:35.605009 /Devices/vga/VMSVGA/Reg/MaxHeightRead              0 times
00:00:35.605011 /Devices/vga/VMSVGA/Reg/MaxPrimBBMemRead           0 times
00:00:35.605013 /Devices/vga/VMSVGA/Reg/MaxWidthRead               0 times
00:00:35.605014 /Devices/vga/VMSVGA/Reg/MemRegsRead                0 times
00:00:35.605016 /Devices/vga/VMSVGA/Reg/MemSizeRead                0 times
00:00:35.605018 /Devices/vga/VMSVGA/Reg/MemStartRead               0 times
00:00:35.605020 /Devices/vga/VMSVGA/Reg/MemorySizeRead             0 times
00:00:35.605021 /Devices/vga/VMSVGA/Reg/MobMaxSizeRead             0 times
00:00:35.605023 /Devices/vga/VMSVGA/Reg/NumDisplaysRead            0 times
00:00:35.605025 /Devices/vga/VMSVGA/Reg/NumDisplaysWrite           0 times
00:00:35.605026 /Devices/vga/VMSVGA/Reg/NumGuestDisplaysRead         0 times
00:00:35.605028 /Devices/vga/VMSVGA/Reg/NumGuestDisplaysWrite         0 times
00:00:35.605031 /Devices/vga/VMSVGA/Reg/PaletteRead                0 times
00:00:35.605033 /Devices/vga/VMSVGA/Reg/PaletteWrite               0 times
00:00:35.605035 /Devices/vga/VMSVGA/Reg/PitchLockRead              0 times
00:00:35.605036 /Devices/vga/VMSVGA/Reg/PitchLockWrite             0 times
00:00:35.605038 /Devices/vga/VMSVGA/Reg/PseudoColorWrite           0 times
00:00:35.605040 /Devices/vga/VMSVGA/Reg/PsuedoColorRead            0 times
00:00:35.605042 /Devices/vga/VMSVGA/Reg/ReadOnlyWrite              0 times
00:00:35.605043 /Devices/vga/VMSVGA/Reg/RedMaskRead                0 times
00:00:35.605045 /Devices/vga/VMSVGA/Reg/ScratchRead                0 times
00:00:35.605047 /Devices/vga/VMSVGA/Reg/ScratchSizeRead            0 times
00:00:35.605048 /Devices/vga/VMSVGA/Reg/ScratchWrite               0 times
00:00:35.605050 /Devices/vga/VMSVGA/Reg/ScrnTgtMaxHeightRead         0 times
00:00:35.605052 /Devices/vga/VMSVGA/Reg/ScrnTgtMaxWidthRead         0 times
00:00:35.605053 /Devices/vga/VMSVGA/Reg/SyncRead                   0 times
00:00:35.605055 /Devices/vga/VMSVGA/Reg/SyncWrite                  0 times
00:00:35.605057 /Devices/vga/VMSVGA/Reg/TopRead                    0 times
00:00:35.605059 /Devices/vga/VMSVGA/Reg/TopWrite                   0 times
00:00:35.605061 /Devices/vga/VMSVGA/Reg/TracesRead                 0 times
00:00:35.605062 /Devices/vga/VMSVGA/Reg/TracesWrite                0 times
00:00:35.605064 /Devices/vga/VMSVGA/Reg/UnknownRead                0 times
00:00:35.605066 /Devices/vga/VMSVGA/Reg/UnknownWrite               0 times
00:00:35.605068 /Devices/vga/VMSVGA/Reg/VramSizeRead               0 times
00:00:35.605069 /Devices/vga/VMSVGA/Reg/WidthRead                  0 times
00:00:35.605071 /Devices/vga/VMSVGA/Reg/WidthWrite                 0 times
00:00:35.605073 /Devices/vga/VMSVGA/Reg/WriteOnlyRead              0 times
00:00:35.605075 /Drivers/AUDIO-0/TotalStreamsCreated               0 count
00:00:35.605077 /Drivers/AUDIO-1/TotalStreamsCreated               0 count
00:00:35.605079 /Drivers/AUDIO-2/TotalStreamsCreated               0 count
00:00:35.605080 /Drivers/IntNet-0/BadFrames                        0 count
00:00:35.605082 /Drivers/IntNet-0/Bytes/Received                   0 bytes
00:00:35.605084 /Drivers/IntNet-0/Bytes/Sent                       0 bytes
00:00:35.605086 /Drivers/IntNet-0/Overflows/Recv                   0 count
00:00:35.605088 /Drivers/IntNet-0/Overflows/Sent                   0 count
00:00:35.605089 /Drivers/IntNet-0/Packets/Lost                     0 count
00:00:35.605091 /Drivers/IntNet-0/Packets/Received                 0 count
00:00:35.605093 /Drivers/IntNet-0/Packets/Received-Gso             0 count
00:00:35.605095 /Drivers/IntNet-0/Packets/Sent                     0 count
00:00:35.605097 /Drivers/IntNet-0/Packets/Sent-Gso                 0 count
00:00:35.605098 /Drivers/IntNet-0/Packets/Sent-R0                  0 count
00:00:35.605100 /Drivers/IntNet-0/Recv1                            0 ticks/call (           0 ticks,       0 calls, max         0, min      -1)
00:00:35.605102 /Drivers/IntNet-0/Recv2                            0 ticks/call (           0 ticks,       0 calls, max         0, min      -1)
00:00:35.605104 /Drivers/IntNet-0/Reserved                         0 ticks/call (           0 ticks,       0 calls, max         0, min      -1)
00:00:35.605106 /Drivers/IntNet-0/Send1                            0 ticks/call (           0 ticks,       0 calls, max         0, min      -1)
00:00:35.605108 /Drivers/IntNet-0/Send2                            0 ticks/call (           0 ticks,       0 calls, max         0, min      -1)
00:00:35.605111 /Drivers/IntNet-0/XmitProcessRing                  0 count
00:00:35.605112 /Drivers/IntNet-0/XmitWakeup-R0                    0 count
00:00:35.605114 /Drivers/IntNet-0/XmitWakeup-R3                    0 count
00:00:35.605116 /Drivers/IntNet-0/YieldNok                         0 count
00:00:35.605118 /Drivers/IntNet-0/YieldOk                          0 count
00:00:35.605121 /EM/CPU0/ExitHashing/Step00-Hits                1235 times
00:00:35.605123 /EM/CPU0/ExitHashing/Step00-NewInserts           106 times
00:00:35.605125 /EM/CPU0/ExitHashing/Step01-Hits                 191 times
00:00:35.605127 /EM/CPU0/ExitHashing/Step01-NewInserts             6 times
00:00:35.605133 /EM/CPU0/ExitHashing/Used                        112 times
00:00:35.605134 /EM/CPU0/ExitOpt/Exec                              0 ticks/call (           0 ticks,       0 calls, max         0, min      -1)
00:00:35.605137 /EM/CPU0/ExitOpt/ExecInstructions                  0 times
00:00:35.605139 /EM/CPU0/ExitOpt/ExecRetReasonForcedFlag           0 times
00:00:35.605140 /EM/CPU0/ExitOpt/ExecRetReasonHostInterrupt         0 times
00:00:35.605142 /EM/CPU0/ExitOpt/ExecRetReasonLongJump             0 times
00:00:35.605144 /EM/CPU0/ExitOpt/ExecRetReasonMaxDistance          0 times
00:00:35.605146 /EM/CPU0/ExitOpt/ExecRetReasonMaxInstructions         0 times
00:00:35.605147 /EM/CPU0/ExitOpt/ExecRetReasonNormal               0 times
00:00:35.605149 /EM/CPU0/ExitOpt/ExecRetReasonTimer                0 times
00:00:35.605151 /EM/CPU0/ExitOpt/ExecSavedExit                     0 times
00:00:35.605153 /EM/CPU0/ExitOpt/Probe                        282308 ticks/call (      282308 ticks,       1 calls, max    282308, min  282308)
00:00:35.605155 /EM/CPU0/ExitOpt/ProbeInstructions               105 times
00:00:35.605157 /EM/CPU0/ExitOpt/ProbedExecWithMax                 1 times
00:00:35.605159 /EM/CPU0/ExitOpt/ProbedNormal                      0 times
00:00:35.605161 /EM/CPU0/ExitOpt/ProbedToRing3                     0 times
00:00:35.605163 /GMM/ChunkTlbHits                                  0 times
00:00:35.605165 /GMM/ChunkTlbMisses                                0 times
00:00:35.605176 /GMM/VM/Allocated/cBasePages                       0 pages
00:00:35.605178 /GMM/VM/Allocated/cFixedPages                      0 pages
00:00:35.605180 /GMM/VM/Allocated/cShadowPages                     0 pages
00:00:35.605182 /GMM/VM/Reserved/cBasePages                   131175 pages
00:00:35.605184 /GMM/VM/Reserved/cFixedPages                    5636 pages
00:00:35.605186 /GMM/VM/Reserved/cShadowPages                      1 pages
00:00:35.605188 /GMM/VM/cBalloonedPages                            0 pages
00:00:35.605190 /GMM/VM/cMaxBalloonedPages                         0 pages
00:00:35.605192 /GMM/VM/cPrivatePages                              0 pages
00:00:35.605194 /GMM/VM/cReqActuallyBalloonedPages                 0 pages
00:00:35.605195 /GMM/VM/cReqBalloonedPages                         0 pages
00:00:35.605197 /GMM/VM/cReqDeflatePages                           0 pages
00:00:35.605199 /GMM/VM/cShareableModules                          0 count
00:00:35.605201 /GMM/VM/cSharedPages                               0 pages
00:00:35.605203 /GMM/VM/enmPolicy                                  1 
00:00:35.605205 /GMM/VM/enmPriority                                2 
00:00:35.605207 /GMM/VM/fBallooningEnabled                 false    
00:00:35.605209 /GMM/VM/fMayAllocate                       true     
00:00:35.605211 /GMM/VM/fSharedPagingEnabled               false    
00:00:35.605213 /GMM/cAllocatedPages                               0 pages
00:00:35.605214 /GMM/cBalloonedPages                               0 pages
00:00:35.605216 /GMM/cChunks                                       0 count
00:00:35.605218 /GMM/cDuplicatePages                               0 pages
00:00:35.605220 /GMM/cFreedChunks                                  0 count
00:00:35.605222 /GMM/cLeftBehindSharedPages                        0 pages
00:00:35.605224 /GMM/cMaxPages                             4294967295 pages
00:00:35.605226 /GMM/cOverCommittedPages                           0 pages
00:00:35.605228 /GMM/cReservedPages                           136812 pages
00:00:35.605230 /GMM/cShareableModules                             0 count
00:00:35.605232 /GMM/cSharedPages                                  0 pages
00:00:35.605234 /GMM/idFreeGeneration                      4611686018427387775 
00:00:35.605322 /GVMM/EMTs                                         1 count
00:00:35.605326 /GVMM/HostCPUs                                    12 count
00:00:35.605329 /GVMM/HostCpus/0                                   0 
00:00:35.605331 /GVMM/HostCpus/0/CurTimerHz                        0 Hz
00:00:35.605334 /GVMM/HostCpus/0/DesiredHz                         0 Hz
00:00:35.605336 /GVMM/HostCpus/0/PPTChanges                        0 times
00:00:35.605338 /GVMM/HostCpus/0/PPTStarts                         0 times
00:00:35.605341 /GVMM/HostCpus/0/idxCpuSet                         0 
00:00:35.605343 /GVMM/HostCpus/1                                   1 
00:00:35.605346 /GVMM/HostCpus/1/CurTimerHz                        0 Hz
00:00:35.605348 /GVMM/HostCpus/1/DesiredHz                         0 Hz
00:00:35.605350 /GVMM/HostCpus/1/PPTChanges                        0 times
00:00:35.605353 /GVMM/HostCpus/1/PPTStarts                         0 times
00:00:35.605355 /GVMM/HostCpus/1/idxCpuSet                         1 
00:00:35.605357 /GVMM/HostCpus/10                                 10 
00:00:35.605360 /GVMM/HostCpus/10/CurTimerHz                       0 Hz
00:00:35.605362 /GVMM/HostCpus/10/DesiredHz                        0 Hz
00:00:35.605364 /GVMM/HostCpus/10/PPTChanges                       0 times
00:00:35.605367 /GVMM/HostCpus/10/PPTStarts                        0 times
00:00:35.605369 /GVMM/HostCpus/10/idxCpuSet                       10 
00:00:35.605371 /GVMM/HostCpus/11                                 11 
00:00:35.605374 /GVMM/HostCpus/11/CurTimerHz                       0 Hz
00:00:35.605376 /GVMM/HostCpus/11/DesiredHz                        0 Hz
00:00:35.605378 /GVMM/HostCpus/11/PPTChanges                       0 times
00:00:35.605381 /GVMM/HostCpus/11/PPTStarts                        0 times
00:00:35.605383 /GVMM/HostCpus/11/idxCpuSet                       11 
00:00:35.605386 /GVMM/HostCpus/2                                   2 
00:00:35.605388 /GVMM/HostCpus/2/CurTimerHz                        0 Hz
00:00:35.605390 /GVMM/HostCpus/2/DesiredHz                         0 Hz
00:00:35.605393 /GVMM/HostCpus/2/PPTChanges                        0 times
00:00:35.605395 /GVMM/HostCpus/2/PPTStarts                         0 times
00:00:35.605397 /GVMM/HostCpus/2/idxCpuSet                         2 
00:00:35.605400 /GVMM/HostCpus/3                                   3 
00:00:35.605402 /GVMM/HostCpus/3/CurTimerHz                        0 Hz
00:00:35.605404 /GVMM/HostCpus/3/DesiredHz                         0 Hz
00:00:35.605407 /GVMM/HostCpus/3/PPTChanges                        0 times
00:00:35.605409 /GVMM/HostCpus/3/PPTStarts                         0 times
00:00:35.605411 /GVMM/HostCpus/3/idxCpuSet                         3 
00:00:35.605414 /GVMM/HostCpus/4                                   4 
00:00:35.605416 /GVMM/HostCpus/4/CurTimerHz                        0 Hz
00:00:35.605419 /GVMM/HostCpus/4/DesiredHz                         0 Hz
00:00:35.605421 /GVMM/HostCpus/4/PPTChanges                        0 times
00:00:35.605423 /GVMM/HostCpus/4/PPTStarts                         0 times
00:00:35.605425 /GVMM/HostCpus/4/idxCpuSet                         4 
00:00:35.605427 /GVMM/HostCpus/5                                   5 
00:00:35.605429 /GVMM/HostCpus/5/CurTimerHz                        0 Hz
00:00:35.605430 /GVMM/HostCpus/5/DesiredHz                         0 Hz
00:00:35.605432 /GVMM/HostCpus/5/PPTChanges                        0 times
00:00:35.605434 /GVMM/HostCpus/5/PPTStarts                         0 times
00:00:35.605436 /GVMM/HostCpus/5/idxCpuSet                         5 
00:00:35.605437 /GVMM/HostCpus/6                                   6 
00:00:35.605439 /GVMM/HostCpus/6/CurTimerHz                        0 Hz
00:00:35.605441 /GVMM/HostCpus/6/DesiredHz                         0 Hz
00:00:35.605443 /GVMM/HostCpus/6/PPTChanges                        0 times
00:00:35.605445 /GVMM/HostCpus/6/PPTStarts                         0 times
00:00:35.605448 /GVMM/HostCpus/6/idxCpuSet                         6 
00:00:35.605450 /GVMM/HostCpus/7                                   7 
00:00:35.605452 /GVMM/HostCpus/7/CurTimerHz                        0 Hz
00:00:35.605454 /GVMM/HostCpus/7/DesiredHz                         0 Hz
00:00:35.605455 /GVMM/HostCpus/7/PPTChanges                        0 times
00:00:35.605457 /GVMM/HostCpus/7/PPTStarts                         0 times
00:00:35.605459 /GVMM/HostCpus/7/idxCpuSet                         7 
00:00:35.605461 /GVMM/HostCpus/8                                   8 
00:00:35.605463 /GVMM/HostCpus/8/CurTimerHz                        0 Hz
00:00:35.605464 /GVMM/HostCpus/8/DesiredHz                         0 Hz
00:00:35.605466 /GVMM/HostCpus/8/PPTChanges                        0 times
00:00:35.605468 /GVMM/HostCpus/8/PPTStarts                         0 times
00:00:35.605470 /GVMM/HostCpus/8/idxCpuSet                         8 
00:00:35.605472 /GVMM/HostCpus/9                                   9 
00:00:35.605474 /GVMM/HostCpus/9/CurTimerHz                        0 Hz
00:00:35.605475 /GVMM/HostCpus/9/DesiredHz                         0 Hz
00:00:35.605477 /GVMM/HostCpus/9/PPTChanges                        0 times
00:00:35.605479 /GVMM/HostCpus/9/PPTStarts                         0 times
00:00:35.605481 /GVMM/HostCpus/9/idxCpuSet                         9 
00:00:35.605483 /GVMM/Sum/HaltBlocking                          1994 calls
00:00:35.605485 /GVMM/Sum/HaltCalls                            24301 calls
00:00:35.605487 /GVMM/Sum/HaltNotBlocking                      22307 calls
00:00:35.605489 /GVMM/Sum/HaltTimeouts                           625 calls
00:00:35.605491 /GVMM/Sum/HaltWakeUps                              0 calls
00:00:35.605493 /GVMM/Sum/PokeCalls                                0 calls
00:00:35.605495 /GVMM/Sum/PokeNotBusy                              0 calls
00:00:35.605496 /GVMM/Sum/PollCalls                                0 calls
00:00:35.605498 /GVMM/Sum/PollHalts                                0 calls
00:00:35.605500 /GVMM/Sum/PollWakeUps                              0 calls
00:00:35.605502 /GVMM/Sum/WakeUpCalls                           1372 calls
00:00:35.605504 /GVMM/Sum/WakeUpNotHalted                         10 calls
00:00:35.605506 /GVMM/Sum/WakeUpWakeUps                            0 calls
00:00:35.605508 /GVMM/VCpus/0/Start                                0 ticks/call (           0 ticks,       0 calls, max         0, min       0)
00:00:35.605510 /GVMM/VCpus/0/Stop                                 0 ticks/call (           0 ticks,       0 calls, max         0, min       0)
00:00:35.605512 /GVMM/VCpus/0/cWakeUpTimerCanceled                 0 times
00:00:35.605514 /GVMM/VCpus/0/cWakeUpTimerHits                     0 times
00:00:35.605516 /GVMM/VCpus/0/cWakeUpTimerMisses                   0 times
00:00:35.605518 /GVMM/VCpus/0/cWakeUpTimerSameCpu                  0 times
00:00:35.605520 /GVMM/VM/HaltBlocking                           1994 calls
00:00:35.605522 /GVMM/VM/HaltCalls                             24301 calls
00:00:35.605524 /GVMM/VM/HaltNotBlocking                       22307 calls
00:00:35.605525 /GVMM/VM/HaltTimeouts                            625 calls
00:00:35.605527 /GVMM/VM/HaltWakeUps                               0 calls
00:00:35.605529 /GVMM/VM/PokeCalls                                 0 calls
00:00:35.605531 /GVMM/VM/PokeNotBusy                               0 calls
00:00:35.605533 /GVMM/VM/PollCalls                                 0 calls
00:00:35.605535 /GVMM/VM/PollHalts                                 0 calls
00:00:35.605537 /GVMM/VM/PollWakeUps                               0 calls
00:00:35.605539 /GVMM/VM/WakeUpCalls                            1372 calls
00:00:35.605541 /GVMM/VM/WakeUpNotHalted                          10 calls
00:00:35.605543 /GVMM/VM/WakeUpWakeUps                             0 calls
00:00:35.605545 /GVMM/VMs                                          1 count
00:00:35.605547 /HGCM/FailedPageListLocking                        0 count
00:00:35.605550 /HGCM/LargeCmdAllocs                               0 count
00:00:35.605552 /HGCM/MsgArrival                                   0 ticks/call (           0 ticks,       0 calls, max         0, min      -1)
00:00:35.605554 /HGCM/MsgCompletion                                0 ticks/call (           0 ticks,       0 calls, max         0, min      -1)
00:00:35.605556 /HGCM/MsgTotal                                     0 ticks/call (           0 ticks,       0 calls, max         0, min      -1)
00:00:35.605559 /IEM/CPU0/Exceptions/06                         3517 times
00:00:35.605561 /IEM/CPU0/Exceptions/0d                          587 times
00:00:35.605565 /IEM/CPU0/Interrupts/03                          586 times
00:00:35.605567 /IEM/CPU0/Interrupts/08                          623 times
00:00:35.605569 /IEM/CPU0/Interrupts/10                           52 times
00:00:35.605571 /IEM/CPU0/Interrupts/13                            3 times
00:00:35.605573 /IEM/CPU0/Interrupts/16                          158 times
00:00:35.605574 /IEM/CPU0/Interrupts/19                            1 times
00:00:35.605576 /IEM/CPU0/Interrupts/1a                           13 times
00:00:35.605578 /IEM/CPU0/Interrupts/1c                          623 times
00:00:35.605581 /IEM/CPU0/Interrupts/6d                            1 times
00:00:35.605586 /IEM/CPU0/Tlb/Code/InvlPg                          0 
00:00:35.605588 /IEM/CPU0/Tlb/Code/InvlPg/LargeGlobal              0 
00:00:35.605590 /IEM/CPU0/Tlb/Code/InvlPg/LargeNonGlobal           0 
00:00:35.605592 /IEM/CPU0/Tlb/Code/LargePageGlobalCurLoads         0 count
00:00:35.605594 /IEM/CPU0/Tlb/Code/LargePageGlobalFirstTag ffffffffffffffff count
00:00:35.605596 /IEM/CPU0/Tlb/Code/LargePageGlobalLastTag          0 count
00:00:35.605598 /IEM/CPU0/Tlb/Code/LargePageNonGlobalCurLoads         0 count
00:00:35.605599 /IEM/CPU0/Tlb/Code/LargePageNonGlobalFirstTag ffffffffffffffff count
00:00:35.605601 /IEM/CPU0/Tlb/Code/LargePageNonGlobalLastTag         0 count
00:00:35.605603 /IEM/CPU0/Tlb/Code/Misses                          0 count
00:00:35.605605 /IEM/CPU0/Tlb/Code/Misses/GlobalLoads              0 count
00:00:35.605607 /IEM/CPU0/Tlb/Code/PhysicalRevision        fffffffffffce000 
00:00:35.605609 /IEM/CPU0/Tlb/Code/PhysicalRevisionFlushes         0 
00:00:35.605610 /IEM/CPU0/Tlb/Code/PhysicalRevisionRollovers         0 
00:00:35.605612 /IEM/CPU0/Tlb/Code/RevisionGlobal          fffff38000000000 
00:00:35.605614 /IEM/CPU0/Tlb/Code/RevisionGlobalFlushes           0 
00:00:35.605616 /IEM/CPU0/Tlb/Code/RevisionNonGlobal       fffff38000000000 
00:00:35.605618 /IEM/CPU0/Tlb/Code/RevisionNonGlobalFlushes         0 
00:00:35.605619 /IEM/CPU0/Tlb/Code/RevisionRollovers               0 
00:00:35.605621 /IEM/CPU0/Tlb/Code/SlowReads                       0 count
00:00:35.605623 /IEM/CPU0/Tlb/Data/InvlPg                          0 
00:00:35.605625 /IEM/CPU0/Tlb/Data/InvlPg/LargeGlobal              0 
00:00:35.605627 /IEM/CPU0/Tlb/Data/InvlPg/LargeNonGlobal           0 
00:00:35.605628 /IEM/CPU0/Tlb/Data/LargePageGlobalCurLoads         0 count
00:00:35.605630 /IEM/CPU0/Tlb/Data/LargePageGlobalFirstTag ffffffffffffffff count
00:00:35.605632 /IEM/CPU0/Tlb/Data/LargePageGlobalLastTag          0 count
00:00:35.605634 /IEM/CPU0/Tlb/Data/LargePageNonGlobalCurLoads         0 count
00:00:35.605635 /IEM/CPU0/Tlb/Data/LargePageNonGlobalFirstTag ffffffffffffffff count
00:00:35.605637 /IEM/CPU0/Tlb/Data/LargePageNonGlobalLastTag         0 count
00:00:35.605640 /IEM/CPU0/Tlb/Data/Misses                          0 count
00:00:35.605641 /IEM/CPU0/Tlb/Data/Misses/Core                     0 count
00:00:35.605643 /IEM/CPU0/Tlb/Data/Misses/Core/GlobalLoads         0 count
00:00:35.605645 /IEM/CPU0/Tlb/Data/Misses/Safe                     0 count
00:00:35.605647 /IEM/CPU0/Tlb/Data/Misses/Safe/Reads               0 count
00:00:35.605649 /IEM/CPU0/Tlb/Data/Misses/Safe/SubPartHits         0 count
00:00:35.605651 /IEM/CPU0/Tlb/Data/Misses/Safe/SubPartMisses         0 count
00:00:35.605653 /IEM/CPU0/Tlb/Data/Misses/Safe/SubPartMisses/GlobalLoads         0 count
00:00:35.605656 /IEM/CPU0/Tlb/Data/Misses/Safe/Writes              0 count
00:00:35.605657 /IEM/CPU0/Tlb/Data/PhysicalRevision        fffffffffffce000 
00:00:35.605659 /IEM/CPU0/Tlb/Data/PhysicalRevisionFlushes         0 
00:00:35.605661 /IEM/CPU0/Tlb/Data/PhysicalRevisionRollovers         0 
00:00:35.605663 /IEM/CPU0/Tlb/Data/RevisionGlobal          fffff38000000000 
00:00:35.605665 /IEM/CPU0/Tlb/Data/RevisionGlobalFlushes           0 
00:00:35.605666 /IEM/CPU0/Tlb/Data/RevisionNonGlobal       fffff38000000000 
00:00:35.605668 /IEM/CPU0/Tlb/Data/RevisionNonGlobalFlushes         0 
00:00:35.605670 /IEM/CPU0/Tlb/Data/RevisionRollovers               0 
00:00:35.605672 /IEM/CPU0/cInstructions                      1446561 count
00:00:35.605674 /IEM/CPU0/cLongJumps                             587 bytes
00:00:35.605676 /IEM/CPU0/cMisalignedAtomics                       0 count
00:00:35.605678 /IEM/CPU0/cPendingCommit                           0 count
00:00:35.605679 /IEM/CPU0/cPotentialExits                      46846 count
00:00:35.605681 /IEM/CPU0/cRetAspectNotImplemented                 0 count
00:00:35.605683 /IEM/CPU0/cRetErrStatuses                          0 count
00:00:35.605685 /IEM/CPU0/cRetInfStatuses                       4725 count
00:00:35.605687 /IEM/CPU0/cRetInstrNotImplemented                  0 count
00:00:35.605689 /IOM/MmioMappingsStale                             0 ticks/call
00:00:35.605691 /IOM/MmioTooDeepRecursion                          0 times
00:00:35.605693 /NEM/CPU0/BreakOnCancel                            0 times
00:00:35.605695 /NEM/CPU0/BreakOnFFPost                            4 times
00:00:35.605697 /NEM/CPU0/BreakOnFFPre                             1 times
00:00:35.605699 /NEM/CPU0/BreakOnStatus                            0 times
00:00:35.605701 /NEM/CPU0/CancelAlertedEMT                         0 times
00:00:35.605702 /NEM/CPU0/CancelChangedState                       0 times
00:00:35.605704 /NEM/CPU0/ExitApicEoi                              0 times
00:00:35.605706 /NEM/CPU0/ExitApicSipiInit                         0 times
00:00:35.605708 /NEM/CPU0/ExitCanceled                             1 times
00:00:35.605710 /NEM/CPU0/ExitCpuId                                0 times
00:00:35.605712 /NEM/CPU0/ExitException                            0 times
00:00:35.605714 /NEM/CPU0/ExitExceptionBp                          0 times
00:00:35.605715 /NEM/CPU0/ExitExceptionDb                          0 times
00:00:35.605717 /NEM/CPU0/ExitExceptionGp                          0 times
00:00:35.605719 /NEM/CPU0/ExitExceptionGpMesa                      0 times
00:00:35.605721 /NEM/CPU0/ExitExceptionUd                          0 times
00:00:35.605723 /NEM/CPU0/ExitExceptionUdHandled                   0 times
00:00:35.605725 /NEM/CPU0/ExitHalt                                 0 times
00:00:35.605727 /NEM/CPU0/ExitInterruptWindow                      0 times
00:00:35.605728 /NEM/CPU0/ExitMemUnmapped                        281 times
00:00:35.605730 /NEM/CPU0/ExitMsr                                  0 times
00:00:35.605732 /NEM/CPU0/ExitPortIo                            1257 times
00:00:35.605734 /NEM/CPU0/ExitUnrecoverable                        0 times
00:00:35.605736 /NEM/CPU0/GetMsgTimeout                            0 times
00:00:35.605738 /NEM/CPU0/ImportOnDemand                           2 times
00:00:35.605739 /NEM/CPU0/ImportOnReturn                           3 times
00:00:35.605741 /NEM/CPU0/ImportOnReturnSkipped                    2 times
00:00:35.605743 /NEM/CPU0/QueryCpuTick                             1 times
00:00:35.605745 /NEM/CPU0/StopCpuPending                           0 times
00:00:35.605747 /NEM/CPU0/StopCpuPendingAlerts                     0 times
00:00:35.605748 /NEM/CPU0/StopCpuPendingOdd                        0 times
00:00:35.605750 /NEM/CPU0/StopCpuSuccess                           0 times
00:00:35.605752 /NEM/PagesCurrentlyMapped                  4294967284 pages
00:00:35.605755 /NEM/PagesMapCalls                                 0 pages
00:00:35.605758 /NEM/PagesMapFails                                 0 pages
00:00:35.605760 /NEM/PagesMapGpaRange                        1349132 ticks/call (    17538722 ticks,      13 calls, max  16060359, min   31920)
00:00:35.605762 /NEM/PagesMapGpaRangePage                          0 ticks/call (           0 ticks,       0 calls, max         0, min      -1)
00:00:35.605764 /NEM/PagesUnmapCalls                              12 pages
00:00:35.605766 /NEM/PagesUnmapFails                               0 pages
00:00:35.605768 /NEM/PagesUnmapGpaRange                            0 ticks/call (           0 ticks,       0 calls, max         0, min      -1)
00:00:35.605770 /NEM/PagesUnmapGpaRangePage                    25617 ticks/call (      307404 ticks,      12 calls, max     67498, min   18450)
00:00:35.605774 /NEM/R0Stats/cPagesAvailable                       0 pages
00:00:35.605776 /NEM/R0Stats/cPagesInUse                           0 pages
00:00:35.605778 /PDM/BlkCache/cbCached                             0 bytes
00:00:35.605780 /PDM/BlkCache/cbCachedFru                          0 bytes
00:00:35.605782 /PDM/BlkCache/cbCachedMruIn                        0 bytes
00:00:35.605784 /PDM/BlkCache/cbCachedMruOut                       0 bytes
00:00:35.605785 /PDM/BlkCache/cbMax                          5242880 bytes
00:00:35.605787 /PDM/CritSects/00-AbortedEnters                    0 times
00:00:35.605789 /PDM/CritSects/00-EntersWhileAborting              0 times
00:00:35.605791 /PDM/CritSects/00-Non-interruptible-Waits-VINF_SUCCESS         0 times
00:00:35.605793 /PDM/CritSects/00-QueuedLeaves                     0 times
00:00:35.605795 /PDM/CritSects/00-VERR_INTERRUPTED                 0 times
00:00:35.605797 /PDM/CritSects/00-VERR_TIMEOUT                     0 times
00:00:35.605798 /PDM/CritSects/8237A#0Auto/ContentionR3            0 times
00:00:35.605800 /PDM/CritSects/8237A#0Auto/ContentionR3Wait         0 ticks/time (           0 ticks,       0 times, max         0, min      -1)
00:00:35.605802 /PDM/CritSects/8237A#0Auto/ContentionRZLock         0 times
00:00:35.605804 /PDM/CritSects/8237A#0Auto/ContentionRZLockBusy         0 times
00:00:35.605806 /PDM/CritSects/8237A#0Auto/ContentionRZUnlock         0 times
00:00:35.605808 /PDM/CritSects/8237A#0Auto/ContentionRZWait         0 ticks/time (           0 ticks,       0 times, max         0, min      -1)
00:00:35.605810 /PDM/CritSects/AC'97/ContentionR3                  0 times
00:00:35.605811 /PDM/CritSects/AC'97/ContentionR3Wait              0 ticks/time (           0 ticks,       0 times, max         0, min      -1)
00:00:35.605814 /PDM/CritSects/AC'97/ContentionRZLock              0 times
00:00:35.605815 /PDM/CritSects/AC'97/ContentionRZLockBusy          0 times
00:00:35.605817 /PDM/CritSects/AC'97/ContentionRZUnlock            0 times
00:00:35.605819 /PDM/CritSects/AC'97/ContentionRZWait              0 ticks/time (           0 ticks,       0 times, max         0, min      -1)
00:00:35.605821 /PDM/CritSects/AHCI#0/ContentionR3                 0 times
00:00:35.605823 /PDM/CritSects/AHCI#0/ContentionR3Wait             0 ticks/time (           0 ticks,       0 times, max         0, min      -1)
00:00:35.605825 /PDM/CritSects/AHCI#0/ContentionRZLock             0 times
00:00:35.605827 /PDM/CritSects/AHCI#0/ContentionRZLockBusy         0 times
00:00:35.605829 /PDM/CritSects/AHCI#0/ContentionRZUnlock           0 times
00:00:35.605831 /PDM/CritSects/AHCI#0/ContentionRZWait             0 ticks/time (           0 ticks,       0 times, max         0, min      -1)
00:00:35.605833 /PDM/CritSects/ATA#0-Ctl/ContentionR3              2 times
00:00:35.605834 /PDM/CritSects/ATA#0-Ctl/ContentionR3Wait      43587 ticks/time (       87175 ticks,       2 times, max     50242, min   36933)
00:00:35.605837 /PDM/CritSects/ATA#0-Ctl/ContentionRZLock          0 times
00:00:35.605838 /PDM/CritSects/ATA#0-Ctl/ContentionRZLockBusy         0 times
00:00:35.605840 /PDM/CritSects/ATA#0-Ctl/ContentionRZUnlock         0 times
00:00:35.605843 /PDM/CritSects/ATA#0-Ctl/ContentionRZWait          0 ticks/time (           0 ticks,       0 times, max         0, min      -1)
00:00:35.605845 /PDM/CritSects/ATA#0-Req/ContentionR3              0 times
00:00:35.605847 /PDM/CritSects/ATA#0-Req/ContentionR3Wait          0 ticks/time (           0 ticks,       0 times, max         0, min      -1)
00:00:35.605849 /PDM/CritSects/ATA#0-Req/ContentionRZLock          0 times
00:00:35.605851 /PDM/CritSects/ATA#0-Req/ContentionRZLockBusy         0 times
00:00:35.605852 /PDM/CritSects/ATA#0-Req/ContentionRZUnlock         0 times
00:00:35.605854 /PDM/CritSects/ATA#0-Req/ContentionRZWait          0 ticks/time (           0 ticks,       0 times, max         0, min      -1)
00:00:35.605856 /PDM/CritSects/ATA#1-Ctl/ContentionR3              0 times
00:00:35.605858 /PDM/CritSects/ATA#1-Ctl/ContentionR3Wait          0 ticks/time (           0 ticks,       0 times, max         0, min      -1)
00:00:35.605860 /PDM/CritSects/ATA#1-Ctl/ContentionRZLock          0 times
00:00:35.605862 /PDM/CritSects/ATA#1-Ctl/ContentionRZLockBusy         0 times
00:00:35.605863 /PDM/CritSects/ATA#1-Ctl/ContentionRZUnlock         0 times
00:00:35.605865 /PDM/CritSects/ATA#1-Ctl/ContentionRZWait          0 ticks/time (           0 ticks,       0 times, max         0, min      -1)
00:00:35.605867 /PDM/CritSects/ATA#1-Req/ContentionR3              0 times
00:00:35.605869 /PDM/CritSects/ATA#1-Req/ContentionR3Wait          0 ticks/time (           0 ticks,       0 times, max         0, min      -1)
00:00:35.605871 /PDM/CritSects/ATA#1-Req/ContentionRZLock          0 times
00:00:35.605873 /PDM/CritSects/ATA#1-Req/ContentionRZLockBusy         0 times
00:00:35.605874 /PDM/CritSects/ATA#1-Req/ContentionRZUnlock         0 times
00:00:35.605876 /PDM/CritSects/ATA#1-Req/ContentionRZWait          0 ticks/time (           0 ticks,       0 times, max         0, min      -1)
00:00:35.605878 /PDM/CritSects/E1000#0/ContentionR3                0 times
00:00:35.605880 /PDM/CritSects/E1000#0/ContentionR3Wait            0 ticks/time (           0 ticks,       0 times, max         0, min      -1)
00:00:35.605882 /PDM/CritSects/E1000#0/ContentionRZLock            0 times
00:00:35.605883 /PDM/CritSects/E1000#0/ContentionRZLockBusy         0 times
00:00:35.605885 /PDM/CritSects/E1000#0/ContentionRZUnlock          0 times
00:00:35.605887 /PDM/CritSects/E1000#0/ContentionRZWait            0 ticks/time (           0 ticks,       0 times, max         0, min      -1)
00:00:35.605889 /PDM/CritSects/E1000#0RX/ContentionR3              0 times
00:00:35.605891 /PDM/CritSects/E1000#0RX/ContentionR3Wait          0 ticks/time (           0 ticks,       0 times, max         0, min      -1)
00:00:35.605893 /PDM/CritSects/E1000#0RX/ContentionRZLock          0 times
00:00:35.605894 /PDM/CritSects/E1000#0RX/ContentionRZLockBusy         0 times
00:00:35.605896 /PDM/CritSects/E1000#0RX/ContentionRZUnlock         0 times
00:00:35.605898 /PDM/CritSects/E1000#0RX/ContentionRZWait          0 ticks/time (           0 ticks,       0 times, max         0, min      -1)
00:00:35.605900 /PDM/CritSects/E1000#0TX/ContentionR3              0 times
00:00:35.605901 /PDM/CritSects/E1000#0TX/ContentionR3Wait          0 ticks/time (           0 ticks,       0 times, max         0, min      -1)
00:00:35.605903 /PDM/CritSects/E1000#0TX/ContentionRZLock          0 times
00:00:35.605905 /PDM/CritSects/E1000#0TX/ContentionRZLockBusy         0 times
00:00:35.605907 /PDM/CritSects/E1000#0TX/ContentionRZUnlock         0 times
00:00:35.605908 /PDM/CritSects/E1000#0TX/ContentionRZWait          0 ticks/time (           0 ticks,       0 times, max         0, min      -1)
00:00:35.605910 /PDM/CritSects/EHCI#0Irq/ContentionR3              0 times
00:00:35.605912 /PDM/CritSects/EHCI#0Irq/ContentionR3Wait          0 ticks/time (           0 ticks,       0 times, max         0, min      -1)
00:00:35.605914 /PDM/CritSects/EHCI#0Irq/ContentionRZLock          0 times
00:00:35.605916 /PDM/CritSects/EHCI#0Irq/ContentionRZLockBusy         0 times
00:00:35.605918 /PDM/CritSects/EHCI#0Irq/ContentionRZUnlock         0 times
00:00:35.605921 /PDM/CritSects/EHCI#0Irq/ContentionRZWait          0 ticks/time (           0 ticks,       0 times, max         0, min      -1)
00:00:35.605923 /PDM/CritSects/GIMDev#0Auto/ContentionR3           0 times
00:00:35.605924 /PDM/CritSects/GIMDev#0Auto/ContentionR3Wait         0 ticks/time (           0 ticks,       0 times, max         0, min      -1)
00:00:35.605926 /PDM/CritSects/GIMDev#0Auto/ContentionRZLock         0 times
00:00:35.605928 /PDM/CritSects/GIMDev#0Auto/ContentionRZLockBusy         0 times
00:00:35.605930 /PDM/CritSects/GIMDev#0Auto/ContentionRZUnlock         0 times
00:00:35.605932 /PDM/CritSects/GIMDev#0Auto/ContentionRZWait         0 ticks/time (           0 ticks,       0 times, max         0, min      -1)
00:00:35.605934 /PDM/CritSects/IntNetXmit_0/ContentionR3           0 times
00:00:35.605935 /PDM/CritSects/IntNetXmit_0/ContentionR3Wait         0 ticks/time (           0 ticks,       0 times, max         0, min      -1)
00:00:35.605937 /PDM/CritSects/IntNetXmit_0/ContentionRZLock         0 times
00:00:35.605939 /PDM/CritSects/IntNetXmit_0/ContentionRZLockBusy         0 times
00:00:35.605941 /PDM/CritSects/IntNetXmit_0/ContentionRZUnlock         0 times
00:00:35.605942 /PDM/CritSects/IntNetXmit_0/ContentionRZWait         0 ticks/time (           0 ticks,       0 times, max         0, min      -1)
00:00:35.605944 /PDM/CritSects/NOP/ContentionR3                    0 times
00:00:35.605946 /PDM/CritSects/NOP/ContentionR3Wait                0 ticks/time (           0 ticks,       0 times, max         0, min      -1)
00:00:35.605948 /PDM/CritSects/NOP/ContentionRZLock                0 times
00:00:35.605950 /PDM/CritSects/NOP/ContentionRZLockBusy            0 times
00:00:35.605952 /PDM/CritSects/NOP/ContentionRZUnlock              0 times
00:00:35.605953 /PDM/CritSects/NOP/ContentionRZWait                0 ticks/time (           0 ticks,       0 times, max         0, min      -1)
00:00:35.605956 /PDM/CritSects/OHCI#0Irq/ContentionR3              0 times
00:00:35.605957 /PDM/CritSects/OHCI#0Irq/ContentionR3Wait          0 ticks/time (           0 ticks,       0 times, max         0, min      -1)
00:00:35.605959 /PDM/CritSects/OHCI#0Irq/ContentionRZLock          0 times
00:00:35.605961 /PDM/CritSects/OHCI#0Irq/ContentionRZLockBusy         0 times
00:00:35.605963 /PDM/CritSects/OHCI#0Irq/ContentionRZUnlock         0 times
00:00:35.605964 /PDM/CritSects/OHCI#0Irq/ContentionRZWait          0 ticks/time (           0 ticks,       0 times, max         0, min      -1)
00:00:35.605966 /PDM/CritSects/PDM/ContentionR3                    0 times
00:00:35.605968 /PDM/CritSects/PDM/ContentionR3Wait                0 ticks/time (           0 ticks,       0 times, max         0, min      -1)
00:00:35.605970 /PDM/CritSects/PDM/ContentionRZLock                0 times
00:00:35.605972 /PDM/CritSects/PDM/ContentionRZLockBusy            0 times
00:00:35.605973 /PDM/CritSects/PDM/ContentionRZUnlock              0 times
00:00:35.605975 /PDM/CritSects/PDM/ContentionRZWait                0 ticks/time (           0 ticks,       0 times, max         0, min      -1)
00:00:35.605977 /PDM/CritSects/PGM/ContentionR3                    1 times
00:00:35.605979 /PDM/CritSects/PGM/ContentionR3Wait            19888 ticks/time (       19888 ticks,       1 times, max     19888, min   19888)
00:00:35.605981 /PDM/CritSects/PGM/ContentionRZLock                0 times
00:00:35.605983 /PDM/CritSects/PGM/ContentionRZLockBusy            0 times
00:00:35.605985 /PDM/CritSects/PGM/ContentionRZUnlock              0 times
00:00:35.605987 /PDM/CritSects/PGM/ContentionRZWait                0 ticks/time (           0 ticks,       0 times, max         0, min      -1)
00:00:35.605989 /PDM/CritSects/TM VirtualSync Lock/ContentionR3         0 times
00:00:35.605990 /PDM/CritSects/TM VirtualSync Lock/ContentionR3Wait         0 ticks/time (           0 ticks,       0 times, max         0, min      -1)
00:00:35.605993 /PDM/CritSects/TM VirtualSync Lock/ContentionRZLock         0 times
00:00:35.605996 /PDM/CritSects/TM VirtualSync Lock/ContentionRZLockBusy         0 times
00:00:35.605997 /PDM/CritSects/TM VirtualSync Lock/ContentionRZUnlock         0 times
00:00:35.605999 /PDM/CritSects/TM VirtualSync Lock/ContentionRZWait         0 ticks/time (           0 ticks,       0 times, max         0, min      -1)
00:00:35.606001 /PDM/CritSects/TM real queue timer lock/ContentionR3         0 times
00:00:35.606003 /PDM/CritSects/TM real queue timer lock/ContentionR3Wait         0 ticks/time (           0 ticks,       0 times, max         0, min      -1)
00:00:35.606005 /PDM/CritSects/TM real queue timer lock/ContentionRZLock         0 times
00:00:35.606007 /PDM/CritSects/TM real queue timer lock/ContentionRZLockBusy         0 times
00:00:35.606008 /PDM/CritSects/TM real queue timer lock/ContentionRZUnlock         0 times
00:00:35.606010 /PDM/CritSects/TM real queue timer lock/ContentionRZWait         0 ticks/time (           0 ticks,       0 times, max         0, min      -1)
00:00:35.606012 /PDM/CritSects/TM tsc queue timer lock/ContentionR3         0 times
00:00:35.606014 /PDM/CritSects/TM tsc queue timer lock/ContentionR3Wait         0 ticks/time (           0 ticks,       0 times, max         0, min      -1)
00:00:35.606016 /PDM/CritSects/TM tsc queue timer lock/ContentionRZLock         0 times
00:00:35.606018 /PDM/CritSects/TM tsc queue timer lock/ContentionRZLockBusy         0 times
00:00:35.606020 /PDM/CritSects/TM tsc queue timer lock/ContentionRZUnlock         0 times
00:00:35.606021 /PDM/CritSects/TM tsc queue timer lock/ContentionRZWait         0 ticks/time (           0 ticks,       0 times, max         0, min      -1)
00:00:35.606024 /PDM/CritSects/TM virtual queue timer lock/ContentionR3         0 times
00:00:35.606025 /PDM/CritSects/TM virtual queue timer lock/ContentionR3Wait         0 ticks/time (           0 ticks,       0 times, max         0, min      -1)
00:00:35.606027 /PDM/CritSects/TM virtual queue timer lock/ContentionRZLock         0 times
00:00:35.606029 /PDM/CritSects/TM virtual queue timer lock/ContentionRZLockBusy         0 times
00:00:35.606031 /PDM/CritSects/TM virtual queue timer lock/ContentionRZUnlock         0 times
00:00:35.606032 /PDM/CritSects/TM virtual queue timer lock/ContentionRZWait         0 ticks/time (           0 ticks,       0 times, max         0, min      -1)
00:00:35.606034 /PDM/CritSects/TM virtual_sync queue timer lock/ContentionR3         0 times
00:00:35.606036 /PDM/CritSects/TM virtual_sync queue timer lock/ContentionR3Wait         0 ticks/time (           0 ticks,       0 times, max         0, min      -1)
00:00:35.606039 /PDM/CritSects/TM virtual_sync queue timer lock/ContentionRZLock         0 times
00:00:35.606040 /PDM/CritSects/TM virtual_sync queue timer lock/ContentionRZLockBusy         0 times
00:00:35.606042 /PDM/CritSects/TM virtual_sync queue timer lock/ContentionRZUnlock         0 times
00:00:35.606044 /PDM/CritSects/TM virtual_sync queue timer lock/ContentionRZWait         0 ticks/time (           0 ticks,       0 times, max         0, min      -1)
00:00:35.606046 /PDM/CritSects/VGA#0/ContentionR3                  0 times
00:00:35.606048 /PDM/CritSects/VGA#0/ContentionR3Wait              0 ticks/time (           0 ticks,       0 times, max         0, min      -1)
00:00:35.606050 /PDM/CritSects/VGA#0/ContentionRZLock              0 times
00:00:35.606051 /PDM/CritSects/VGA#0/ContentionRZLockBusy          0 times
00:00:35.606053 /PDM/CritSects/VGA#0/ContentionRZUnlock            0 times
00:00:35.606055 /PDM/CritSects/VGA#0/ContentionRZWait              0 ticks/time (           0 ticks,       0 times, max         0, min      -1)
00:00:35.606057 /PDM/CritSects/VGA#0_IRQ/ContentionR3              0 times
00:00:35.606059 /PDM/CritSects/VGA#0_IRQ/ContentionR3Wait          0 ticks/time (           0 ticks,       0 times, max         0, min      -1)
00:00:35.606060 /PDM/CritSects/VGA#0_IRQ/ContentionRZLock          0 times
00:00:35.606063 /PDM/CritSects/VGA#0_IRQ/ContentionRZLockBusy         0 times
00:00:35.606065 /PDM/CritSects/VGA#0_IRQ/ContentionRZUnlock         0 times
00:00:35.606067 /PDM/CritSects/VGA#0_IRQ/ContentionRZWait          0 ticks/time (           0 ticks,       0 times, max         0, min      -1)
00:00:35.606069 /PDM/CritSects/VMMDev#0/ContentionR3               0 times
00:00:35.606071 /PDM/CritSects/VMMDev#0/ContentionR3Wait           0 ticks/time (           0 ticks,       0 times, max         0, min      -1)
00:00:35.606073 /PDM/CritSects/VMMDev#0/ContentionRZLock           0 times
00:00:35.606075 /PDM/CritSects/VMMDev#0/ContentionRZLockBusy         0 times
00:00:35.606077 /PDM/CritSects/VMMDev#0/ContentionRZUnlock         0 times
00:00:35.606078 /PDM/CritSects/VMMDev#0/ContentionRZWait           0 ticks/time (           0 ticks,       0 times, max         0, min      -1)
00:00:35.606080 /PDM/CritSects/acpi#0/ContentionR3                 0 times
00:00:35.606082 /PDM/CritSects/acpi#0/ContentionR3Wait             0 ticks/time (           0 ticks,       0 times, max         0, min      -1)
00:00:35.606084 /PDM/CritSects/acpi#0/ContentionRZLock             0 times
00:00:35.606086 /PDM/CritSects/acpi#0/ContentionRZLockBusy         0 times
00:00:35.606087 /PDM/CritSects/acpi#0/ContentionRZUnlock           0 times
00:00:35.606089 /PDM/CritSects/acpi#0/ContentionRZWait             0 ticks/time (           0 ticks,       0 times, max         0, min      -1)
00:00:35.606091 /PDM/CritSects/mc146818#0Auto/ContentionR3         0 times
00:00:35.606093 /PDM/CritSects/mc146818#0Auto/ContentionR3Wait         0 ticks/time (           0 ticks,       0 times, max         0, min      -1)
00:00:35.606095 /PDM/CritSects/mc146818#0Auto/ContentionRZLock         0 times
00:00:35.606097 /PDM/CritSects/mc146818#0Auto/ContentionRZLockBusy         0 times
00:00:35.606098 /PDM/CritSects/mc146818#0Auto/ContentionRZUnlock         0 times
00:00:35.606100 /PDM/CritSects/mc146818#0Auto/ContentionRZWait         0 ticks/time (           0 ticks,       0 times, max         0, min      -1)
00:00:35.606102 /PDM/CritSects/pcarch#0Auto/ContentionR3           0 times
00:00:35.606104 /PDM/CritSects/pcarch#0Auto/ContentionR3Wait         0 ticks/time (           0 ticks,       0 times, max         0, min      -1)
00:00:35.606106 /PDM/CritSects/pcarch#0Auto/ContentionRZLock         0 times
00:00:35.606108 /PDM/CritSects/pcarch#0Auto/ContentionRZLockBusy         0 times
00:00:35.606109 /PDM/CritSects/pcarch#0Auto/ContentionRZUnlock         0 times
00:00:35.606111 /PDM/CritSects/pcarch#0Auto/ContentionRZWait         0 ticks/time (           0 ticks,       0 times, max         0, min      -1)
00:00:35.606113 /PDM/CritSects/pcbios#0Auto/ContentionR3           0 times
00:00:35.606115 /PDM/CritSects/pcbios#0Auto/ContentionR3Wait         0 ticks/time (           0 ticks,       0 times, max         0, min      -1)
00:00:35.606117 /PDM/CritSects/pcbios#0Auto/ContentionRZLock         0 times
00:00:35.606119 /PDM/CritSects/pcbios#0Auto/ContentionRZLockBusy         0 times
00:00:35.606120 /PDM/CritSects/pcbios#0Auto/ContentionRZUnlock         0 times
00:00:35.606122 /PDM/CritSects/pcbios#0Auto/ContentionRZWait         0 ticks/time (           0 ticks,       0 times, max         0, min      -1)
00:00:35.606124 /PDM/CritSects/pckbd#0Auto/ContentionR3            0 times
00:00:35.606126 /PDM/CritSects/pckbd#0Auto/ContentionR3Wait         0 ticks/time (           0 ticks,       0 times, max         0, min      -1)
00:00:35.606128 /PDM/CritSects/pckbd#0Auto/ContentionRZLock         0 times
00:00:35.606129 /PDM/CritSects/pckbd#0Auto/ContentionRZLockBusy         0 times
00:00:35.606131 /PDM/CritSects/pckbd#0Auto/ContentionRZUnlock         0 times
00:00:35.606133 /PDM/CritSects/pckbd#0Auto/ContentionRZWait         0 ticks/time (           0 ticks,       0 times, max         0, min      -1)
00:00:35.606135 /PDM/CritSects/pit#0/ContentionR3                  0 times
00:00:35.606137 /PDM/CritSects/pit#0/ContentionR3Wait              0 ticks/time (           0 ticks,       0 times, max         0, min      -1)
00:00:35.606140 /PDM/CritSects/pit#0/ContentionRZLock              0 times
00:00:35.606142 /PDM/CritSects/pit#0/ContentionRZLockBusy          0 times
00:00:35.606143 /PDM/CritSects/pit#0/ContentionRZUnlock            0 times
00:00:35.606145 /PDM/CritSects/pit#0/ContentionRZWait              0 ticks/time (           0 ticks,       0 times, max         0, min      -1)
00:00:35.606147 /PDM/CritSects/usb-ehci#0Auto/ContentionR3         0 times
00:00:35.606149 /PDM/CritSects/usb-ehci#0Auto/ContentionR3Wait         0 ticks/time (           0 ticks,       0 times, max         0, min      -1)
00:00:35.606151 /PDM/CritSects/usb-ehci#0Auto/ContentionRZLock         0 times
00:00:35.606153 /PDM/CritSects/usb-ehci#0Auto/ContentionRZLockBusy         0 times
00:00:35.606154 /PDM/CritSects/usb-ehci#0Auto/ContentionRZUnlock         0 times
00:00:35.606156 /PDM/CritSects/usb-ehci#0Auto/ContentionRZWait         0 ticks/time (           0 ticks,       0 times, max         0, min      -1)
00:00:35.606158 /PDM/CritSects/usb-ohci#0Auto/ContentionR3         0 times
00:00:35.606160 /PDM/CritSects/usb-ohci#0Auto/ContentionR3Wait         0 ticks/time (           0 ticks,       0 times, max         0, min      -1)
00:00:35.606162 /PDM/CritSects/usb-ohci#0Auto/ContentionRZLock         0 times
00:00:35.606163 /PDM/CritSects/usb-ohci#0Auto/ContentionRZLockBusy         0 times
00:00:35.606165 /PDM/CritSects/usb-ohci#0Auto/ContentionRZUnlock         0 times
00:00:35.606167 /PDM/CritSects/usb-ohci#0Auto/ContentionRZWait         0 ticks/time (           0 ticks,       0 times, max         0, min      -1)
00:00:35.606169 /PDM/CritSectsRw/00-EnterSharedWhileAborting         0 times
00:00:35.606171 /PDM/CritSectsRw/00-Excl-Non-interruptible-Waits-VINF_SUCCESS         0 times
00:00:35.606172 /PDM/CritSectsRw/00-Excl-VERR_INTERRUPTED          0 times
00:00:35.606174 /PDM/CritSectsRw/00-Excl-VERR_TIMEOUT              0 times
00:00:35.606176 /PDM/CritSectsRw/00-Shared-Non-interruptible-Waits-VINF_SUCCESS         0 times
00:00:35.606178 /PDM/CritSectsRw/00-Shared-VERR_INTERRUPTED         0 times
00:00:35.606180 /PDM/CritSectsRw/00-Shared-VERR_TIMEOUT            0 times
00:00:35.606181 /PDM/CritSectsRw/IOM Lock/ContentionR3EnterExcl         0 times
00:00:35.606183 /PDM/CritSectsRw/IOM Lock/ContentionR3EnterShared         0 times
00:00:35.606185 /PDM/CritSectsRw/IOM Lock/ContentionR3LeaveExcl         0 times
00:00:35.606187 /PDM/CritSectsRw/IOM Lock/ContentionRZEnterExcl         0 times
00:00:35.606188 /PDM/CritSectsRw/IOM Lock/ContentionRZEnterShared         0 times
00:00:35.606190 /PDM/CritSectsRw/IOM Lock/ContentionRZLeaveExcl         0 times
00:00:35.606192 /PDM/CritSectsRw/IOM Lock/ContentionRZLeaveShared         0 times
00:00:35.606193 /PDM/CritSectsRw/IOM Lock/R3EnterExcl             77 times
00:00:35.606195 /PDM/CritSectsRw/IOM Lock/R3EnterShared         5770 times
00:00:35.606197 /PDM/CritSectsRw/IOM Lock/RZEnterExcl              0 times
00:00:35.606199 /PDM/CritSectsRw/IOM Lock/RZEnterShared            0 times
00:00:35.606201 /PDM/CritSectsRw/TM real queue alloc lock/ContentionR3EnterExcl         0 times
00:00:35.606202 /PDM/CritSectsRw/TM real queue alloc lock/ContentionR3EnterShared         0 times
00:00:35.606204 /PDM/CritSectsRw/TM real queue alloc lock/ContentionR3LeaveExcl         0 times
00:00:35.606206 /PDM/CritSectsRw/TM real queue alloc lock/ContentionRZEnterExcl         0 times
00:00:35.606208 /PDM/CritSectsRw/TM real queue alloc lock/ContentionRZEnterShared         0 times
00:00:35.606210 /PDM/CritSectsRw/TM real queue alloc lock/ContentionRZLeaveExcl         0 times
00:00:35.606211 /PDM/CritSectsRw/TM real queue alloc lock/ContentionRZLeaveShared         0 times
00:00:35.606213 /PDM/CritSectsRw/TM real queue alloc lock/R3EnterExcl         8 times
00:00:35.606215 /PDM/CritSectsRw/TM real queue alloc lock/R3EnterShared         1 times
00:00:35.606216 /PDM/CritSectsRw/TM real queue alloc lock/RZEnterExcl         0 times
00:00:35.606266 /PDM/CritSectsRw/TM real queue alloc lock/RZEnterShared         0 times
00:00:35.606269 /PDM/CritSectsRw/TM tsc queue alloc lock/ContentionR3EnterExcl         0 times
00:00:35.606271 /PDM/CritSectsRw/TM tsc queue alloc lock/ContentionR3EnterShared         0 times
00:00:35.606273 /PDM/CritSectsRw/TM tsc queue alloc lock/ContentionR3LeaveExcl         0 times
00:00:35.606275 /PDM/CritSectsRw/TM tsc queue alloc lock/ContentionRZEnterExcl         0 times
00:00:35.606276 /PDM/CritSectsRw/TM tsc queue alloc lock/ContentionRZEnterShared         0 times
00:00:35.606278 /PDM/CritSectsRw/TM tsc queue alloc lock/ContentionRZLeaveExcl         0 times
00:00:35.606280 /PDM/CritSectsRw/TM tsc queue alloc lock/ContentionRZLeaveShared         0 times
00:00:35.606282 /PDM/CritSectsRw/TM tsc queue alloc lock/R3EnterExcl         0 times
00:00:35.606283 /PDM/CritSectsRw/TM tsc queue alloc lock/R3EnterShared         1 times
00:00:35.606285 /PDM/CritSectsRw/TM tsc queue alloc lock/RZEnterExcl         0 times
00:00:35.606287 /PDM/CritSectsRw/TM tsc queue alloc lock/RZEnterShared         0 times
00:00:35.606289 /PDM/CritSectsRw/TM virtual queue alloc lock/ContentionR3EnterExcl         0 times
00:00:35.606290 /PDM/CritSectsRw/TM virtual queue alloc lock/ContentionR3EnterShared         0 times
00:00:35.606292 /PDM/CritSectsRw/TM virtual queue alloc lock/ContentionR3LeaveExcl         0 times
00:00:35.606294 /PDM/CritSectsRw/TM virtual queue alloc lock/ContentionRZEnterExcl         0 times
00:00:35.606296 /PDM/CritSectsRw/TM virtual queue alloc lock/ContentionRZEnterShared         0 times
00:00:35.606297 /PDM/CritSectsRw/TM virtual queue alloc lock/ContentionRZLeaveExcl         0 times
00:00:35.606299 /PDM/CritSectsRw/TM virtual queue alloc lock/ContentionRZLeaveShared         0 times
00:00:35.606301 /PDM/CritSectsRw/TM virtual queue alloc lock/R3EnterExcl        11 times
00:00:35.606303 /PDM/CritSectsRw/TM virtual queue alloc lock/R3EnterShared         1 times
00:00:35.606305 /PDM/CritSectsRw/TM virtual queue alloc lock/RZEnterExcl         0 times
00:00:35.606306 /PDM/CritSectsRw/TM virtual queue alloc lock/RZEnterShared         0 times
00:00:35.606308 /PDM/CritSectsRw/TM virtual_sync queue alloc lock/ContentionR3EnterExcl         0 times
00:00:35.606310 /PDM/CritSectsRw/TM virtual_sync queue alloc lock/ContentionR3EnterShared         0 times
00:00:35.606312 /PDM/CritSectsRw/TM virtual_sync queue alloc lock/ContentionR3LeaveExcl         0 times
00:00:35.606312 /PDM/CritSectsRw/TM virtual_sync queue alloc lock/ContentionRZEnterExcl         0 times
00:00:35.606312 /PDM/CritSectsRw/TM virtual_sync queue alloc lock/ContentionRZEnterShared         0 times
00:00:35.606312 /PDM/CritSectsRw/TM virtual_sync queue alloc lock/ContentionRZLeaveExcl         0 times
00:00:35.606312 /PDM/CritSectsRw/TM virtual_sync queue alloc lock/ContentionRZLeaveShared         0 times
00:00:35.606312 /PDM/CritSectsRw/TM virtual_sync queue alloc lock/R3EnterExcl         9 times
00:00:35.606312 /PDM/CritSectsRw/TM virtual_sync queue alloc lock/R3EnterShared         1 times
00:00:35.606312 /PDM/CritSectsRw/TM virtual_sync queue alloc lock/RZEnterExcl         0 times
00:00:35.606312 /PDM/CritSectsRw/TM virtual_sync queue alloc lock/RZEnterShared         0 times
00:00:35.606312 /PDM/Queue/DevHlp/AllocFailures                    0 times
00:00:35.606312 /PDM/Queue/DevHlp/Flush                            0 calls
00:00:35.606312 /PDM/Queue/DevHlp/FlushLeftovers                   0 times
00:00:35.606312 /PDM/Queue/DevHlp/Insert                           0 calls
00:00:35.606312 /PDM/Queue/DevHlp/cItems                           8 count
00:00:35.606312 /PDM/Queue/DevHlp/cbItem                          56 bytes
00:00:35.606312 /PDM/Queue/DevHlp/rcOkay                           0 
00:00:35.606312 /PDM/Queue/Keyboard/AllocFailures                  0 times
00:00:35.606312 /PDM/Queue/Keyboard/Flush                          0 calls
00:00:35.606312 /PDM/Queue/Keyboard/FlushLeftovers                 0 times
00:00:35.606312 /PDM/Queue/Keyboard/Insert                         0 calls
00:00:35.606312 /PDM/Queue/Keyboard/cItems                        64 count
00:00:35.606312 /PDM/Queue/Keyboard/cbItem                        16 bytes
00:00:35.606366 /PDM/Queue/Keyboard/rcOkay                         0 
00:00:35.606368 /PDM/Queue/Mouse/AllocFailures                     0 times
00:00:35.606370 /PDM/Queue/Mouse/Flush                             0 calls
00:00:35.606372 /PDM/Queue/Mouse/FlushLeftovers                    0 times
00:00:35.606374 /PDM/Queue/Mouse/Insert                            0 calls
00:00:35.606376 /PDM/Queue/Mouse/cItems                          128 count
00:00:35.606377 /PDM/Queue/Mouse/cbItem                           32 bytes
00:00:35.606379 /PDM/Queue/Mouse/rcOkay                            0 
00:00:35.606381 /PDM/Queue/Mouse_1/AllocFailures                   0 times
00:00:35.606383 /PDM/Queue/Mouse_1/Flush                           0 calls
00:00:35.606385 /PDM/Queue/Mouse_1/FlushLeftovers                  0 times
00:00:35.606387 /PDM/Queue/Mouse_1/Insert                          0 calls
00:00:35.606389 /PDM/Queue/Mouse_1/cItems                        128 count
00:00:35.606390 /PDM/Queue/Mouse_1/cbItem                         32 bytes
00:00:35.606392 /PDM/Queue/Mouse_1/rcOkay                          0 
00:00:35.606394 /PDM/Tasks/000-E1000-Xmit-retriggered              0 times
00:00:35.606396 /PDM/Tasks/000-E1000-Xmit-runs                     0 times
00:00:35.606398 /PGM/CPU0/R3/Page/MapTlbMisses                     0 times
00:00:35.606400 /PGM/CPU0/R3/RamRange/TlbLocking                   0 times
00:00:35.606402 /PGM/CPU0/R3/RamRange/TlbMisses                    0 times
00:00:35.606404 /PGM/CPU0/RZ/Page/MapTlbMisses                     0 times
00:00:35.606406 /PGM/CPU0/RZ/RamRange/TlbLocking                   0 times
00:00:35.606407 /PGM/CPU0/RZ/RamRange/TlbMisses                    0 times
00:00:35.606409 /PGM/CPU0/cA20Changes                              1 times
00:00:35.606411 /PGM/CPU0/cGuestModeChanges                        3 times
00:00:35.606413 /PGM/ChunkR3Map/Mapped                             0 count
00:00:35.606415 /PGM/ChunkR3Map/Unmapped                           0 count
00:00:35.606417 /PGM/ChunkR3Map/c                                  0 count
00:00:35.606419 /PGM/ChunkR3Map/cMax                       4294967295 count
00:00:35.606421 /PGM/LargePage/Alloc                               0 ns/call (           0 ns,       0 calls, max         0, min      -1)
00:00:35.606423 /PGM/LargePage/AllocFailed                         0 times
00:00:35.606425 /PGM/LargePage/Overflow                            0 times
00:00:35.606427 /PGM/LargePage/Recheck                             0 times
00:00:35.606429 /PGM/LargePage/Refused                             0 times
00:00:35.606431 /PGM/LargePage/Reused                              0 times
00:00:35.606433 /PGM/LargePage/TlbFlush                            0 times
00:00:35.606435 /PGM/LargePage/ZeroEvict                           0 times
00:00:35.606438 /PGM/Mmio2QueryAndResetDirtyBitmap                 0 ticks/call (           0 ticks,       0 calls, max         0, min      -1)
00:00:35.606440 /PGM/Page/cAllPages                           136753 count
00:00:35.606442 /PGM/Page/cBalloonedPages                          0 count
00:00:35.606444 /PGM/Page/cHandyPages                              0 count
00:00:35.606446 /PGM/Page/cLargePages                              0 count
00:00:35.606448 /PGM/Page/cLargePagesDisabled                      0 count
00:00:35.606450 /PGM/Page/cMonitoredPages                          0 count
00:00:35.606452 /PGM/Page/cPrivatePages                       136683 count
00:00:35.606454 /PGM/Page/cPureMmioPages                          70 count
00:00:35.606455 /PGM/Page/cReadLockedPages                         0 count
00:00:35.606457 /PGM/Page/cReusedSharedPages                       0 count
00:00:35.606459 /PGM/Page/cSharedPages                             0 count
00:00:35.606461 /PGM/Page/cWriteLockedPages                        0 count
00:00:35.606464 /PGM/Page/cWrittenToPages                          0 count
00:00:35.606466 /PGM/Page/cZeroPages                               0 count
00:00:35.606468 /PGM/PhysHandlerTree/ErrorsAllocatorR3             0 times
00:00:35.606470 /PGM/PhysHandlerTree/ErrorsTree                    0 times
00:00:35.606472 /PGM/PhysHandlerTree/Inserts                      13 times
00:00:35.606474 /PGM/PhysHandlerTree/MaxHandlers                6144 times
00:00:35.606475 /PGM/PhysHandlerTree/RebalancingOperations         5 times
00:00:35.606477 /PGM/PhysHandlerTree/Removals                      0 times
00:00:35.606479 /PGM/Pool/Grow                                     0 ticks/call (           0 ticks,       0 calls, max         0, min      -1)
00:00:35.606481 /PGM/ShMod/Check                                   0 ticks/call (           0 ticks,       0 calls, max         0, min      -1)
00:00:35.606484 /PROF/CPU0/EM/Capped                               0 ticks/call (           0 ticks,       0 calls, max         0, min      -1)
00:00:35.606486 /PROF/CPU0/EM/ForcedActions                      661 times
00:00:35.606488 /PROF/CPU0/EM/HMExec                               0 ticks/call (           0 ticks,       0 calls, max         0, min      -1)
00:00:35.606490 /PROF/CPU0/EM/HMExecuteCalled                      0 times
00:00:35.606492 /PROF/CPU0/EM/Halted                             641 times
00:00:35.606494 /PROF/CPU0/EM/NEMExec                       10596157 ticks/call (    52980787 ticks,       5 calls, max  27075849, min  485346)
00:00:35.606496 /PROF/CPU0/EM/NEMExecuteCalled                     1 times
00:00:35.606498 /PROF/CPU0/EM/REMTotal                             1 times
00:00:35.606500 /PROF/CPU0/EM/RecordedExits                     7702 times
00:00:35.606502 /PROF/CPU0/EM/Total                        73261368805 ticks/call ( 73261368805 ticks,       1 calls, max 73261368805, min 73261368805)
00:00:35.606504 /PROF/CPU0/VM/Halt/Block                     1138174 ns/call ( 27651953994 ns,   24295 calls, max  28825576, min       1)
00:00:35.606507 /PROF/CPU0/VM/Halt/BlockInsomnia              935262 ns/call ( 22208736940 ns,   23746 calls, max  28825576, min       1)
00:00:35.606509 /PROF/CPU0/VM/Halt/BlockOnTime               6363654 ns/call (   744547531 ns,     117 calls, max  20975704, min     478)
00:00:35.606511 /PROF/CPU0/VM/Halt/BlockOverslept             493688 ns/call (   213273250 ns,     432 calls, max   4868574, min   50238)
00:00:35.606513 /PROF/CPU0/VM/Halt/R0HaltBlock                     0 ns/call (           0 ns,       0 calls, max         0, min      -1)
00:00:35.606516 /PROF/CPU0/VM/Halt/R0HaltBlockInsomnia             0 ns/call (           0 ns,       0 calls, max         0, min      -1)
00:00:35.606518 /PROF/CPU0/VM/Halt/R0HaltBlockOnTime               0 ns/call (           0 ns,       0 calls, max         0, min      -1)
00:00:35.606520 /PROF/CPU0/VM/Halt/R0HaltBlockOverslept            0 ns/call (           0 ns,       0 calls, max         0, min      -1)
00:00:35.606522 /PROF/CPU0/VM/Halt/R0HaltExec                      0 times
00:00:35.606524 /PROF/CPU0/VM/Halt/R0HaltExec/FromBlock            0 times
00:00:35.606525 /PROF/CPU0/VM/Halt/R0HaltExec/FromSpin             0 times
00:00:35.606527 /PROF/CPU0/VM/Halt/R0HaltHistoryCounter            0 times
00:00:35.606529 /PROF/CPU0/VM/Halt/R0HaltHistorySucceeded          0 times
00:00:35.606531 /PROF/CPU0/VM/Halt/R0HaltHistoryToRing3            0 times
00:00:35.606532 /PROF/CPU0/VM/Halt/R0HaltToR3                      0 times
00:00:35.606534 /PROF/CPU0/VM/Halt/R0HaltToR3/FromSpin             0 times
00:00:35.606536 /PROF/CPU0/VM/Halt/R0HaltToR3/Other                0 times
00:00:35.606538 /PROF/CPU0/VM/Halt/R0HaltToR3/PendingFF            0 times
00:00:35.606539 /PROF/CPU0/VM/Halt/R0HaltToR3/PostWaitNoInt         0 times
00:00:35.606541 /PROF/CPU0/VM/Halt/R0HaltToR3/PostWaitPendingFF         0 times
00:00:35.606543 /PROF/CPU0/VM/Halt/R0HaltToR3/SmallDelta           0 times
00:00:35.606545 /PROF/CPU0/VM/Halt/Timers                       3962 ns/call (   138643216 ns,   34990 calls, max    438458, min       2)
00:00:35.606548 /PROF/CPU0/VM/Halt/Yield                           0 ns/call (           0 ns,       0 calls, max         0, min      -1)
00:00:35.606550 /Public/NetAdapter/0/BytesReceived                 0 bytes
00:00:35.606552 /Public/NetAdapter/0/BytesTransmitted              0 bytes
00:00:35.606554 /Public/NetAdapter/0/e1000                         0 
00:00:35.606556 /Public/Storage/AHCI0/Port0/BytesRead           1024 bytes
00:00:35.606558 /Public/Storage/AHCI0/Port0/QueryBufAttempts         0 count
00:00:35.606560 /Public/Storage/AHCI0/Port0/QueryBufSuccess         0 count
00:00:35.606562 /Public/Storage/AHCI0/Port0/ReqsRead               2 count
00:00:35.606564 /Public/Storage/AHCI0/Port0/ReqsSubmitted          2 count
00:00:35.606566 /Public/Storage/AHCI0/Port0/ReqsSucceeded          2 count
00:00:35.606568 /Public/Storage/PIIX3IDE0/Port0/QueryBufAttempts         0 count
00:00:35.606569 /Public/Storage/PIIX3IDE0/Port0/QueryBufSuccess         0 count
00:00:35.606571 /SELM/LoadHidSel/GstReadErrors                     0 times
00:00:35.606573 /SELM/LoadHidSel/NoGoodGuest                       0 times
00:00:35.606575 /TM/CPU/00/cNsExecuting                      7710617 ns
00:00:35.606577 /TM/CPU/00/cNsHalted                       27796689669 ns
00:00:35.606579 /TM/CPU/00/cNsOther                        252233251 ns
00:00:35.606581 /TM/CPU/00/cNsTotal                        28056633537 ns
00:00:35.606583 /TM/CPU/00/cPeriodsExecuting                    1539 count
00:00:35.606585 /TM/CPU/00/cPeriodsHalted                        641 count
00:00:35.606587 /TM/CPU/00/pctExecuting                            0 %
00:00:35.606589 /TM/CPU/00/pctHalted                              98 %
00:00:35.606591 /TM/CPU/00/pctOther                                1 %
00:00:35.606593 /TM/CPU/pctExecuting                               0 %
00:00:35.606594 /TM/CPU/pctHalted                                 98 %
00:00:35.606596 /TM/CPU/pctOther                                   1 %
00:00:35.606598 /TM/MaxHzHint                                      0 Hz
00:00:35.606600 /TM/MaxHzHint/real                                 0 Hz
00:00:35.606602 /TM/MaxHzHint/tsc                                  0 Hz
00:00:35.606604 /TM/MaxHzHint/virtual                              0 Hz
00:00:35.606606 /TM/MaxHzHint/virtual_sync                         0 Hz
00:00:35.606608 /TM/PIT/Handler                                    0 ticks/call (           0 ticks,       0 calls, max         0, min      -1)
00:00:35.606610 /TM/PIT/Irq                                        0 times
00:00:35.606612 /TM/R3/1nsSteps                                 3956 times
00:00:35.606614 /TM/TSC/offCPU0                                    0 ticks
00:00:35.606616 /TM/VirtualSync/CurrentOffset                 325642 ns
00:00:35.606627 /TRPM/ForwardRaw/TRAP/08                         623 times
00:00:35.606629 /VMM/EmtHashCollisions/Emt00                       0 times
00:00:35.606631 /VMM/LogFlush/00-Flushes                           0 times
00:00:35.606633 /VMM/LogFlush/00-NoWakups                          0 times
00:00:35.606636 /VMM/LogFlush/CPU0/Rel/cbBuf                    4096 bytes
00:00:35.606638 /VUSB/0/cUrbsInPool                                0 count
00:00:35.606640 /VUSB/1/cUrbsInPool                                0 count
00:00:35.606643 ********************* End of statistics **********************
00:00:35.606719 VUSB: Detached 'HidMouse' from port 1 on RootHub#1
00:00:35.608065 E1000#0: Interrupt attempts: 0
00:00:35.608068 E1000#0: Interrupts raised : 0
00:00:35.608070 E1000#0: Interrupts lowered: 0
00:00:35.608072 E1000#0: ICR outside ISR   : 0
00:00:35.608073 E1000#0: IMS raised ints   : 0
00:00:35.608075 E1000#0: Interrupts skipped: 0
00:00:35.608077 E1000#0: Masked interrupts : 0
00:00:35.608078 E1000#0: Early interrupts  : 0
00:00:35.608080 E1000#0: Late interrupts   : 0
00:00:35.608084 E1000#0: Lost interrupts   : 0
00:00:35.608088 E1000#0: Interrupts by RX  : 0
00:00:35.608091 E1000#0: Interrupts by TX  : 0
00:00:35.608092 E1000#0: Interrupts by ICS : 0
00:00:35.608094 E1000#0: Interrupts by RDTR: 0
00:00:35.608096 E1000#0: Interrupts by RDMT: 0
00:00:35.608097 E1000#0: Interrupts by TXQE: 0
00:00:35.608099 E1000#0: TX int delay asked: 0
00:00:35.608101 E1000#0: TX delayed:         0
00:00:35.608103 E1000#0: TX delay expired:   0
00:00:35.608104 E1000#0: TX no report asked: 0
00:00:35.608106 E1000#0: TX abs timer expd : 0
00:00:35.608108 E1000#0: TX int timer expd : 0
00:00:35.608109 E1000#0: RX abs timer expd : 0
00:00:35.608111 E1000#0: RX int timer expd : 0
00:00:35.608113 E1000#0: TX CTX descriptors: 0
00:00:35.608115 E1000#0: TX DAT descriptors: 0
00:00:35.608116 E1000#0: TX LEG descriptors: 0
00:00:35.608118 E1000#0: Received frames   : 0
00:00:35.608120 E1000#0: Transmitted frames: 0
00:00:35.608121 E1000#0: TX frames up to 1514: 0
00:00:35.608123 E1000#0: TX frames up to 2962: 0
00:00:35.608125 E1000#0: TX frames up to 4410: 0
00:00:35.608126 E1000#0: TX frames up to 5858: 0
00:00:35.608128 E1000#0: TX frames up to 7306: 0
00:00:35.608130 E1000#0: TX frames up to 8754: 0
00:00:35.608131 E1000#0: TX frames up to 16384: 0
00:00:35.608133 E1000#0: TX frames up to 32768: 0
00:00:35.608135 E1000#0: Larger TX frames    : 0
00:00:35.608136 E1000#0: Max TX Delay        : 0
00:00:35.608751 GIM: KVM: Resetting MSRs
00:00:35.608792 NEM: Destroying partition 0000029b6d44ed10 with its 1 VCpus...
00:00:35.616074 vmmR3LogFlusher: Terminating (VERR_OBJECT_DESTROYED)
00:00:35.616167 Changing the VM state from 'DESTROYING' to 'TERMINATED'
00:00:35.616186 Console: Machine state changed to 'PoweredOff'
00:00:35.729249 GUI: Request for async QApp quit.
00:00:35.731765 GUI: Cannot notify guest about VM window out-of-focus event
00:00:35.747957 GUI: UICommon: Handling aboutToQuit request..
00:00:37.138488 GUI: UICommon: aboutToQuit request handled!
