56f8.3c48: Log file opened: 7.2.8r173730 g_hStartupLog=0000000000000010 g_uNtVerCombined=0xa0665800
56f8.3c48: \SystemRoot\System32\ntdll.dll:
56f8.3c48:     CreationTime:    2026-05-27T02:25:37.338828300Z
56f8.3c48:     LastWriteTime:   2026-05-27T02:25:37.519035900Z
56f8.3c48:     ChangeTime:      2026-05-27T19:52:18.567655800Z
56f8.3c48:     FileAttributes:  0x20
56f8.3c48:     Size:            0x266bd0
56f8.3c48:     NT Headers:      0xe0
56f8.3c48:     Timestamp:       0xccc028d4
56f8.3c48:     Machine:         0x8664 - amd64
56f8.3c48:     Timestamp:       0xccc028d4
56f8.3c48:     Image Version:   10.0
56f8.3c48:     SizeOfImage:     0x266000 (2514944)
56f8.3c48:     Resource Dir:    0x1ea000 LB 0x7a350
56f8.3c48:     [Version info resource found at 0xd8! (ID/Name: 0x1; SubID/SubName: 0x409)]
56f8.3c48:     [Raw version resource data: 0x1ea0f0 LB 0x380, codepage 0x0 (reserved 0x0)]
56f8.3c48:     ProductName:     Microsoft® Windows® Operating System
56f8.3c48:     ProductVersion:  10.0.26100.8521
56f8.3c48:     FileVersion:     10.0.26100.8521 (WinBuild.160101.0800)
56f8.3c48:     FileDescription: NT Layer DLL
56f8.3c48: \SystemRoot\System32\kernel32.dll:
56f8.3c48:     CreationTime:    2026-05-27T02:25:32.161749000Z
56f8.3c48:     LastWriteTime:   2026-05-27T02:25:32.222235800Z
56f8.3c48:     ChangeTime:      2026-05-27T19:52:14.192635700Z
56f8.3c48:     FileAttributes:  0x20
56f8.3c48:     Size:            0xcc270
56f8.3c48:     NT Headers:      0x100
56f8.3c48:     Timestamp:       0xe75c7565
56f8.3c48:     Machine:         0x8664 - amd64
56f8.3c48:     Timestamp:       0xe75c7565
56f8.3c48:     Image Version:   10.0
56f8.3c48:     SizeOfImage:     0xc9000 (823296)
56f8.3c48:     Resource Dir:    0xc7000 LB 0x520
56f8.3c48:     [Version info resource found at 0x90! (ID/Name: 0x1; SubID/SubName: 0x409)]
56f8.3c48:     [Raw version resource data: 0xc70b0 LB 0x3a4, codepage 0x0 (reserved 0x0)]
56f8.3c48:     ProductName:     Microsoft® Windows® Operating System
56f8.3c48:     ProductVersion:  10.0.26100.8521
56f8.3c48:     FileVersion:     10.0.26100.8521 (WinBuild.160101.0800)
56f8.3c48:     FileDescription: Windows NT BASE API Client DLL
56f8.3c48: \SystemRoot\System32\KernelBase.dll:
56f8.3c48:     CreationTime:    2026-05-27T02:25:32.186410500Z
56f8.3c48:     LastWriteTime:   2026-05-27T02:25:32.428866500Z
56f8.3c48:     ChangeTime:      2026-05-27T19:52:17.626459900Z
56f8.3c48:     FileAttributes:  0x20
56f8.3c48:     Size:            0x3fc460
56f8.3c48:     NT Headers:      0xf8
56f8.3c48:     Timestamp:       0xdd98c8ba
56f8.3c48:     Machine:         0x8664 - amd64
56f8.3c48:     Timestamp:       0xdd98c8ba
56f8.3c48:     Image Version:   10.0
56f8.3c48:     SizeOfImage:     0x3fa000 (4169728)
56f8.3c48:     Resource Dir:    0x3bf000 LB 0x548
56f8.3c48:     [Version info resource found at 0x90! (ID/Name: 0x1; SubID/SubName: 0x409)]
56f8.3c48:     [Raw version resource data: 0x3bf0b0 LB 0x3bc, codepage 0x0 (reserved 0x0)]
56f8.3c48:     ProductName:     Microsoft® Windows® Operating System
56f8.3c48:     ProductVersion:  10.0.26100.8521
56f8.3c48:     FileVersion:     10.0.26100.8521 (WinBuild.160101.0800)
56f8.3c48:     FileDescription: Windows NT BASE API Client DLL
56f8.3c48: \SystemRoot\System32\apisetschema.dll:
56f8.3c48:     CreationTime:    2026-05-27T02:25:17.328988000Z
56f8.3c48:     LastWriteTime:   2026-05-27T02:25:17.348297700Z
56f8.3c48:     ChangeTime:      2026-05-27T19:52:16.313472800Z
56f8.3c48:     FileAttributes:  0x20
56f8.3c48:     Size:            0x2f5f8
56f8.3c48:     NT Headers:      0xd8
56f8.3c48:     Timestamp:       0x7d98b6ee
56f8.3c48:     Machine:         0x8664 - amd64
56f8.3c48:     Timestamp:       0x7d98b6ee
56f8.3c48:     Image Version:   10.0
56f8.3c48:     SizeOfImage:     0x2e000 (188416)
56f8.3c48:     Resource Dir:    0x2d000 LB 0x408
56f8.3c48:     [Version info resource found at 0x48! (ID/Name: 0x1; SubID/SubName: 0x409)]
56f8.3c48:     [Raw version resource data: 0x2d060 LB 0x3a8, codepage 0x0 (reserved 0x0)]
56f8.3c48:     ProductName:     Microsoft® Windows® Operating System
56f8.3c48:     ProductVersion:  10.0.26100.8521
56f8.3c48:     FileVersion:     10.0.26100.8521 (WinBuild.160101.0800)
56f8.3c48:     FileDescription: ApiSet Schema DLL
56f8.3c48: root name: type=FilterConnectionPort name=UnionfsPort
56f8.3c48: root name: type=Mutant name=PendingRenameMutex
56f8.3c48: root name: type=Directory name=ObjectTypes
56f8.3c48: root name: type=FilterConnectionPort name=storqosfltport
56f8.3c48: root name: type=FilterConnectionPort name=MicrosoftMalwareProtectionRemoteIoPortWD
56f8.3c48: root name: type=FilterConnectionPort name=MicrosoftDataLossPreventionPort
56f8.3c48: root name: type=SymbolicLink name=SystemRoot
56f8.3c48: root name: type=Job name=Container_SpotifyAB.SpotifyMusic_1.290.451.0_x64__zpdnekdrzrea0-S-1-5-21-2970869483-1559583546-1921047953-1001
56f8.3c48: root name: type=Section name=Win32kSiloSessionGlobals
56f8.3c48: root name: type=Directory name=Sessions
56f8.3c48: root name: type=FilterConnectionPort name=MicrosoftMalwareProtectionVeryLowIoPortWD
56f8.3c48: root name: type=ALPC Port name=SleepstudyControlPort
56f8.3c48: root name: type=Directory name=ArcName
56f8.3c48: root name: type=FilterConnectionPort name=WcifsPort
56f8.3c48: root name: type=Directory name=NLS
56f8.3c48: root name: type=Event name=LanmanServerAnnounceEvent
56f8.3c48: root name: type=ALPC Port name=ThemeApiPort
56f8.3c48: root name: type=Directory name=Windows
56f8.3c48: root name: type=Directory name=GLOBAL??
56f8.3c48: root name: type=Directory name=RPC Control
56f8.3c48: root name: type=FilterConnectionPort name=MicrosoftDataLossPreventionControlPort
56f8.3c48: root name: type=ALPC Port name=PdcPort
56f8.3c48: root name: type=Job name=Container_Microsoft.WidgetsPlatformRuntime_1.6.18.0_x64__8wekyb3d8bbwe-S-1-5-21-2970869483-1559583546-1921047953-1001
56f8.3c48: root name: type=Event name=EFSInitEvent
56f8.3c48: root name: type=SymbolicLink name=Dfs
56f8.3c48: root name: type=Device name=clfs
56f8.3c48: root name: type=FilterConnectionPort name=MicrosoftDataLossPreventionRemoteIoPort
56f8.3c48: root name: type=Event name=CsrSbSyncEvent
56f8.3c48: root name: type=ALPC Port name=SeRmCommandPort
56f8.3c48: root name: type=FilterConnectionPort name=jTr^5Vt+9}5XA9W
56f8.3c48: root name: type=Job name=Container_Microsoft.YourPhone_1.26032.102.0_x64__8wekyb3d8bbwe-S-1-5-21-2970869483-1559583546-1921047953-1001
56f8.3c48: root name: type=SymbolicLink name=DosDevices
56f8.3c48: root name: type=Job name=Container_AppUp.IntelArcSoftware_26.14.2306.0_x64__8j3eq9eme6ctt-PackagedService
56f8.3c48: root name: type=Directory name=KnownDlls32
56f8.3c48: root name: type=Key name=REGISTRY
56f8.3c48: root name: type=Directory name=BaseNamedObjects
56f8.3c48: root name: type=FilterConnectionPort name=MicrosoftDataLossPreventionVeryLowIoPort
56f8.3c48: root name: type=ALPC Port name=PowerPort
56f8.3c48: root name: type=Job name=Container_MicrosoftWindows.Client.CBS_1000.26100.315.0_x64__cw5n1h2txyewy-S-1-5-21-2970869483-1559583546-1921047953-1001
56f8.3c48: root name: type=ALPC Port name=SmSsWinStationApiPort
56f8.3c48: root name: type=Event name=UniqueInteractiveSessionIdEvent
56f8.3c48: root name: type=Directory name=UMDFCommunicationPorts
56f8.3c48: root name: type=Job name=Container_Claude_1.11187.1.0_x64__pzs8sxrjxfjjc-PackagedService
56f8.3c48: root name: type=Device name=FatCdrom
56f8.3c48: root name: type=Device name=Fat
56f8.3c48: root name: type=Directory name=KnownDlls
56f8.3c48: root name: type=ALPC Port name=PowerMonitorPort
56f8.3c48: root name: type=Device name=Ntfs
56f8.3c48: root name: type=Directory name=FileSystem
56f8.3c48: root name: type=Directory name=KernelObjects
56f8.3c48: root name: type=FilterConnectionPort name=MicrosoftMalwareProtectionControlPortWD
56f8.3c48: root name: type=Job name=Container_ULICTekInc.NitroSenseforNotebook_5.0.1473.0_x64__nt9dgb7efx6bt-S-1-5-21-2970869483-1559583546-1921047953-1001
56f8.3c48: root name: type=Job name=Container_28017CharlesMilette.TranslucentTB_2026.1.0.0_x64__v826wp6bftszj-S-1-5-21-2970869483-1559583546-1921047953-1001
56f8.3c48: root name: type=ALPC Port name=SeLsaCommandPort
56f8.3c48: root name: type=Directory name=Callback
56f8.3c48: root name: type=FilterConnectionPort name=MicrosoftDataLossPreventionAsyncPort
56f8.3c48: root name: type=Job name=Container_MicrosoftWindows.CrossDevice_1.26032.83.0_x64__cw5n1h2txyewy-S-1-5-21-2970869483-1559583546-1921047953-1001
56f8.3c48: root name: type=FilterConnectionPort name=BindFltPort
56f8.3c48: root name: type=Directory name=DriverStore
56f8.3c48: root name: type=Directory name=Security
56f8.3c48: root name: type=Event name=LSA_ISO_READY
56f8.3c48: root name: type=Job name=Container_MicrosoftWindows.Client.WebExperience_526.1202.40.0_x64__cw5n1h2txyewy-S-1-5-21-2970869483-1559583546-1921047953-1001
56f8.3c48: root name: type=FilterConnectionPort name=MicrosoftMalwareProtectionAsyncPortWD
56f8.3c48: root name: type=Directory name=Device
56f8.3c48: root name: type=SymbolicLink name=DriverData
56f8.3c48: root name: type=ALPC Port name=SmApiPort
56f8.3c48: root name: type=FilterConnectionPort name=CLDMSGPORT
56f8.3c48: root name: type=FilterConnectionPort name=MicrosoftMalwareProtectionPortWD
56f8.3c48: root name: type=SymbolicLink name=OSDataRoot
56f8.3c48: root name: type=Event name=SAM_SERVICE_STARTED
56f8.3c48: root name: type=Directory name=Driver
56f8.3c48: root name: type=SymbolicLink name=DriverStores
56f8.3c48: NtOpenDirectoryObject failed on '\Driver': 0xc0000022
56f8.3c48: supR3HardenedWinFindAdversaries: 0x0
56f8.3c48: supR3HardenedWinInitAppBin(0x0): '\Device\HarddiskVolume3\Program Files\Oracle\VirtualBox'
56f8.3c48: Calling main()
56f8.3c48: SUPR3HardenedMain: pszProgName=VirtualBoxVM fFlags=0x2
56f8.3c48: supR3HardenedWinInitAppBin(0x2): '\Device\HarddiskVolume3\Program Files\Oracle\VirtualBox'
56f8.3c48: SUPR3HardenedMain: Respawn #1
56f8.3c48: System32:  \Device\HarddiskVolume3\Windows\System32
56f8.3c48: WinSxS:    \Device\HarddiskVolume3\Windows\WinSxS
56f8.3c48: KnownDllPath: C:\WINDOWS\System32
56f8.3c48: supR3HardenedWinInit: Performing a limited self purification...
56f8.3c48: supHardNtVpScanVirtualMemory: enmKind=SELF_PURIFICATION
56f8.3c48:  *0000000000000000-000000007ffdffff 0x0001/0x0000 0x0000000
56f8.3c48:  *000000007ffe0000-000000007ffe0fff 0x0002/0x0002 0x0020000
56f8.3c48:   000000007ffe1000-000000007ffe2fff 0x0001/0x0000 0x0000000
56f8.3c48:  *000000007ffe3000-000000007ffe3fff 0x0002/0x0002 0x0020000
56f8.3c48:   000000007ffe4000-0000002d6dffffff 0x0001/0x0000 0x0000000
56f8.3c48:  *0000002d6e000000-0000002d6e129fff 0x0000/0x0004 0x0020000
56f8.3c48:   0000002d6e12a000-0000002d6e12cfff 0x0004/0x0004 0x0020000
56f8.3c48:   0000002d6e12d000-0000002d6e1fffff 0x0000/0x0004 0x0020000
56f8.3c48:  *0000002d6e200000-0000002d6e2b8fff 0x0000/0x0004 0x0020000
56f8.3c48:   0000002d6e2b9000-0000002d6e2bbfff 0x0104/0x0004 0x0020000
56f8.3c48:   0000002d6e2bc000-0000002d6e2fffff 0x0004/0x0004 0x0020000
56f8.3c48:  *0000002d6e300000-0000002d6e3fcfff 0x0000/0x0002 0x0020000
56f8.3c48:   0000002d6e3fd000-0000002d6e3fdfff 0x0102/0x0002 0x0020000
56f8.3c48:   0000002d6e3fe000-0000002d6e3fefff 0x0002/0x0002 0x0020000
56f8.3c48:   0000002d6e3ff000-0000002d6e3fffff 0x0000/0x0002 0x0020000
56f8.3c48:   0000002d6e400000-00000143a517ffff 0x0001/0x0000 0x0000000
56f8.3c48:  *00000143a5180000-00000143a5180fff 0x0004/0x0004 0x0040000
56f8.3c48:   00000143a5181000-00000143a5181fff 0x0000/0x0004 0x0040000
56f8.3c48:   00000143a5182000-00000143a518ffff 0x0001/0x0000 0x0000000
56f8.3c48:  *00000143a5190000-00000143a519ffff 0x0004/0x0004 0x0040000
56f8.3c48:  *00000143a51a0000-00000143a51c9fff 0x0002/0x0002 0x0040000
56f8.3c48:   00000143a51ca000-00000143a51cffff 0x0001/0x0000 0x0000000
56f8.3c48:  *00000143a51d0000-00000143a51d3fff 0x0002/0x0002 0x0040000
56f8.3c48:   00000143a51d4000-00000143a51dffff 0x0001/0x0000 0x0000000
56f8.3c48:  *00000143a51e0000-00000143a51e0fff 0x0002/0x0002 0x0040000
56f8.3c48:   00000143a51e1000-00000143a51effff 0x0001/0x0000 0x0000000
56f8.3c48:  *00000143a51f0000-00000143a51f1fff 0x0004/0x0004 0x0020000
56f8.3c48:   00000143a51f2000-00000143a51fffff 0x0001/0x0000 0x0000000
56f8.3c48:  *00000143a5200000-00000143a5202fff 0x0002/0x0002 0x0040000
56f8.3c48:   00000143a5203000-00000143a520ffff 0x0001/0x0000 0x0000000
56f8.3c48:  *00000143a5210000-00000143a5219fff 0x0002/0x0002 0x0040000
56f8.3c48:   00000143a521a000-00000143a521ffff 0x0001/0x0000 0x0000000
56f8.3c48:  *00000143a5220000-00000143a5229fff 0x0002/0x0002 0x0040000
56f8.3c48:   00000143a522a000-00000143a522ffff 0x0001/0x0000 0x0000000
56f8.3c48:  *00000143a5230000-00000143a5235fff 0x0002/0x0002 0x0040000
56f8.3c48:   00000143a5236000-00000143a523ffff 0x0001/0x0000 0x0000000
56f8.3c48:  *00000143a5240000-00000143a5247fff 0x0002/0x0002 0x0040000
56f8.3c48:   00000143a5248000-00000143a524ffff 0x0001/0x0000 0x0000000
56f8.3c48:  *00000143a5250000-00000143a5252fff 0x0002/0x0002 0x0040000
56f8.3c48:   00000143a5253000-00000143a525ffff 0x0001/0x0000 0x0000000
56f8.3c48:  *00000143a5260000-00000143a5332fff 0x0002/0x0002 0x0040000
56f8.3c48:   00000143a5333000-00000143a5ffffff 0x0001/0x0000 0x0000000
56f8.3c48:  *00000143a6000000-00000143a6001fff 0x0004/0x0004 0x0020000
56f8.3c48:   00000143a6002000-00000143a60fffff 0x0000/0x0004 0x0020000
56f8.3c48:   00000143a6100000-00000143a6108fff 0x0004/0x0004 0x0020000
56f8.3c48:   00000143a6109000-00000143a6112fff 0x0000/0x0004 0x0020000
56f8.3c48:   00000143a6113000-00000143a6113fff 0x0004/0x0004 0x0020000
56f8.3c48:   00000143a6114000-00000143a61fffff 0x0000/0x0004 0x0020000
56f8.3c48:   00000143a6200000-00000143a6200fff 0x0004/0x0004 0x0020000
56f8.3c48:   00000143a6201000-00000143a62fffff 0x0000/0x0004 0x0020000
56f8.3c48:   00000143a6300000-00000143a6302fff 0x0004/0x0004 0x0020000
56f8.3c48:   00000143a6303000-00000143a63fffff 0x0000/0x0004 0x0020000
56f8.3c48:   00000143a6400000-00000143a6401fff 0x0004/0x0004 0x0020000
56f8.3c48:   00000143a6402000-00000143a64fffff 0x0000/0x0004 0x0020000
56f8.3c48:   00000143a6500000-00000143a6511fff 0x0004/0x0004 0x0020000
56f8.3c48:   00000143a6512000-00000143a6512fff 0x0000/0x0004 0x0020000
56f8.3c48:   00000143a6513000-00000143a652dfff 0x0004/0x0004 0x0020000
56f8.3c48:   00000143a652e000-00000143a652efff 0x0000/0x0004 0x0020000
56f8.3c48:   00000143a652f000-00000143a653efff 0x0004/0x0004 0x0020000
56f8.3c48:   00000143a653f000-00000143a6547fff 0x0000/0x0004 0x0020000
56f8.3c48:   00000143a6548000-00000143a6548fff 0x0004/0x0004 0x0020000
56f8.3c48:   00000143a6549000-00000143a6ffffff 0x0000/0x0004 0x0020000
56f8.3c48:  *00000143a7000000-00000143a7001fff 0x0004/0x0004 0x0020000
56f8.3c48:   00000143a7002000-00000143a700ffff 0x0000/0x0004 0x0020000
56f8.3c48:   00000143a7010000-00000143a7275fff 0x0004/0x0004 0x0020000
56f8.3c48:   00000143a7276000-00000143a7ffffff 0x0000/0x0004 0x0020000
56f8.3c48:   00000143a8000000-00007df41a29ffff 0x0001/0x0000 0x0000000
56f8.3c48:  *00007df41a2a0000-00007df41cb13fff 0x0000/0x0004 0x0020000
56f8.3c48:   00007df41cb14000-00007df41cb14fff 0x0004/0x0004 0x0020000
56f8.3c48:   00007df41cb15000-00007df51a29ffff 0x0000/0x0004 0x0020000
56f8.3c48:   00007df51a2a0000-00007df51a2a0fff 0x0004/0x0004 0x0020000
56f8.3c48:   00007df51a2a1000-00007df51a2bffff 0x0000/0x0004 0x0020000
56f8.3c48:  *00007df51a2c0000-00007df51b6c0fff 0x0000/0x0001 0x0040000
56f8.3c48:   00007df51b6c1000-00007df51b720fff 0x0001/0x0001 0x0040000
56f8.3c48:   00007df51b721000-00007df51c042fff 0x0000/0x0001 0x0040000
56f8.3c48:   00007df51c043000-00007df51c0a0fff 0x0001/0x0001 0x0040000
56f8.3c48:   00007df51c0a1000-00007df51c0a4fff 0x0000/0x0001 0x0040000
56f8.3c48:   00007df51c0a5000-00007df51c0bffff 0x0001/0x0001 0x0040000
56f8.3c48:   00007df51c0c0000-00007ff4f7942fff 0x0000/0x0001 0x0040000
56f8.3c48:   00007ff4f7943000-00007ff4f7947fff 0x0002/0x0001 0x0040000
56f8.3c48:   00007ff4f7948000-00007ff514eecfff 0x0000/0x0001 0x0040000
56f8.3c48:   00007ff514eed000-00007ff518a33fff 0x0001/0x0001 0x0040000
56f8.3c48:   00007ff518a34000-00007ff518a44fff 0x0002/0x0001 0x0040000
56f8.3c48:   00007ff518a45000-00007ff518a98fff 0x0001/0x0001 0x0040000
56f8.3c48:   00007ff518a99000-00007ff518a9cfff 0x0002/0x0001 0x0040000
56f8.3c48:   00007ff518a9d000-00007ff518acdfff 0x0001/0x0001 0x0040000
56f8.3c48:   00007ff518ace000-00007ff518ad8fff 0x0002/0x0001 0x0040000
56f8.3c48:   00007ff518ad9000-00007ff51a2bffff 0x0000/0x0001 0x0040000
56f8.3c48:   00007ff51a2c0000-00007ff540eaffff 0x0001/0x0000 0x0000000
56f8.3c48:  *00007ff540eb0000-00007ff540eb4fff 0x0002/0x0002 0x0040000
56f8.3c48:   00007ff540eb5000-00007ff540faffff 0x0000/0x0002 0x0040000
56f8.3c48:  *00007ff540fb0000-00007ff540ffffff 0x0000/0x0004 0x0020000
56f8.3c48:   00007ff541000000-00007ff541000fff 0x0004/0x0004 0x0020000
56f8.3c48:   00007ff541001000-00007ff542faffff 0x0000/0x0004 0x0020000
56f8.3c48:   00007ff542fb0000-00007ff542fb0fff 0x0004/0x0004 0x0020000
56f8.3c48:   00007ff542fb1000-00007ff542fbffff 0x0001/0x0000 0x0000000
56f8.3c48:  *00007ff542fc0000-00007ff542fc0fff 0x0002/0x0002 0x0040000
56f8.3c48:   00007ff542fc1000-00007ff75a0dffff 0x0001/0x0000 0x0000000
56f8.3c48:  *00007ff75a0e0000-00007ff75a0e0fff 0x0002/0x0080 0x1000000  \Device\HarddiskVolume3\Program Files\Oracle\VirtualBox\VirtualBoxVM.exe
56f8.3c48:   00007ff75a0e1000-00007ff75a14cfff 0x0020/0x0080 0x1000000  \Device\HarddiskVolume3\Program Files\Oracle\VirtualBox\VirtualBoxVM.exe
56f8.3c48:   00007ff75a14d000-00007ff75a14dfff 0x0080/0x0080 0x1000000  \Device\HarddiskVolume3\Program Files\Oracle\VirtualBox\VirtualBoxVM.exe
56f8.3c48:   00007ff75a14e000-00007ff75a1a2fff 0x0002/0x0080 0x1000000  \Device\HarddiskVolume3\Program Files\Oracle\VirtualBox\VirtualBoxVM.exe
56f8.3c48:   00007ff75a1a3000-00007ff75a1a5fff 0x0004/0x0080 0x1000000  \Device\HarddiskVolume3\Program Files\Oracle\VirtualBox\VirtualBoxVM.exe
56f8.3c48:   00007ff75a1a6000-00007ff75a1a8fff 0x0008/0x0080 0x1000000  \Device\HarddiskVolume3\Program Files\Oracle\VirtualBox\VirtualBoxVM.exe
56f8.3c48:   00007ff75a1a9000-00007ff75a1aefff 0x0004/0x0080 0x1000000  \Device\HarddiskVolume3\Program Files\Oracle\VirtualBox\VirtualBoxVM.exe
56f8.3c48:   00007ff75a1af000-00007ff75a1affff 0x0008/0x0080 0x1000000  \Device\HarddiskVolume3\Program Files\Oracle\VirtualBox\VirtualBoxVM.exe
56f8.3c48:   00007ff75a1b0000-00007ff75a1eafff 0x0002/0x0080 0x1000000  \Device\HarddiskVolume3\Program Files\Oracle\VirtualBox\VirtualBoxVM.exe
56f8.3c48:   00007ff75a1eb000-00007fff9dd0ffff 0x0001/0x0000 0x0000000
56f8.3c48:  *00007fff9dd10000-00007fff9dd10fff 0x0002/0x0080 0x1000000  \Device\HarddiskVolume3\Windows\System32\KernelBase.dll
56f8.3c48:   00007fff9dd11000-00007fff9deb8fff 0x0020/0x0080 0x1000000  \Device\HarddiskVolume3\Windows\System32\KernelBase.dll
56f8.3c48:   00007fff9deb9000-00007fff9e0affff 0x0002/0x0080 0x1000000  \Device\HarddiskVolume3\Windows\System32\KernelBase.dll
56f8.3c48:   00007fff9e0b0000-00007fff9e0b8fff 0x0004/0x0080 0x1000000  \Device\HarddiskVolume3\Windows\System32\KernelBase.dll
56f8.3c48:   00007fff9e0b9000-00007fff9e0b9fff 0x0008/0x0080 0x1000000  \Device\HarddiskVolume3\Windows\System32\KernelBase.dll
56f8.3c48:   00007fff9e0ba000-00007fff9e0bafff 0x0004/0x0080 0x1000000  \Device\HarddiskVolume3\Windows\System32\KernelBase.dll
56f8.3c48:   00007fff9e0bb000-00007fff9e109fff 0x0002/0x0080 0x1000000  \Device\HarddiskVolume3\Windows\System32\KernelBase.dll
56f8.3c48:   00007fff9e10a000-00007fff9f66ffff 0x0001/0x0000 0x0000000
56f8.3c48:  *00007fff9f670000-00007fff9f670fff 0x0002/0x0080 0x1000000  \Device\HarddiskVolume3\Windows\System32\kernel32.dll
56f8.3c48:   00007fff9f671000-00007fff9f6f6fff 0x0020/0x0080 0x1000000  \Device\HarddiskVolume3\Windows\System32\kernel32.dll
56f8.3c48:   00007fff9f6f7000-00007fff9f72efff 0x0002/0x0080 0x1000000  \Device\HarddiskVolume3\Windows\System32\kernel32.dll
56f8.3c48:   00007fff9f72f000-00007fff9f730fff 0x0004/0x0080 0x1000000  \Device\HarddiskVolume3\Windows\System32\kernel32.dll
56f8.3c48:   00007fff9f731000-00007fff9f738fff 0x0002/0x0080 0x1000000  \Device\HarddiskVolume3\Windows\System32\kernel32.dll
56f8.3c48:   00007fff9f739000-00007fffa039ffff 0x0001/0x0000 0x0000000
56f8.3c48:  *00007fffa03a0000-00007fffa03a0fff 0x0002/0x0080 0x1000000  \Device\HarddiskVolume3\Windows\System32\ntdll.dll
56f8.3c48:   00007fffa03a1000-00007fffa0511fff 0x0020/0x0080 0x1000000  \Device\HarddiskVolume3\Windows\System32\ntdll.dll
56f8.3c48:   00007fffa0512000-00007fffa056afff 0x0002/0x0080 0x1000000  \Device\HarddiskVolume3\Windows\System32\ntdll.dll
56f8.3c48:   00007fffa056b000-00007fffa0573fff 0x0004/0x0080 0x1000000  \Device\HarddiskVolume3\Windows\System32\ntdll.dll
56f8.3c48:   00007fffa0574000-00007fffa0605fff 0x0002/0x0080 0x1000000  \Device\HarddiskVolume3\Windows\System32\ntdll.dll
56f8.3c48:   00007fffa0606000-00007ffffffeffff 0x0001/0x0000 0x0000000
56f8.3c48: kernel32.dll: timestamp 0xe75c7565 (rc=VINF_SUCCESS)
56f8.3c48: kernelbase.dll: timestamp 0xdd98c8ba (rc=VINF_SUCCESS)
56f8.3c48: VirtualBoxVM.exe: timestamp 0x69e35820 (rc=VINF_SUCCESS)
56f8.3c48: '\Device\HarddiskVolume3\Program Files\Oracle\VirtualBox\VirtualBoxVM.exe' has no imports
56f8.3c48: VirtualBoxVM.exe: Differences in section #7 (.0000cfg() between file and memory:
56f8.3c48:   00007ff75a1b7000 / 0x00d7000: 30 != 10
56f8.3c48:   00007ff75a1b7001 / 0x00d7001: 24 != f7
56f8.3c48:   00007ff75a1b7002 / 0x00d7002: 0e != 4b
56f8.3c48:   00007ff75a1b7003 / 0x00d7003: 5a != a0
56f8.3c48:   00007ff75a1b7004 / 0x00d7004: f7 != ff
56f8.3c48:   00007ff75a1b7008 / 0x00d7008: 35 != b0
56f8.3c48:   00007ff75a1b7009 / 0x00d7009: 24 != f7
56f8.3c48:   00007ff75a1b700a / 0x00d700a: 0e != 4b
56f8.3c48:   00007ff75a1b700b / 0x00d700b: 5a != a0
56f8.3c48:   00007ff75a1b700c / 0x00d700c: f7 != ff
56f8.3c48:   00007ff75a1b7010 / 0x00d7010: 30 != 10
56f8.3c48:   00007ff75a1b7011 / 0x00d7011: 24 != f7
56f8.3c48:   00007ff75a1b7012 / 0x00d7012: 0e != 4b
56f8.3c48:   00007ff75a1b7013 / 0x00d7013: 5a != a0
56f8.3c48:   00007ff75a1b7014 / 0x00d7014: f7 != ff
56f8.3c48:   00007ff75a1b7018 / 0x00d7018: 3b != b0
56f8.3c48:   00007ff75a1b7019 / 0x00d7019: 24 != f7
56f8.3c48:   00007ff75a1b701a / 0x00d701a: 0e != 4b
56f8.3c48:   00007ff75a1b701b / 0x00d701b: 5a != a0
56f8.3c48:   00007ff75a1b701c / 0x00d701c: f7 != ff
56f8.3c48:   00007ff75a1b7020 / 0x00d7020: 3b != b0
56f8.3c48:   00007ff75a1b7021 / 0x00d7021: 24 != f7
56f8.3c48:   00007ff75a1b7022 / 0x00d7022: 0e != 4b
56f8.3c48:   00007ff75a1b7023 / 0x00d7023: 5a != a0
56f8.3c48:   00007ff75a1b7024 / 0x00d7024: f7 != ff
56f8.3c48:   Restored 0x28 bytes of original file content at 00007ff75a1b7000
56f8.3c48: VirtualBoxVM.exe: Differences in section #8 (.rsrc) between file and memory:
56f8.3c48:   00007ff75a1e8b70 / 0x0108b70: 00 != 50
56f8.3c48:   00007ff75a1e8b71 / 0x0108b71: 00 != 41
56f8.3c48:   00007ff75a1e8b72 / 0x0108b72: 00 != 44
56f8.3c48:   00007ff75a1e8b73 / 0x0108b73: 00 != 44
56f8.3c48:   00007ff75a1e8b74 / 0x0108b74: 00 != 49
56f8.3c48:   00007ff75a1e8b75 / 0x0108b75: 00 != 4e
56f8.3c48:   00007ff75a1e8b76 / 0x0108b76: 00 != 47
56f8.3c48:   00007ff75a1e8b77 / 0x0108b77: 00 != 58
56f8.3c48:   00007ff75a1e8b78 / 0x0108b78: 00 != 58
56f8.3c48:   00007ff75a1e8b79 / 0x0108b79: 00 != 50
56f8.3c48:   00007ff75a1e8b7a / 0x0108b7a: 00 != 41
56f8.3c48:   00007ff75a1e8b7b / 0x0108b7b: 00 != 44
56f8.3c48:   00007ff75a1e8b7c / 0x0108b7c: 00 != 44
56f8.3c48:   00007ff75a1e8b7d / 0x0108b7d: 00 != 49
56f8.3c48:   00007ff75a1e8b7e / 0x0108b7e: 00 != 4e
56f8.3c48:   00007ff75a1e8b7f / 0x0108b7f: 00 != 47
56f8.3c48:   00007ff75a1e8b80 / 0x0108b80: 00 != 50
56f8.3c48:   00007ff75a1e8b81 / 0x0108b81: 00 != 41
56f8.3c48:   00007ff75a1e8b82 / 0x0108b82: 00 != 44
56f8.3c48:   00007ff75a1e8b83 / 0x0108b83: 00 != 44
56f8.3c48:   00007ff75a1e8b84 / 0x0108b84: 00 != 49
56f8.3c48:   00007ff75a1e8b85 / 0x0108b85: 00 != 4e
56f8.3c48:   00007ff75a1e8b86 / 0x0108b86: 00 != 47
56f8.3c48:   00007ff75a1e8b87 / 0x0108b87: 00 != 58
56f8.3c48:   00007ff75a1e8b88 / 0x0108b88: 00 != 58
56f8.3c48:   00007ff75a1e8b89 / 0x0108b89: 00 != 50
56f8.3c48:   00007ff75a1e8b8a / 0x0108b8a: 00 != 41
56f8.3c48:   00007ff75a1e8b8b / 0x0108b8b: 00 != 44
56f8.3c48:   00007ff75a1e8b8c / 0x0108b8c: 00 != 44
56f8.3c48:   00007ff75a1e8b8d / 0x0108b8d: 00 != 49
56f8.3c48:   00007ff75a1e8b8e / 0x0108b8e: 00 != 4e
56f8.3c48:   00007ff75a1e8b8f / 0x0108b8f: 00 != 47
56f8.3c48:   00007ff75a1e8b90 / 0x0108b90: 00 != 50
56f8.3c48:   00007ff75a1e8b91 / 0x0108b91: 00 != 41
56f8.3c48:   00007ff75a1e8b92 / 0x0108b92: 00 != 44
56f8.3c48:   00007ff75a1e8b93 / 0x0108b93: 00 != 44
56f8.3c48:   00007ff75a1e8b94 / 0x0108b94: 00 != 49
56f8.3c48:   00007ff75a1e8b95 / 0x0108b95: 00 != 4e
56f8.3c48:   00007ff75a1e8b96 / 0x0108b96: 00 != 47
56f8.3c48:   00007ff75a1e8b97 / 0x0108b97: 00 != 58
56f8.3c48:   00007ff75a1e8b98 / 0x0108b98: 00 != 58
56f8.3c48:   00007ff75a1e8b99 / 0x0108b99: 00 != 50
56f8.3c48:   00007ff75a1e8b9a / 0x0108b9a: 00 != 41
56f8.3c48:   00007ff75a1e8b9b / 0x0108b9b: 00 != 44
56f8.3c48:   00007ff75a1e8b9c / 0x0108b9c: 00 != 44
56f8.3c48:   00007ff75a1e8b9d / 0x0108b9d: 00 != 49
56f8.3c48:   00007ff75a1e8b9e / 0x0108b9e: 00 != 4e
56f8.3c48:   00007ff75a1e8b9f / 0x0108b9f: 00 != 47
56f8.3c48:   00007ff75a1e8ba0 / 0x0108ba0: 00 != 50
56f8.3c48:   00007ff75a1e8ba1 / 0x0108ba1: 00 != 41
56f8.3c48:   00007ff75a1e8ba2 / 0x0108ba2: 00 != 44
56f8.3c48:   00007ff75a1e8ba3 / 0x0108ba3: 00 != 44
56f8.3c48:   00007ff75a1e8ba4 / 0x0108ba4: 00 != 49
56f8.3c48:   00007ff75a1e8ba5 / 0x0108ba5: 00 != 4e
56f8.3c48:   00007ff75a1e8ba6 / 0x0108ba6: 00 != 47
56f8.3c48:   00007ff75a1e8ba7 / 0x0108ba7: 00 != 58
56f8.3c48:   00007ff75a1e8ba8 / 0x0108ba8: 00 != 58
56f8.3c48:   00007ff75a1e8ba9 / 0x0108ba9: 00 != 50
56f8.3c48:   00007ff75a1e8baa / 0x0108baa: 00 != 41
56f8.3c48:   00007ff75a1e8bab / 0x0108bab: 00 != 44
56f8.3c48:   00007ff75a1e8bac / 0x0108bac: 00 != 44
56f8.3c48:   00007ff75a1e8bad / 0x0108bad: 00 != 49
56f8.3c48:   00007ff75a1e8bae / 0x0108bae: 00 != 4e
56f8.3c48:   00007ff75a1e8baf / 0x0108baf: 00 != 47
56f8.3c48:   00007ff75a1e8bb0 / 0x0108bb0: 00 != 50
56f8.3c48:   00007ff75a1e8bb1 / 0x0108bb1: 00 != 41
56f8.3c48:   00007ff75a1e8bb2 / 0x0108bb2: 00 != 44
56f8.3c48:   00007ff75a1e8bb3 / 0x0108bb3: 00 != 44
56f8.3c48:   00007ff75a1e8bb4 / 0x0108bb4: 00 != 49
56f8.3c48:   00007ff75a1e8bb5 / 0x0108bb5: 00 != 4e
56f8.3c48:   00007ff75a1e8bb6 / 0x0108bb6: 00 != 47
56f8.3c48:   00007ff75a1e8bb7 / 0x0108bb7: 00 != 58
56f8.3c48:   00007ff75a1e8bb8 / 0x0108bb8: 00 != 58
56f8.3c48:   00007ff75a1e8bb9 / 0x0108bb9: 00 != 50
56f8.3c48:   00007ff75a1e8bba / 0x0108bba: 00 != 41
56f8.3c48:   00007ff75a1e8bbb / 0x0108bbb: 00 != 44
56f8.3c48:   00007ff75a1e8bbc / 0x0108bbc: 00 != 44
56f8.3c48:   00007ff75a1e8bbd / 0x0108bbd: 00 != 49
56f8.3c48:   00007ff75a1e8bbe / 0x0108bbe: 00 != 4e
56f8.3c48:   00007ff75a1e8bbf / 0x0108bbf: 00 != 47
56f8.3c48:   00007ff75a1e8bc0 / 0x0108bc0: 00 != 50
56f8.3c48:   00007ff75a1e8bc1 / 0x0108bc1: 00 != 41
56f8.3c48:   00007ff75a1e8bc2 / 0x0108bc2: 00 != 44
56f8.3c48:   00007ff75a1e8bc3 / 0x0108bc3: 00 != 44
56f8.3c48:   00007ff75a1e8bc4 / 0x0108bc4: 00 != 49
56f8.3c48:   00007ff75a1e8bc5 / 0x0108bc5: 00 != 4e
56f8.3c48:   00007ff75a1e8bc6 / 0x0108bc6: 00 != 47
56f8.3c48:   00007ff75a1e8bc7 / 0x0108bc7: 00 != 58
56f8.3c48:   00007ff75a1e8bc8 / 0x0108bc8: 00 != 58
56f8.3c48:   00007ff75a1e8bc9 / 0x0108bc9: 00 != 50
56f8.3c48:   00007ff75a1e8bca / 0x0108bca: 00 != 41
56f8.3c48:   00007ff75a1e8bcb / 0x0108bcb: 00 != 44
56f8.3c48:   00007ff75a1e8bcc / 0x0108bcc: 00 != 44
56f8.3c48:   00007ff75a1e8bcd / 0x0108bcd: 00 != 49
56f8.3c48:   00007ff75a1e8bce / 0x0108bce: 00 != 4e
56f8.3c48:   00007ff75a1e8bcf / 0x0108bcf: 00 != 47
56f8.3c48:   00007ff75a1e8bd0 / 0x0108bd0: 00 != 50
56f8.3c48:   00007ff75a1e8bd1 / 0x0108bd1: 00 != 41
56f8.3c48:   00007ff75a1e8bd2 / 0x0108bd2: 00 != 44
56f8.3c48:   00007ff75a1e8bd3 / 0x0108bd3: 00 != 44
56f8.3c48:   00007ff75a1e8bd4 / 0x0108bd4: 00 != 49
56f8.3c48:   00007ff75a1e8bd5 / 0x0108bd5: 00 != 4e
56f8.3c48:   00007ff75a1e8bd6 / 0x0108bd6: 00 != 47
56f8.3c48:   00007ff75a1e8bd7 / 0x0108bd7: 00 != 58
56f8.3c48:   00007ff75a1e8bd8 / 0x0108bd8: 00 != 58
56f8.3c48:   00007ff75a1e8bd9 / 0x0108bd9: 00 != 50
56f8.3c48:   00007ff75a1e8bda / 0x0108bda: 00 != 41
56f8.3c48:   00007ff75a1e8bdb / 0x0108bdb: 00 != 44
56f8.3c48:   00007ff75a1e8bdc / 0x0108bdc: 00 != 44
56f8.3c48:   00007ff75a1e8bdd / 0x0108bdd: 00 != 49
56f8.3c48:   00007ff75a1e8bde / 0x0108bde: 00 != 4e
56f8.3c48:   00007ff75a1e8bdf / 0x0108bdf: 00 != 47
56f8.3c48:   00007ff75a1e8be0 / 0x0108be0: 00 != 50
56f8.3c48:   00007ff75a1e8be1 / 0x0108be1: 00 != 41
56f8.3c48:   00007ff75a1e8be2 / 0x0108be2: 00 != 44
56f8.3c48:   00007ff75a1e8be3 / 0x0108be3: 00 != 44
56f8.3c48:   00007ff75a1e8be4 / 0x0108be4: 00 != 49
56f8.3c48:   00007ff75a1e8be5 / 0x0108be5: 00 != 4e
56f8.3c48:   00007ff75a1e8be6 / 0x0108be6: 00 != 47
56f8.3c48:   00007ff75a1e8be7 / 0x0108be7: 00 != 58
56f8.3c48:   00007ff75a1e8be8 / 0x0108be8: 00 != 58
56f8.3c48:   00007ff75a1e8be9 / 0x0108be9: 00 != 50
56f8.3c48:   00007ff75a1e8bea / 0x0108bea: 00 != 41
56f8.3c48:   00007ff75a1e8beb / 0x0108beb: 00 != 44
56f8.3c48:   00007ff75a1e8bec / 0x0108bec: 00 != 44
56f8.3c48:   00007ff75a1e8bed / 0x0108bed: 00 != 49
56f8.3c48:   00007ff75a1e8bee / 0x0108bee: 00 != 4e
56f8.3c48:   00007ff75a1e8bef / 0x0108bef: 00 != 47
56f8.3c48:   00007ff75a1e8bf0 / 0x0108bf0: 00 != 50
56f8.3c48:   00007ff75a1e8bf1 / 0x0108bf1: 00 != 41
56f8.3c48:   00007ff75a1e8bf2 / 0x0108bf2: 00 != 44
56f8.3c48:   00007ff75a1e8bf3 / 0x0108bf3: 00 != 44
56f8.3c48:   00007ff75a1e8bf4 / 0x0108bf4: 00 != 49
56f8.3c48:   00007ff75a1e8bf5 / 0x0108bf5: 00 != 4e
56f8.3c48:   00007ff75a1e8bf6 / 0x0108bf6: 00 != 47
56f8.3c48:   00007ff75a1e8bf7 / 0x0108bf7: 00 != 58
56f8.3c48:   00007ff75a1e8bf8 / 0x0108bf8: 00 != 58
56f8.3c48:   00007ff75a1e8bf9 / 0x0108bf9: 00 != 50
56f8.3c48:   00007ff75a1e8bfa / 0x0108bfa: 00 != 41
56f8.3c48:   00007ff75a1e8bfb / 0x0108bfb: 00 != 44
56f8.3c48:   00007ff75a1e8bfc / 0x0108bfc: 00 != 44
56f8.3c48:   00007ff75a1e8bfd / 0x0108bfd: 00 != 49
56f8.3c48:   00007ff75a1e8bfe / 0x0108bfe: 00 != 4e
56f8.3c48:   00007ff75a1e8bff / 0x0108bff: 00 != 47
56f8.3c48:   Restored 0x490 bytes of original file content at 00007ff75a1e8b70
56f8.3c48: '\Device\HarddiskVolume3\Windows\System32\ntdll.dll' has no imports
56f8.3c48: ntdll.dll: Differences in section #12 (.00cfg) between file and memory:
56f8.3c48:   00007fffa0585000 / 0x01e5000: 30 != b0
56f8.3c48:   00007fffa0585001 / 0x01e5001: 57 != f7
56f8.3c48:   00007fffa0585002 / 0x01e5002: 50 != 4b
56f8.3c48:   00007fffa0585008 / 0x01e5008: b0 != 10
56f8.3c48:   00007fffa0585009 / 0x01e5009: 65 != f7
56f8.3c48:   00007fffa058500a / 0x01e500a: 49 != 4b
56f8.3c48:   00007fffa0585010 / 0x01e5010: 60 != b0
56f8.3c48:   00007fffa0585011 / 0x01e5011: 57 != f7
56f8.3c48:   00007fffa0585012 / 0x01e5012: 50 != 4b
56f8.3c48:   00007fffa0585018 / 0x01e5018: 60 != b0
56f8.3c48:   00007fffa0585019 / 0x01e5019: 57 != f7
56f8.3c48:   00007fffa058501a / 0x01e501a: 50 != 4b
56f8.3c48:   Restored 0x28 bytes of original file content at 00007fffa0585000
56f8.3c48: kernel32.dll: Differences in section #3 (.rdata) between file and memory:
56f8.3c48:   00007fff9f6fbcf8 / 0x008bcf8: 30 != 10
56f8.3c48:   00007fff9f6fbcf9 / 0x008bcf9: 86 != f7
56f8.3c48:   00007fff9f6fbcfa / 0x008bcfa: 6c != 4b
56f8.3c48:   00007fff9f6fbcfb / 0x008bcfb: 9f != a0
56f8.3c48:   00007fff9f6fbd01 / 0x008bd01: 45 != f7
56f8.3c48:   00007fff9f6fbd02 / 0x008bd02: 6f != 4b
56f8.3c48:   00007fff9f6fbd03 / 0x008bd03: 9f != a0
56f8.3c48:   00007fff9f6fbd08 / 0x008bd08: 30 != 10
56f8.3c48:   00007fff9f6fbd09 / 0x008bd09: 86 != f7
56f8.3c48:   00007fff9f6fbd0a / 0x008bd0a: 6c != 4b
56f8.3c48:   00007fff9f6fbd0b / 0x008bd0b: 9f != a0
56f8.3c48:   00007fff9f6fbd10 / 0x008bd10: e0 != b0
56f8.3c48:   00007fff9f6fbd11 / 0x008bd11: 45 != f7
56f8.3c48:   00007fff9f6fbd12 / 0x008bd12: 6f != 4b
56f8.3c48:   00007fff9f6fbd13 / 0x008bd13: 9f != a0
56f8.3c48:   00007fff9f6fbd18 / 0x008bd18: e0 != b0
56f8.3c48:   00007fff9f6fbd19 / 0x008bd19: 45 != f7
56f8.3c48:   00007fff9f6fbd1a / 0x008bd1a: 6f != 4b
56f8.3c48:   00007fff9f6fbd1b / 0x008bd1b: 9f != a0
56f8.3c48:   Restored 0x2000 bytes of original file content at 00007fff9f6fb000
56f8.3c48: kernelbase.dll: Differences in section #3 (.rdata) between file and memory:
56f8.3c48:   00007fff9dfa8ab0 / 0x0298ab0: 80 != 10
56f8.3c48:   00007fff9dfa8ab1 / 0x0298ab1: 02 != f7
56f8.3c48:   00007fff9dfa8ab2 / 0x0298ab2: e3 != 4b
56f8.3c48:   00007fff9dfa8ab3 / 0x0298ab3: 9d != a0
56f8.3c48:   00007fff9dfa8ab8 / 0x0298ab8: 20 != b0
56f8.3c48:   00007fff9dfa8ab9 / 0x0298ab9: 5f != f7
56f8.3c48:   00007fff9dfa8aba / 0x0298aba: ea != 4b
56f8.3c48:   00007fff9dfa8abb / 0x0298abb: 9d != a0
56f8.3c48:   00007fff9dfa8ac0 / 0x0298ac0: 80 != 10
56f8.3c48:   00007fff9dfa8ac1 / 0x0298ac1: 02 != f7
56f8.3c48:   00007fff9dfa8ac2 / 0x0298ac2: e3 != 4b
56f8.3c48:   00007fff9dfa8ac3 / 0x0298ac3: 9d != a0
56f8.3c48:   00007fff9dfa8ac8 / 0x0298ac8: 50 != b0
56f8.3c48:   00007fff9dfa8ac9 / 0x0298ac9: 5f != f7
56f8.3c48:   00007fff9dfa8aca / 0x0298aca: ea != 4b
56f8.3c48:   00007fff9dfa8acb / 0x0298acb: 9d != a0
56f8.3c48:   00007fff9dfa8ad0 / 0x0298ad0: 50 != b0
56f8.3c48:   00007fff9dfa8ad1 / 0x0298ad1: 5f != f7
56f8.3c48:   00007fff9dfa8ad2 / 0x0298ad2: ea != 4b
56f8.3c48:   00007fff9dfa8ad3 / 0x0298ad3: 9d != a0
56f8.3c48:   Restored 0x2000 bytes of original file content at 00007fff9dfa7000
56f8.3c48: supHardNtVpCheckHandles:
56f8.3c48: supR3HardenedWinInit: SUPHARDNTVPKIND_SELF_PURIFICATION_LIMITED -> VINF_SUCCESS, cFixes=5
56f8.3c48: '\Device\HarddiskVolume3\Program Files\Oracle\VirtualBox\VirtualBoxVM.exe' has no imports
56f8.3c48: supHardenedWinVerifyImageByHandle: -> 0 (\Device\HarddiskVolume3\Program Files\Oracle\VirtualBox\VirtualBoxVM.exe)
56f8.3c48: supR3HardNtEnableThreadCreationEx:
56f8.3c48: supR3HardNtDisableThreadCreation: pvLdrInitThunk=00007fffa03a8540 pvNtTerminateThread=00007fffa0500ac0 g_LdrInitThunkSelfBackup.cb=10
56f8.3c48: supR3HardenedWinDoReSpawn(1): New child 1920.2c0c [kernel32].
56f8.3c48: supR3HardNtChildGatherData: PebBaseAddress=000000ce7bef8000 cbPeb=0x388
56f8.3c48: supR3HardNtPuChFindNtdll: uNtDllParentAddr=00007fffa03a0000 uNtDllChildAddr=00007fffa03a0000
56f8.3c48: supR3HardenedWinSetupChildInit: uLdrInitThunk=00007fffa03a8540
56f8.3c48: supR3HardenedWinSetupChildInit: Initial context:
  rax=0000000000000000 rbx=0000000000000000 rcx=00007ff75a0ec2b0 rdx=000000ce7bef8000
  rsi=0000000000000000 rdi=0000000000000000 r8 =0000000000000000 r9 =0000000000000000
  r10=0000000000000000 r11=0000000000000000 r12=0000000000000000 r13=0000000000000000
  r14=0000000000000000 r15=0000000000000000  P1=0000000000000000  P2=0000000000000000
  rip=00007fffa0427bf0 rsp=000000ce7bd2f838 rbp=0000000000000000    ctxflags=0010001b
  cs=0033 ss=002b ds=0000 es=0000 fs=0000 gs=0000    eflags=00000200   mxcrx=00001f80
   P3=0000000000000000  P4=0000000000000000  P5=0000000000000000  P6=0000000000000000
  dr0=0000000000000000 dr1=0000000000000000 dr2=0000000000000000 dr3=0000000000000000
  dr6=0000000000000000 dr7=0000000000000000 vcr=0000000000000000 dcr=0000000000000000
  lbt=0000000000000000 lbf=0000000000000000 lxt=0000000000000000 lxf=0000000000000000
56f8.3c48: supR3HardenedWinSetupChildInit: Start child.
56f8.3c48: supR3HardNtChildWaitFor: Found expected request 0 (PurifyChildAndCloseHandles) after 1 ms.
56f8.3c48: supR3HardNtChildPurify: Startup delay kludge #1/0: 268 ms, 16 sleeps
56f8.3c48: supHardNtVpScanVirtualMemory: enmKind=CHILD_PURIFICATION
56f8.3c48:  *0000000000000000-000000007ffdffff 0x0001/0x0000 0x0000000
56f8.3c48:  *000000007ffe0000-000000007ffe0fff 0x0002/0x0002 0x0020000
56f8.3c48:   000000007ffe1000-000000007ffe2fff 0x0001/0x0000 0x0000000
56f8.3c48:  *000000007ffe3000-000000007ffe3fff 0x0002/0x0002 0x0020000
56f8.3c48:   000000007ffe4000-000000ce7bc2ffff 0x0001/0x0000 0x0000000
56f8.3c48:  *000000ce7bc30000-000000ce7bd2afff 0x0000/0x0004 0x0020000
56f8.3c48:   000000ce7bd2b000-000000ce7bd2dfff 0x0104/0x0004 0x0020000
56f8.3c48:   000000ce7bd2e000-000000ce7bd2ffff 0x0004/0x0004 0x0020000
56f8.3c48:   000000ce7bd30000-000000ce7bdfffff 0x0001/0x0000 0x0000000
56f8.3c48:  *000000ce7be00000-000000ce7bef7fff 0x0000/0x0004 0x0020000
56f8.3c48:   000000ce7bef8000-000000ce7befafff 0x0004/0x0004 0x0020000
56f8.3c48:   000000ce7befb000-000000ce7bffffff 0x0000/0x0004 0x0020000
56f8.3c48:  *000000ce7c000000-000000ce7c0fcfff 0x0000/0x0002 0x0020000
56f8.3c48:   000000ce7c0fd000-000000ce7c0fdfff 0x0102/0x0002 0x0020000
56f8.3c48:   000000ce7c0fe000-000000ce7c0fefff 0x0002/0x0002 0x0020000
56f8.3c48:   000000ce7c0ff000-000000ce7c0fffff 0x0000/0x0002 0x0020000
56f8.3c48:   000000ce7c100000-000002b2f7d1ffff 0x0001/0x0000 0x0000000
56f8.3c48:  *000002b2f7d20000-000002b2f7d3ffff 0x0004/0x0004 0x0020000
56f8.3c48:  *000002b2f7d40000-000002b2f7d69fff 0x0002/0x0002 0x0040000
56f8.3c48:   000002b2f7d6a000-000002b2f7d6ffff 0x0001/0x0000 0x0000000
56f8.3c48:  *000002b2f7d70000-000002b2f7d73fff 0x0002/0x0002 0x0040000
56f8.3c48:   000002b2f7d74000-000002b2f7d7ffff 0x0001/0x0000 0x0000000
56f8.3c48:  *000002b2f7d80000-000002b2f7d80fff 0x0002/0x0002 0x0040000
56f8.3c48:   000002b2f7d81000-000002b2f7d8ffff 0x0001/0x0000 0x0000000
56f8.3c48:  *000002b2f7d90000-000002b2f7d91fff 0x0004/0x0004 0x0020000
56f8.3c48:   000002b2f7d92000-00007df51a2bffff 0x0001/0x0000 0x0000000
56f8.3c48:  *00007df51a2c0000-00007df51b6c0fff 0x0000/0x0001 0x0040000
56f8.3c48:   00007df51b6c1000-00007df51b720fff 0x0001/0x0001 0x0040000
56f8.3c48:   00007df51b721000-00007df51c042fff 0x0000/0x0001 0x0040000
56f8.3c48:   00007df51c043000-00007df51c0a0fff 0x0001/0x0001 0x0040000
56f8.3c48:   00007df51c0a1000-00007df51c0a4fff 0x0000/0x0001 0x0040000
56f8.3c48:   00007df51c0a5000-00007df51c0bffff 0x0001/0x0001 0x0040000
56f8.3c48:   00007df51c0c0000-00007ff4f7942fff 0x0000/0x0001 0x0040000
56f8.3c48:   00007ff4f7943000-00007ff4f7947fff 0x0002/0x0001 0x0040000
56f8.3c48:   00007ff4f7948000-00007ff514eecfff 0x0000/0x0001 0x0040000
56f8.3c48:   00007ff514eed000-00007ff518acdfff 0x0001/0x0001 0x0040000
56f8.3c48:   00007ff518ace000-00007ff518ad8fff 0x0002/0x0001 0x0040000
56f8.3c48:   00007ff518ad9000-00007ff51a2bffff 0x0000/0x0001 0x0040000
56f8.3c48:   00007ff51a2c0000-00007ff5be6affff 0x0001/0x0000 0x0000000
56f8.3c48:  *00007ff5be6b0000-00007ff5be6b0fff 0x0002/0x0002 0x0040000
56f8.3c48:   00007ff5be6b1000-00007ff75a0dffff 0x0001/0x0000 0x0000000
56f8.3c48:  *00007ff75a0e0000-00007ff75a0e0fff 0x0002/0x0080 0x1000000  \Device\HarddiskVolume3\Program Files\Oracle\VirtualBox\VirtualBoxVM.exe
56f8.3c48:   00007ff75a0e1000-00007ff75a14cfff 0x0020/0x0080 0x1000000  \Device\HarddiskVolume3\Program Files\Oracle\VirtualBox\VirtualBoxVM.exe
56f8.3c48:   00007ff75a14d000-00007ff75a14dfff 0x0080/0x0080 0x1000000  \Device\HarddiskVolume3\Program Files\Oracle\VirtualBox\VirtualBoxVM.exe
56f8.3c48:   00007ff75a14e000-00007ff75a1a2fff 0x0002/0x0080 0x1000000  \Device\HarddiskVolume3\Program Files\Oracle\VirtualBox\VirtualBoxVM.exe
56f8.3c48:   00007ff75a1a3000-00007ff75a1a3fff 0x0004/0x0080 0x1000000  \Device\HarddiskVolume3\Program Files\Oracle\VirtualBox\VirtualBoxVM.exe
56f8.3c48:   00007ff75a1a4000-00007ff75a1a4fff 0x0008/0x0080 0x1000000  \Device\HarddiskVolume3\Program Files\Oracle\VirtualBox\VirtualBoxVM.exe
56f8.3c48:   00007ff75a1a5000-00007ff75a1a9fff 0x0004/0x0080 0x1000000  \Device\HarddiskVolume3\Program Files\Oracle\VirtualBox\VirtualBoxVM.exe
56f8.3c48:   00007ff75a1aa000-00007ff75a1affff 0x0008/0x0080 0x1000000  \Device\HarddiskVolume3\Program Files\Oracle\VirtualBox\VirtualBoxVM.exe
56f8.3c48:   00007ff75a1b0000-00007ff75a1eafff 0x0002/0x0080 0x1000000  \Device\HarddiskVolume3\Program Files\Oracle\VirtualBox\VirtualBoxVM.exe
56f8.3c48:   00007ff75a1eb000-00007fffa039ffff 0x0001/0x0000 0x0000000
56f8.3c48:  *00007fffa03a0000-00007fffa03a0fff 0x0002/0x0080 0x1000000  \Device\HarddiskVolume3\Windows\System32\ntdll.dll
56f8.3c48:   00007fffa03a1000-00007fffa0511fff 0x0020/0x0080 0x1000000  \Device\HarddiskVolume3\Windows\System32\ntdll.dll
56f8.3c48:   00007fffa0512000-00007fffa056afff 0x0002/0x0080 0x1000000  \Device\HarddiskVolume3\Windows\System32\ntdll.dll
56f8.3c48:   00007fffa056b000-00007fffa0573fff 0x0008/0x0080 0x1000000  \Device\HarddiskVolume3\Windows\System32\ntdll.dll
56f8.3c48:   00007fffa0574000-00007fffa0585fff 0x0002/0x0080 0x1000000  \Device\HarddiskVolume3\Windows\System32\ntdll.dll
56f8.3c48:   00007fffa0586000-00007fffa0588fff 0x0008/0x0080 0x1000000  \Device\HarddiskVolume3\Windows\System32\ntdll.dll
56f8.3c48:   00007fffa0589000-00007fffa0589fff 0x0004/0x0080 0x1000000  \Device\HarddiskVolume3\Windows\System32\ntdll.dll
56f8.3c48:   00007fffa058a000-00007fffa0605fff 0x0002/0x0080 0x1000000  \Device\HarddiskVolume3\Windows\System32\ntdll.dll
56f8.3c48:   00007fffa0606000-00007ffffffeffff 0x0001/0x0000 0x0000000
56f8.3c48: VirtualBoxVM.exe: Differences in section #8 (.rsrc) between file and memory:
56f8.3c48:   00007ff75a1e8b70 / 0x0108b70: 00 != 50
56f8.3c48:   00007ff75a1e8b71 / 0x0108b71: 00 != 41
56f8.3c48:   00007ff75a1e8b72 / 0x0108b72: 00 != 44
56f8.3c48:   00007ff75a1e8b73 / 0x0108b73: 00 != 44
56f8.3c48:   00007ff75a1e8b74 / 0x0108b74: 00 != 49
56f8.3c48:   00007ff75a1e8b75 / 0x0108b75: 00 != 4e
56f8.3c48:   00007ff75a1e8b76 / 0x0108b76: 00 != 47
56f8.3c48:   00007ff75a1e8b77 / 0x0108b77: 00 != 58
56f8.3c48:   00007ff75a1e8b78 / 0x0108b78: 00 != 58
56f8.3c48:   00007ff75a1e8b79 / 0x0108b79: 00 != 50
56f8.3c48:   00007ff75a1e8b7a / 0x0108b7a: 00 != 41
56f8.3c48:   00007ff75a1e8b7b / 0x0108b7b: 00 != 44
56f8.3c48:   00007ff75a1e8b7c / 0x0108b7c: 00 != 44
56f8.3c48:   00007ff75a1e8b7d / 0x0108b7d: 00 != 49
56f8.3c48:   00007ff75a1e8b7e / 0x0108b7e: 00 != 4e
56f8.3c48:   00007ff75a1e8b7f / 0x0108b7f: 00 != 47
56f8.3c48:   00007ff75a1e8b80 / 0x0108b80: 00 != 50
56f8.3c48:   00007ff75a1e8b81 / 0x0108b81: 00 != 41
56f8.3c48:   00007ff75a1e8b82 / 0x0108b82: 00 != 44
56f8.3c48:   00007ff75a1e8b83 / 0x0108b83: 00 != 44
56f8.3c48:   00007ff75a1e8b84 / 0x0108b84: 00 != 49
56f8.3c48:   00007ff75a1e8b85 / 0x0108b85: 00 != 4e
56f8.3c48:   00007ff75a1e8b86 / 0x0108b86: 00 != 47
56f8.3c48:   00007ff75a1e8b87 / 0x0108b87: 00 != 58
56f8.3c48:   00007ff75a1e8b88 / 0x0108b88: 00 != 58
56f8.3c48:   00007ff75a1e8b89 / 0x0108b89: 00 != 50
56f8.3c48:   00007ff75a1e8b8a / 0x0108b8a: 00 != 41
56f8.3c48:   00007ff75a1e8b8b / 0x0108b8b: 00 != 44
56f8.3c48:   00007ff75a1e8b8c / 0x0108b8c: 00 != 44
56f8.3c48:   00007ff75a1e8b8d / 0x0108b8d: 00 != 49
56f8.3c48:   00007ff75a1e8b8e / 0x0108b8e: 00 != 4e
56f8.3c48:   00007ff75a1e8b8f / 0x0108b8f: 00 != 47
56f8.3c48:   00007ff75a1e8b90 / 0x0108b90: 00 != 50
56f8.3c48:   00007ff75a1e8b91 / 0x0108b91: 00 != 41
56f8.3c48:   00007ff75a1e8b92 / 0x0108b92: 00 != 44
56f8.3c48:   00007ff75a1e8b93 / 0x0108b93: 00 != 44
56f8.3c48:   00007ff75a1e8b94 / 0x0108b94: 00 != 49
56f8.3c48:   00007ff75a1e8b95 / 0x0108b95: 00 != 4e
56f8.3c48:   00007ff75a1e8b96 / 0x0108b96: 00 != 47
56f8.3c48:   00007ff75a1e8b97 / 0x0108b97: 00 != 58
56f8.3c48:   00007ff75a1e8b98 / 0x0108b98: 00 != 58
56f8.3c48:   00007ff75a1e8b99 / 0x0108b99: 00 != 50
56f8.3c48:   00007ff75a1e8b9a / 0x0108b9a: 00 != 41
56f8.3c48:   00007ff75a1e8b9b / 0x0108b9b: 00 != 44
56f8.3c48:   00007ff75a1e8b9c / 0x0108b9c: 00 != 44
56f8.3c48:   00007ff75a1e8b9d / 0x0108b9d: 00 != 49
56f8.3c48:   00007ff75a1e8b9e / 0x0108b9e: 00 != 4e
56f8.3c48:   00007ff75a1e8b9f / 0x0108b9f: 00 != 47
56f8.3c48:   00007ff75a1e8ba0 / 0x0108ba0: 00 != 50
56f8.3c48:   00007ff75a1e8ba1 / 0x0108ba1: 00 != 41
56f8.3c48:   00007ff75a1e8ba2 / 0x0108ba2: 00 != 44
56f8.3c48:   00007ff75a1e8ba3 / 0x0108ba3: 00 != 44
56f8.3c48:   00007ff75a1e8ba4 / 0x0108ba4: 00 != 49
56f8.3c48:   00007ff75a1e8ba5 / 0x0108ba5: 00 != 4e
56f8.3c48:   00007ff75a1e8ba6 / 0x0108ba6: 00 != 47
56f8.3c48:   00007ff75a1e8ba7 / 0x0108ba7: 00 != 58
56f8.3c48:   00007ff75a1e8ba8 / 0x0108ba8: 00 != 58
56f8.3c48:   00007ff75a1e8ba9 / 0x0108ba9: 00 != 50
56f8.3c48:   00007ff75a1e8baa / 0x0108baa: 00 != 41
56f8.3c48:   00007ff75a1e8bab / 0x0108bab: 00 != 44
56f8.3c48:   00007ff75a1e8bac / 0x0108bac: 00 != 44
56f8.3c48:   00007ff75a1e8bad / 0x0108bad: 00 != 49
56f8.3c48:   00007ff75a1e8bae / 0x0108bae: 00 != 4e
56f8.3c48:   00007ff75a1e8baf / 0x0108baf: 00 != 47
56f8.3c48:   00007ff75a1e8bb0 / 0x0108bb0: 00 != 50
56f8.3c48:   00007ff75a1e8bb1 / 0x0108bb1: 00 != 41
56f8.3c48:   00007ff75a1e8bb2 / 0x0108bb2: 00 != 44
56f8.3c48:   00007ff75a1e8bb3 / 0x0108bb3: 00 != 44
56f8.3c48:   00007ff75a1e8bb4 / 0x0108bb4: 00 != 49
56f8.3c48:   00007ff75a1e8bb5 / 0x0108bb5: 00 != 4e
56f8.3c48:   00007ff75a1e8bb6 / 0x0108bb6: 00 != 47
56f8.3c48:   00007ff75a1e8bb7 / 0x0108bb7: 00 != 58
56f8.3c48:   00007ff75a1e8bb8 / 0x0108bb8: 00 != 58
56f8.3c48:   00007ff75a1e8bb9 / 0x0108bb9: 00 != 50
56f8.3c48:   00007ff75a1e8bba / 0x0108bba: 00 != 41
56f8.3c48:   00007ff75a1e8bbb / 0x0108bbb: 00 != 44
56f8.3c48:   00007ff75a1e8bbc / 0x0108bbc: 00 != 44
56f8.3c48:   00007ff75a1e8bbd / 0x0108bbd: 00 != 49
56f8.3c48:   00007ff75a1e8bbe / 0x0108bbe: 00 != 4e
56f8.3c48:   00007ff75a1e8bbf / 0x0108bbf: 00 != 47
56f8.3c48:   00007ff75a1e8bc0 / 0x0108bc0: 00 != 50
56f8.3c48:   00007ff75a1e8bc1 / 0x0108bc1: 00 != 41
56f8.3c48:   00007ff75a1e8bc2 / 0x0108bc2: 00 != 44
56f8.3c48:   00007ff75a1e8bc3 / 0x0108bc3: 00 != 44
56f8.3c48:   00007ff75a1e8bc4 / 0x0108bc4: 00 != 49
56f8.3c48:   00007ff75a1e8bc5 / 0x0108bc5: 00 != 4e
56f8.3c48:   00007ff75a1e8bc6 / 0x0108bc6: 00 != 47
56f8.3c48:   00007ff75a1e8bc7 / 0x0108bc7: 00 != 58
56f8.3c48:   00007ff75a1e8bc8 / 0x0108bc8: 00 != 58
56f8.3c48:   00007ff75a1e8bc9 / 0x0108bc9: 00 != 50
56f8.3c48:   00007ff75a1e8bca / 0x0108bca: 00 != 41
56f8.3c48:   00007ff75a1e8bcb / 0x0108bcb: 00 != 44
56f8.3c48:   00007ff75a1e8bcc / 0x0108bcc: 00 != 44
56f8.3c48:   00007ff75a1e8bcd / 0x0108bcd: 00 != 49
56f8.3c48:   00007ff75a1e8bce / 0x0108bce: 00 != 4e
56f8.3c48:   00007ff75a1e8bcf / 0x0108bcf: 00 != 47
56f8.3c48:   00007ff75a1e8bd0 / 0x0108bd0: 00 != 50
56f8.3c48:   00007ff75a1e8bd1 / 0x0108bd1: 00 != 41
56f8.3c48:   00007ff75a1e8bd2 / 0x0108bd2: 00 != 44
56f8.3c48:   00007ff75a1e8bd3 / 0x0108bd3: 00 != 44
56f8.3c48:   00007ff75a1e8bd4 / 0x0108bd4: 00 != 49
56f8.3c48:   00007ff75a1e8bd5 / 0x0108bd5: 00 != 4e
56f8.3c48:   00007ff75a1e8bd6 / 0x0108bd6: 00 != 47
56f8.3c48:   00007ff75a1e8bd7 / 0x0108bd7: 00 != 58
56f8.3c48:   00007ff75a1e8bd8 / 0x0108bd8: 00 != 58
56f8.3c48:   00007ff75a1e8bd9 / 0x0108bd9: 00 != 50
56f8.3c48:   00007ff75a1e8bda / 0x0108bda: 00 != 41
56f8.3c48:   00007ff75a1e8bdb / 0x0108bdb: 00 != 44
56f8.3c48:   00007ff75a1e8bdc / 0x0108bdc: 00 != 44
56f8.3c48:   00007ff75a1e8bdd / 0x0108bdd: 00 != 49
56f8.3c48:   00007ff75a1e8bde / 0x0108bde: 00 != 4e
56f8.3c48:   00007ff75a1e8bdf / 0x0108bdf: 00 != 47
56f8.3c48:   00007ff75a1e8be0 / 0x0108be0: 00 != 50
56f8.3c48:   00007ff75a1e8be1 / 0x0108be1: 00 != 41
56f8.3c48:   00007ff75a1e8be2 / 0x0108be2: 00 != 44
56f8.3c48:   00007ff75a1e8be3 / 0x0108be3: 00 != 44
56f8.3c48:   00007ff75a1e8be4 / 0x0108be4: 00 != 49
56f8.3c48:   00007ff75a1e8be5 / 0x0108be5: 00 != 4e
56f8.3c48:   00007ff75a1e8be6 / 0x0108be6: 00 != 47
56f8.3c48:   00007ff75a1e8be7 / 0x0108be7: 00 != 58
56f8.3c48:   00007ff75a1e8be8 / 0x0108be8: 00 != 58
56f8.3c48:   00007ff75a1e8be9 / 0x0108be9: 00 != 50
56f8.3c48:   00007ff75a1e8bea / 0x0108bea: 00 != 41
56f8.3c48:   00007ff75a1e8beb / 0x0108beb: 00 != 44
56f8.3c48:   00007ff75a1e8bec / 0x0108bec: 00 != 44
56f8.3c48:   00007ff75a1e8bed / 0x0108bed: 00 != 49
56f8.3c48:   00007ff75a1e8bee / 0x0108bee: 00 != 4e
56f8.3c48:   00007ff75a1e8bef / 0x0108bef: 00 != 47
56f8.3c48:   00007ff75a1e8bf0 / 0x0108bf0: 00 != 50
56f8.3c48:   00007ff75a1e8bf1 / 0x0108bf1: 00 != 41
56f8.3c48:   00007ff75a1e8bf2 / 0x0108bf2: 00 != 44
56f8.3c48:   00007ff75a1e8bf3 / 0x0108bf3: 00 != 44
56f8.3c48:   00007ff75a1e8bf4 / 0x0108bf4: 00 != 49
56f8.3c48:   00007ff75a1e8bf5 / 0x0108bf5: 00 != 4e
56f8.3c48:   00007ff75a1e8bf6 / 0x0108bf6: 00 != 47
56f8.3c48:   00007ff75a1e8bf7 / 0x0108bf7: 00 != 58
56f8.3c48:   00007ff75a1e8bf8 / 0x0108bf8: 00 != 58
56f8.3c48:   00007ff75a1e8bf9 / 0x0108bf9: 00 != 50
56f8.3c48:   00007ff75a1e8bfa / 0x0108bfa: 00 != 41
56f8.3c48:   00007ff75a1e8bfb / 0x0108bfb: 00 != 44
56f8.3c48:   00007ff75a1e8bfc / 0x0108bfc: 00 != 44
56f8.3c48:   00007ff75a1e8bfd / 0x0108bfd: 00 != 49
56f8.3c48:   00007ff75a1e8bfe / 0x0108bfe: 00 != 4e
56f8.3c48:   00007ff75a1e8bff / 0x0108bff: 00 != 47
56f8.3c48:   Restored 0x490 bytes of original file content at 00007ff75a1e8b70
56f8.3c48: supR3HardNtChildPurify: cFixes=1 g_fSupAdversaries=0x80000000
56f8.3c48: supR3HardNtChildPurify: Startup delay kludge #1/1: 526 ms, 31 sleeps
56f8.3c48: supHardNtVpScanVirtualMemory: enmKind=CHILD_PURIFICATION
56f8.3c48:  *0000000000000000-000000007ffdffff 0x0001/0x0000 0x0000000
56f8.3c48:  *000000007ffe0000-000000007ffe0fff 0x0002/0x0002 0x0020000
56f8.3c48:   000000007ffe1000-000000007ffe2fff 0x0001/0x0000 0x0000000
56f8.3c48:  *000000007ffe3000-000000007ffe3fff 0x0002/0x0002 0x0020000
56f8.3c48:   000000007ffe4000-000000ce7bc2ffff 0x0001/0x0000 0x0000000
56f8.3c48:  *000000ce7bc30000-000000ce7bd2afff 0x0000/0x0004 0x0020000
56f8.3c48:   000000ce7bd2b000-000000ce7bd2dfff 0x0104/0x0004 0x0020000
56f8.3c48:   000000ce7bd2e000-000000ce7bd2ffff 0x0004/0x0004 0x0020000
56f8.3c48:   000000ce7bd30000-000000ce7bdfffff 0x0001/0x0000 0x0000000
56f8.3c48:  *000000ce7be00000-000000ce7bef7fff 0x0000/0x0004 0x0020000
56f8.3c48:   000000ce7bef8000-000000ce7befafff 0x0004/0x0004 0x0020000
56f8.3c48:   000000ce7befb000-000000ce7bffffff 0x0000/0x0004 0x0020000
56f8.3c48:  *000000ce7c000000-000000ce7c0fcfff 0x0000/0x0002 0x0020000
56f8.3c48:   000000ce7c0fd000-000000ce7c0fdfff 0x0102/0x0002 0x0020000
56f8.3c48:   000000ce7c0fe000-000000ce7c0fefff 0x0002/0x0002 0x0020000
56f8.3c48:   000000ce7c0ff000-000000ce7c0fffff 0x0000/0x0002 0x0020000
56f8.3c48:   000000ce7c100000-000002b2f7d1ffff 0x0001/0x0000 0x0000000
56f8.3c48:  *000002b2f7d20000-000002b2f7d3ffff 0x0004/0x0004 0x0020000
56f8.3c48:  *000002b2f7d40000-000002b2f7d69fff 0x0002/0x0002 0x0040000
56f8.3c48:   000002b2f7d6a000-000002b2f7d6ffff 0x0001/0x0000 0x0000000
56f8.3c48:  *000002b2f7d70000-000002b2f7d73fff 0x0002/0x0002 0x0040000
56f8.3c48:   000002b2f7d74000-000002b2f7d7ffff 0x0001/0x0000 0x0000000
56f8.3c48:  *000002b2f7d80000-000002b2f7d80fff 0x0002/0x0002 0x0040000
56f8.3c48:   000002b2f7d81000-000002b2f7d8ffff 0x0001/0x0000 0x0000000
56f8.3c48:  *000002b2f7d90000-000002b2f7d91fff 0x0004/0x0004 0x0020000
56f8.3c48:   000002b2f7d92000-00007df51a2bffff 0x0001/0x0000 0x0000000
56f8.3c48:  *00007df51a2c0000-00007df51b6c0fff 0x0000/0x0001 0x0040000
56f8.3c48:   00007df51b6c1000-00007df51b720fff 0x0001/0x0001 0x0040000
56f8.3c48:   00007df51b721000-00007df51c042fff 0x0000/0x0001 0x0040000
56f8.3c48:   00007df51c043000-00007df51c0a0fff 0x0001/0x0001 0x0040000
56f8.3c48:   00007df51c0a1000-00007df51c0a4fff 0x0000/0x0001 0x0040000
56f8.3c48:   00007df51c0a5000-00007df51c0bffff 0x0001/0x0001 0x0040000
56f8.3c48:   00007df51c0c0000-00007ff4f7942fff 0x0000/0x0001 0x0040000
56f8.3c48:   00007ff4f7943000-00007ff4f7947fff 0x0002/0x0001 0x0040000
56f8.3c48:   00007ff4f7948000-00007ff514eecfff 0x0000/0x0001 0x0040000
56f8.3c48:   00007ff514eed000-00007ff518acdfff 0x0001/0x0001 0x0040000
56f8.3c48:   00007ff518ace000-00007ff518ad8fff 0x0002/0x0001 0x0040000
56f8.3c48:   00007ff518ad9000-00007ff51a2bffff 0x0000/0x0001 0x0040000
56f8.3c48:   00007ff51a2c0000-00007ff5be6affff 0x0001/0x0000 0x0000000
56f8.3c48:  *00007ff5be6b0000-00007ff5be6b0fff 0x0002/0x0002 0x0040000
56f8.3c48:   00007ff5be6b1000-00007ff75a0dffff 0x0001/0x0000 0x0000000
56f8.3c48:  *00007ff75a0e0000-00007ff75a0e0fff 0x0002/0x0080 0x1000000  \Device\HarddiskVolume3\Program Files\Oracle\VirtualBox\VirtualBoxVM.exe
56f8.3c48:   00007ff75a0e1000-00007ff75a14cfff 0x0020/0x0080 0x1000000  \Device\HarddiskVolume3\Program Files\Oracle\VirtualBox\VirtualBoxVM.exe
56f8.3c48:   00007ff75a14d000-00007ff75a14dfff 0x0040/0x0080 0x1000000  \Device\HarddiskVolume3\Program Files\Oracle\VirtualBox\VirtualBoxVM.exe
56f8.3c48:   00007ff75a14e000-00007ff75a1a2fff 0x0002/0x0080 0x1000000  \Device\HarddiskVolume3\Program Files\Oracle\VirtualBox\VirtualBoxVM.exe
56f8.3c48:   00007ff75a1a3000-00007ff75a1affff 0x0004/0x0080 0x1000000  \Device\HarddiskVolume3\Program Files\Oracle\VirtualBox\VirtualBoxVM.exe
56f8.3c48:   00007ff75a1b0000-00007ff75a1eafff 0x0002/0x0080 0x1000000  \Device\HarddiskVolume3\Program Files\Oracle\VirtualBox\VirtualBoxVM.exe
56f8.3c48:   00007ff75a1eb000-00007fffa039ffff 0x0001/0x0000 0x0000000
56f8.3c48:  *00007fffa03a0000-00007fffa03a0fff 0x0002/0x0080 0x1000000  \Device\HarddiskVolume3\Windows\System32\ntdll.dll
56f8.3c48:   00007fffa03a1000-00007fffa0511fff 0x0020/0x0080 0x1000000  \Device\HarddiskVolume3\Windows\System32\ntdll.dll
56f8.3c48:   00007fffa0512000-00007fffa056afff 0x0002/0x0080 0x1000000  \Device\HarddiskVolume3\Windows\System32\ntdll.dll
56f8.3c48:   00007fffa056b000-00007fffa056bfff 0x0004/0x0080 0x1000000  \Device\HarddiskVolume3\Windows\System32\ntdll.dll
56f8.3c48:   00007fffa056c000-00007fffa056cfff 0x0008/0x0080 0x1000000  \Device\HarddiskVolume3\Windows\System32\ntdll.dll
56f8.3c48:   00007fffa056d000-00007fffa0573fff 0x0004/0x0080 0x1000000  \Device\HarddiskVolume3\Windows\System32\ntdll.dll
56f8.3c48:   00007fffa0574000-00007fffa0585fff 0x0002/0x0080 0x1000000  \Device\HarddiskVolume3\Windows\System32\ntdll.dll
56f8.3c48:   00007fffa0586000-00007fffa0586fff 0x0004/0x0080 0x1000000  \Device\HarddiskVolume3\Windows\System32\ntdll.dll
56f8.3c48:   00007fffa0587000-00007fffa0588fff 0x0008/0x0080 0x1000000  \Device\HarddiskVolume3\Windows\System32\ntdll.dll
56f8.3c48:   00007fffa0589000-00007fffa0589fff 0x0004/0x0080 0x1000000  \Device\HarddiskVolume3\Windows\System32\ntdll.dll
56f8.3c48:   00007fffa058a000-00007fffa0605fff 0x0002/0x0080 0x1000000  \Device\HarddiskVolume3\Windows\System32\ntdll.dll
56f8.3c48:   00007fffa0606000-00007ffffffeffff 0x0001/0x0000 0x0000000
56f8.3c48: supR3HardNtChildPurify: Done after 801 ms and 1 fixes (loop #1).
1920.2c0c: Log file opened: 7.2.8r173730 g_hStartupLog=0000000000000004 g_uNtVerCombined=0xa0665800
1920.2c0c: supR3HardenedVmProcessInit: uNtDllAddr=00007fffa03a0000 g_uNtVerCombined=0xa0665800 (stack ~000000ce7bd2e560)
1920.2c0c: ntdll.dll: timestamp 0xccc028d4 (rc=VINF_SUCCESS)
1920.2c0c: New simple heap: #1 000002b2f7ea0000 LB 0x800000 (for 2514944 allocation)
56f8.3c48: supR3HardNtEnableThreadCreationEx:
1920.2c0c: supR3HardenedWinInitAppBin(0x0): '\Device\HarddiskVolume3\Program Files\Oracle\VirtualBox'
1920.2c0c: System32:  \Device\HarddiskVolume3\Windows\System32
1920.2c0c: WinSxS:    \Device\HarddiskVolume3\Windows\WinSxS
1920.2c0c: KnownDllPath: C:\WINDOWS\System32
1920.2c0c: supR3HardenedVmProcessInit: Opening vboxsup stub...
1920.2c0c: supR3HardenedVmProcessInit: Restoring LdrInitializeThunk...
1920.2c0c: supR3HardenedVmProcessInit: Returning to LdrInitializeThunk...
1920.2c0c: Registered Dll notification callback with NTDLL.
1920.2c0c: supHardenedWinVerifyImageByHandle: -> 0 (\Device\HarddiskVolume3\Windows\System32\kernel32.dll)
1920.2c0c: supR3HardenedWinVerifyCacheInsert: \Device\HarddiskVolume3\Windows\System32\kernel32.dll
1920.2c0c: supR3HardenedMonitor_LdrLoadDll: pName=C:\WINDOWS\System32\KERNEL32.DLL (Input=KERNEL32.DLL, rcNtResolve=0xc0150008) *pfFlags=0xffffffff pwszSearchPath=0000000000004001:<flags> [calling]
1920.2c0c: supR3HardenedDllNotificationCallback: load   00007fff9dd10000 LB 0x003fa000 C:\WINDOWS\System32\KERNELBASE.dll [fFlags=0x0]
1920.2c0c: supHardenedWinVerifyImageByHandle: -> 0 (\Device\HarddiskVolume3\Windows\System32\KernelBase.dll)
1920.2c0c: supR3HardenedWinVerifyCacheInsert: \Device\HarddiskVolume3\Windows\System32\KernelBase.dll
1920.2c0c: supR3HardenedDllNotificationCallback: load   00007fff9f670000 LB 0x000c9000 C:\WINDOWS\System32\KERNEL32.DLL [fFlags=0x0]
1920.2c0c: supR3HardenedScreenImage/LdrLoadDll: cache hit (VINF_SUCCESS) on \Device\HarddiskVolume3\Windows\System32\kernel32.dll [lacks WinVerifyTrust]
1920.2c0c: supR3HardenedMonitor_LdrLoadDll: returns rcNt=0x0 hMod=00007fff9f670000 'C:\WINDOWS\System32\KERNEL32.DLL'
1920.2c0c: supR3HardenedScreenImage/LdrLoadDll: cache hit (VINF_SUCCESS) on \Device\HarddiskVolume3\Windows\System32\KernelBase.dll [lacks WinVerifyTrust]
1920.2c0c: supR3HardenedMonitor_LdrLoadDll: pName=C:\WINDOWS\System32\KERNELBASE.dll (Input=KERNELBASE.dll, rcNtResolve=0xc0150008) *pfFlags=0xffffffff pwszSearchPath=0000000000004001:<flags> [calling]
1920.2c0c: supR3HardenedMonitor_LdrLoadDll: returns rcNt=0x0 hMod=00007fff9dd10000 'C:\WINDOWS\System32\KERNELBASE.dll'
1920.2c0c: supR3HardenedDllNotificationCallback: load   00007ff75a0e0000 LB 0x0010b000 C:\Program Files\Oracle\VirtualBox\VirtualBoxVM.exe [fFlags=0x0]
1920.2c0c: '\Device\HarddiskVolume3\Program Files\Oracle\VirtualBox\VirtualBoxVM.exe' has no imports
1920.2c0c: supHardenedWinVerifyImageByHandle: -> 0 (\Device\HarddiskVolume3\Program Files\Oracle\VirtualBox\VirtualBoxVM.exe)
1920.2c0c: supR3HardenedWinVerifyCacheInsert: \Device\HarddiskVolume3\Program Files\Oracle\VirtualBox\VirtualBoxVM.exe
1920.2c0c: supR3HardNtDisableThreadCreation: pvLdrInitThunk=00007fffa03a8540 pvNtTerminateThread=00007fffa0500ac0 g_LdrInitThunkSelfBackup.cb=0
1920.2c0c: supR3HardNtDisableThreadCreationEx: Backup=40 53 48 83 ec 20 48 8b d9 e8 1a 00 00 00 b2 01
1920.2c0c: \SystemRoot\System32\ntdll.dll:
1920.2c0c:     CreationTime:    2026-05-27T02:25:37.338828300Z
1920.2c0c:     LastWriteTime:   2026-05-27T02:25:37.519035900Z
1920.2c0c:     ChangeTime:      2026-05-27T19:52:18.567655800Z
1920.2c0c:     FileAttributes:  0x20
1920.2c0c:     Size:            0x266bd0
1920.2c0c:     NT Headers:      0xe0
1920.2c0c:     Timestamp:       0xccc028d4
1920.2c0c:     Machine:         0x8664 - amd64
1920.2c0c:     Timestamp:       0xccc028d4
1920.2c0c:     Image Version:   10.0
1920.2c0c:     SizeOfImage:     0x266000 (2514944)
1920.2c0c:     Resource Dir:    0x1ea000 LB 0x7a350
56f8.3c48: supR3HardNtChildWaitFor: Found expected request 1 (CloseEvents) after 55 ms.
1920.2c0c:     [Version info resource found at 0xd8! (ID/Name: 0x1; SubID/SubName: 0x409)]
1920.2c0c:     [Raw version resource data: 0x1ea0f0 LB 0x380, codepage 0x0 (reserved 0x0)]
1920.2c0c:     ProductName:     Microsoft® Windows® Operating System
1920.2c0c:     ProductVersion:  10.0.26100.8521
1920.2c0c:     FileVersion:     10.0.26100.8521 (WinBuild.160101.0800)
1920.2c0c:     FileDescription: NT Layer DLL
1920.2c0c: \SystemRoot\System32\kernel32.dll:
1920.2c0c:     CreationTime:    2026-05-27T02:25:32.161749000Z
1920.2c0c:     LastWriteTime:   2026-05-27T02:25:32.222235800Z
1920.2c0c:     ChangeTime:      2026-05-27T19:52:14.192635700Z
1920.2c0c:     FileAttributes:  0x20
1920.2c0c:     Size:            0xcc270
1920.2c0c:     NT Headers:      0x100
1920.2c0c:     Timestamp:       0xe75c7565
1920.2c0c:     Machine:         0x8664 - amd64
1920.2c0c:     Timestamp:       0xe75c7565
1920.2c0c:     Image Version:   10.0
1920.2c0c:     SizeOfImage:     0xc9000 (823296)
1920.2c0c:     Resource Dir:    0xc7000 LB 0x520
1920.2c0c:     [Version info resource found at 0x90! (ID/Name: 0x1; SubID/SubName: 0x409)]
1920.2c0c:     [Raw version resource data: 0xc70b0 LB 0x3a4, codepage 0x0 (reserved 0x0)]
1920.2c0c:     ProductName:     Microsoft® Windows® Operating System
1920.2c0c:     ProductVersion:  10.0.26100.8521
1920.2c0c:     FileVersion:     10.0.26100.8521 (WinBuild.160101.0800)
1920.2c0c:     FileDescription: Windows NT BASE API Client DLL
1920.2c0c: \SystemRoot\System32\KernelBase.dll:
1920.2c0c:     CreationTime:    2026-05-27T02:25:32.186410500Z
1920.2c0c:     LastWriteTime:   2026-05-27T02:25:32.428866500Z
1920.2c0c:     ChangeTime:      2026-05-27T19:52:17.626459900Z
1920.2c0c:     FileAttributes:  0x20
1920.2c0c:     Size:            0x3fc460
1920.2c0c:     NT Headers:      0xf8
1920.2c0c:     Timestamp:       0xdd98c8ba
1920.2c0c:     Machine:         0x8664 - amd64
1920.2c0c:     Timestamp:       0xdd98c8ba
1920.2c0c:     Image Version:   10.0
1920.2c0c:     SizeOfImage:     0x3fa000 (4169728)
1920.2c0c:     Resource Dir:    0x3bf000 LB 0x548
1920.2c0c:     [Version info resource found at 0x90! (ID/Name: 0x1; SubID/SubName: 0x409)]
1920.2c0c:     [Raw version resource data: 0x3bf0b0 LB 0x3bc, codepage 0x0 (reserved 0x0)]
1920.2c0c:     ProductName:     Microsoft® Windows® Operating System
1920.2c0c:     ProductVersion:  10.0.26100.8521
1920.2c0c:     FileVersion:     10.0.26100.8521 (WinBuild.160101.0800)
1920.2c0c:     FileDescription: Windows NT BASE API Client DLL
1920.2c0c: \SystemRoot\System32\apisetschema.dll:
1920.2c0c:     CreationTime:    2026-05-27T02:25:17.328988000Z
1920.2c0c:     LastWriteTime:   2026-05-27T02:25:17.348297700Z
1920.2c0c:     ChangeTime:      2026-05-27T19:52:16.313472800Z
1920.2c0c:     FileAttributes:  0x20
1920.2c0c:     Size:            0x2f5f8
1920.2c0c:     NT Headers:      0xd8
1920.2c0c:     Timestamp:       0x7d98b6ee
1920.2c0c:     Machine:         0x8664 - amd64
1920.2c0c:     Timestamp:       0x7d98b6ee
1920.2c0c:     Image Version:   10.0
1920.2c0c:     SizeOfImage:     0x2e000 (188416)
1920.2c0c:     Resource Dir:    0x2d000 LB 0x408
1920.2c0c:     [Version info resource found at 0x48! (ID/Name: 0x1; SubID/SubName: 0x409)]
1920.2c0c:     [Raw version resource data: 0x2d060 LB 0x3a8, codepage 0x0 (reserved 0x0)]
1920.2c0c:     ProductName:     Microsoft® Windows® Operating System
1920.2c0c:     ProductVersion:  10.0.26100.8521
1920.2c0c:     FileVersion:     10.0.26100.8521 (WinBuild.160101.0800)
1920.2c0c:     FileDescription: ApiSet Schema DLL
1920.2c0c: root name: type=FilterConnectionPort name=UnionfsPort
1920.2c0c: root name: type=Mutant name=PendingRenameMutex
1920.2c0c: root name: type=Directory name=ObjectTypes
1920.2c0c: root name: type=FilterConnectionPort name=storqosfltport
1920.2c0c: root name: type=FilterConnectionPort name=MicrosoftMalwareProtectionRemoteIoPortWD
1920.2c0c: root name: type=FilterConnectionPort name=MicrosoftDataLossPreventionPort
1920.2c0c: root name: type=SymbolicLink name=SystemRoot
1920.2c0c: root name: type=Job name=Container_SpotifyAB.SpotifyMusic_1.290.451.0_x64__zpdnekdrzrea0-S-1-5-21-2970869483-1559583546-1921047953-1001
1920.2c0c: root name: type=Section name=Win32kSiloSessionGlobals
1920.2c0c: root name: type=Directory name=Sessions
1920.2c0c: root name: type=FilterConnectionPort name=MicrosoftMalwareProtectionVeryLowIoPortWD
1920.2c0c: root name: type=ALPC Port name=SleepstudyControlPort
1920.2c0c: root name: type=Directory name=ArcName
1920.2c0c: root name: type=FilterConnectionPort name=WcifsPort
1920.2c0c: root name: type=Directory name=NLS
1920.2c0c: root name: type=Event name=LanmanServerAnnounceEvent
1920.2c0c: root name: type=ALPC Port name=ThemeApiPort
1920.2c0c: root name: type=Directory name=Windows
1920.2c0c: root name: type=Directory name=GLOBAL??
1920.2c0c: root name: type=Directory name=RPC Control
1920.2c0c: root name: type=FilterConnectionPort name=MicrosoftDataLossPreventionControlPort
1920.2c0c: root name: type=ALPC Port name=PdcPort
1920.2c0c: root name: type=Job name=Container_Microsoft.WidgetsPlatformRuntime_1.6.18.0_x64__8wekyb3d8bbwe-S-1-5-21-2970869483-1559583546-1921047953-1001
1920.2c0c: root name: type=Event name=EFSInitEvent
1920.2c0c: root name: type=SymbolicLink name=Dfs
1920.2c0c: root name: type=Device name=clfs
1920.2c0c: root name: type=FilterConnectionPort name=MicrosoftDataLossPreventionRemoteIoPort
1920.2c0c: root name: type=Event name=CsrSbSyncEvent
1920.2c0c: root name: type=ALPC Port name=SeRmCommandPort
1920.2c0c: root name: type=FilterConnectionPort name=jTr^5Vt+9}5XA9W
1920.2c0c: root name: type=Job name=Container_Microsoft.YourPhone_1.26032.102.0_x64__8wekyb3d8bbwe-S-1-5-21-2970869483-1559583546-1921047953-1001
1920.2c0c: root name: type=SymbolicLink name=DosDevices
1920.2c0c: root name: type=Job name=Container_AppUp.IntelArcSoftware_26.14.2306.0_x64__8j3eq9eme6ctt-PackagedService
1920.2c0c: root name: type=Directory name=KnownDlls32
1920.2c0c: root name: type=Key name=REGISTRY
1920.2c0c: root name: type=Directory name=BaseNamedObjects
1920.2c0c: root name: type=FilterConnectionPort name=MicrosoftDataLossPreventionVeryLowIoPort
1920.2c0c: root name: type=ALPC Port name=PowerPort
1920.2c0c: root name: type=Job name=Container_MicrosoftWindows.Client.CBS_1000.26100.315.0_x64__cw5n1h2txyewy-S-1-5-21-2970869483-1559583546-1921047953-1001
1920.2c0c: root name: type=ALPC Port name=SmSsWinStationApiPort
1920.2c0c: root name: type=Event name=UniqueInteractiveSessionIdEvent
1920.2c0c: root name: type=Directory name=UMDFCommunicationPorts
1920.2c0c: root name: type=Job name=Container_Claude_1.11187.1.0_x64__pzs8sxrjxfjjc-PackagedService
1920.2c0c: root name: type=Device name=FatCdrom
1920.2c0c: root name: type=Device name=Fat
1920.2c0c: root name: type=Directory name=KnownDlls
1920.2c0c: root name: type=ALPC Port name=PowerMonitorPort
1920.2c0c: root name: type=Device name=Ntfs
1920.2c0c: root name: type=Directory name=FileSystem
1920.2c0c: root name: type=Directory name=KernelObjects
1920.2c0c: root name: type=FilterConnectionPort name=MicrosoftMalwareProtectionControlPortWD
1920.2c0c: root name: type=Job name=Container_ULICTekInc.NitroSenseforNotebook_5.0.1473.0_x64__nt9dgb7efx6bt-S-1-5-21-2970869483-1559583546-1921047953-1001
1920.2c0c: root name: type=Job name=Container_28017CharlesMilette.TranslucentTB_2026.1.0.0_x64__v826wp6bftszj-S-1-5-21-2970869483-1559583546-1921047953-1001
1920.2c0c: root name: type=ALPC Port name=SeLsaCommandPort
1920.2c0c: root name: type=Directory name=Callback
1920.2c0c: root name: type=FilterConnectionPort name=MicrosoftDataLossPreventionAsyncPort
1920.2c0c: root name: type=Job name=Container_MicrosoftWindows.CrossDevice_1.26032.83.0_x64__cw5n1h2txyewy-S-1-5-21-2970869483-1559583546-1921047953-1001
1920.2c0c: root name: type=FilterConnectionPort name=BindFltPort
1920.2c0c: root name: type=Directory name=DriverStore
1920.2c0c: root name: type=Directory name=Security
1920.2c0c: root name: type=Event name=LSA_ISO_READY
1920.2c0c: root name: type=Job name=Container_MicrosoftWindows.Client.WebExperience_526.1202.40.0_x64__cw5n1h2txyewy-S-1-5-21-2970869483-1559583546-1921047953-1001
1920.2c0c: root name: type=FilterConnectionPort name=MicrosoftMalwareProtectionAsyncPortWD
1920.2c0c: root name: type=Directory name=Device
1920.2c0c: root name: type=SymbolicLink name=DriverData
1920.2c0c: root name: type=ALPC Port name=SmApiPort
1920.2c0c: root name: type=FilterConnectionPort name=CLDMSGPORT
1920.2c0c: root name: type=FilterConnectionPort name=MicrosoftMalwareProtectionPortWD
1920.2c0c: root name: type=SymbolicLink name=OSDataRoot
1920.2c0c: root name: type=Event name=SAM_SERVICE_STARTED
1920.2c0c: root name: type=Directory name=Driver
1920.2c0c: root name: type=SymbolicLink name=DriverStores
1920.2c0c: NtOpenDirectoryObject failed on '\Driver': 0xc0000022
1920.2c0c: supR3HardenedWinFindAdversaries: 0x0
1920.2c0c: supR3HardenedWinInitAppBin(0x0): '\Device\HarddiskVolume3\Program Files\Oracle\VirtualBox'
1920.2c0c: Calling main()
1920.2c0c: SUPR3HardenedMain: pszProgName=VirtualBoxVM fFlags=0x2
1920.2c0c: supR3HardenedWinInitAppBin(0x2): '\Device\HarddiskVolume3\Program Files\Oracle\VirtualBox'
1920.2c0c: '\Device\HarddiskVolume3\Program Files\Oracle\VirtualBox\VirtualBoxVM.exe' has no imports
1920.2c0c: supHardenedWinVerifyImageByHandle: -> 0 (\Device\HarddiskVolume3\Program Files\Oracle\VirtualBox\VirtualBoxVM.exe)
1920.2c0c: SUPR3HardenedMain: Respawn #2
1920.2c0c: supR3HardNtEnableThreadCreationEx:
1920.2c0c: supR3HardenedDllNotificationCallback: load   00007fff9ecb0000 LB 0x000aa000 C:\WINDOWS\System32\sechost.dll [fFlags=0x0]
1920.2c0c: supHardenedWinVerifyImageByHandle: -> 0 (\Device\HarddiskVolume3\Windows\System32\sechost.dll)
1920.2c0c: supR3HardenedWinVerifyCacheInsert: \Device\HarddiskVolume3\Windows\System32\sechost.dll
1920.2c0c: '\Device\HarddiskVolume3\Windows\System32\ntdll.dll' has no imports
1920.2c0c: supHardenedWinVerifyImageByHandle: -> 0 (\Device\HarddiskVolume3\Windows\System32\ntdll.dll)
1920.2c0c: supR3HardenedWinVerifyCacheInsert: \Device\HarddiskVolume3\Windows\System32\ntdll.dll
1920.2c0c: supR3HardenedMonitor_LdrLoadDll: pName=C:\WINDOWS\System32\ntdll.dll (Input=ntdll.dll, rcNtResolve=0xc0150008) *pfFlags=0x0 pwszSearchPath=0000000000000801:<flags> [calling]
1920.2c0c: supR3HardenedMonitor_LdrLoadDll: returns rcNt=0x0 hMod=00007fffa03a0000 'C:\WINDOWS\System32\ntdll.dll'
1920.2c0c: supR3HardenedScreenImage/LdrLoadDll: cache hit (VINF_SUCCESS) on \Device\HarddiskVolume3\Windows\System32\KernelBase.dll [lacks WinVerifyTrust]
1920.2c0c: supR3HardenedMonitor_LdrLoadDll: pName=C:\WINDOWS\System32\KernelBase.dll (Input=KernelBase, rcNtResolve=0xc0150008) *pfFlags=0x0 pwszSearchPath=0000000000000801:<flags> [calling]
1920.2c0c: supR3HardenedMonitor_LdrLoadDll: returns rcNt=0x0 hMod=00007fff9dd10000 'C:\WINDOWS\System32\KernelBase.dll'
1920.2c0c: supR3HardNtDisableThreadCreation: pvLdrInitThunk=00007fffa03a8540 pvNtTerminateThread=00007fffa0500ac0 g_LdrInitThunkSelfBackup.cb=10
1920.2c0c: supR3HardenedWinDoReSpawn(2): New child 1a6c.532c [kernel32].
1920.2c0c: supR3HardenedWinReSpawn: NtSetInformationThread/ThreadHideFromDebugger failed: 0xc0000022 (harmless)
1920.2c0c: supR3HardNtChildGatherData: PebBaseAddress=000000a4d2a24000 cbPeb=0x388
1920.2c0c: supR3HardNtPuChFindNtdll: uNtDllParentAddr=00007fffa03a0000 uNtDllChildAddr=00007fffa03a0000
1920.2c0c: supR3HardenedWinSetupChildInit: uLdrInitThunk=00007fffa03a8540
1920.2c0c: supR3HardenedWinSetupChildInit: Initial context:
  rax=0000000000000000 rbx=0000000000000000 rcx=00007ff75a0ec2b0 rdx=000000a4d2a24000
  rsi=0000000000000000 rdi=0000000000000000 r8 =0000000000000000 r9 =0000000000000000
  r10=0000000000000000 r11=0000000000000000 r12=0000000000000000 r13=0000000000000000
  r14=0000000000000000 r15=0000000000000000  P1=0000000000000000  P2=0000000000000000
  rip=00007fffa0427bf0 rsp=000000a4d2cffc78 rbp=0000000000000000    ctxflags=0010001b
  cs=0033 ss=002b ds=0000 es=0000 fs=0000 gs=0000    eflags=00000200   mxcrx=00001f80
   P3=0000000000000000  P4=0000000000000000  P5=0000000000000000  P6=0000000000000000
  dr0=0000000000000000 dr1=0000000000000000 dr2=0000000000000000 dr3=0000000000000000
  dr6=0000000000000000 dr7=0000000000000000 vcr=0000000000000000 dcr=0000000000000000
  lbt=0000000000000000 lbf=0000000000000000 lxt=0000000000000000 lxf=0000000000000000
1920.2c0c: kernel32.dll: timestamp 0xe75c7565 (rc=VINF_SUCCESS)
1920.2c0c: supR3HardenedWinSetupChildInit: Start child.
1920.2c0c: supR3HardNtChildWaitFor: Found expected request 0 (PurifyChildAndCloseHandles) after 0 ms.
1920.2c0c: supR3HardNtChildPurify: Startup delay kludge #1/0: 272 ms, 17 sleeps
1920.2c0c: supHardNtVpScanVirtualMemory: enmKind=CHILD_PURIFICATION
1920.2c0c:  *0000000000000000-000000007ffdffff 0x0001/0x0000 0x0000000
1920.2c0c:  *000000007ffe0000-000000007ffe0fff 0x0002/0x0002 0x0020000
1920.2c0c:   000000007ffe1000-000000007ffe2fff 0x0001/0x0000 0x0000000
1920.2c0c:  *000000007ffe3000-000000007ffe3fff 0x0002/0x0002 0x0020000
1920.2c0c:   000000007ffe4000-000000a4d29fffff 0x0001/0x0000 0x0000000
1920.2c0c:  *000000a4d2a00000-000000a4d2a23fff 0x0000/0x0004 0x0020000
1920.2c0c:   000000a4d2a24000-000000a4d2a26fff 0x0004/0x0004 0x0020000
1920.2c0c:   000000a4d2a27000-000000a4d2bfffff 0x0000/0x0004 0x0020000
1920.2c0c:  *000000a4d2c00000-000000a4d2cfafff 0x0000/0x0004 0x0020000
1920.2c0c:   000000a4d2cfb000-000000a4d2cfdfff 0x0104/0x0004 0x0020000
1920.2c0c:   000000a4d2cfe000-000000a4d2cfffff 0x0004/0x0004 0x0020000
1920.2c0c:  *000000a4d2d00000-000000a4d2dfcfff 0x0000/0x0002 0x0020000
1920.2c0c:   000000a4d2dfd000-000000a4d2dfdfff 0x0102/0x0002 0x0020000
1920.2c0c:   000000a4d2dfe000-000000a4d2dfefff 0x0002/0x0002 0x0020000
1920.2c0c:   000000a4d2dff000-000000a4d2dfffff 0x0000/0x0002 0x0020000
1920.2c0c:   000000a4d2e00000-0000029b6716ffff 0x0001/0x0000 0x0000000
1920.2c0c:  *0000029b67170000-0000029b6718ffff 0x0004/0x0004 0x0020000
1920.2c0c:  *0000029b67190000-0000029b671b9fff 0x0002/0x0002 0x0040000
1920.2c0c:   0000029b671ba000-0000029b671bffff 0x0001/0x0000 0x0000000
1920.2c0c:  *0000029b671c0000-0000029b671c3fff 0x0002/0x0002 0x0040000
1920.2c0c:   0000029b671c4000-0000029b671cffff 0x0001/0x0000 0x0000000
1920.2c0c:  *0000029b671d0000-0000029b671d0fff 0x0002/0x0002 0x0040000
1920.2c0c:   0000029b671d1000-0000029b671dffff 0x0001/0x0000 0x0000000
1920.2c0c:  *0000029b671e0000-0000029b671e1fff 0x0004/0x0004 0x0020000
1920.2c0c:   0000029b671e2000-00007df51a2bffff 0x0001/0x0000 0x0000000
1920.2c0c:  *00007df51a2c0000-00007df51b6c0fff 0x0000/0x0001 0x0040000
1920.2c0c:   00007df51b6c1000-00007df51b720fff 0x0001/0x0001 0x0040000
1920.2c0c:   00007df51b721000-00007df51c042fff 0x0000/0x0001 0x0040000
1920.2c0c:   00007df51c043000-00007df51c0a0fff 0x0001/0x0001 0x0040000
1920.2c0c:   00007df51c0a1000-00007df51c0a4fff 0x0000/0x0001 0x0040000
1920.2c0c:   00007df51c0a5000-00007df51c0bffff 0x0001/0x0001 0x0040000
1920.2c0c:   00007df51c0c0000-00007ff4f7942fff 0x0000/0x0001 0x0040000
1920.2c0c:   00007ff4f7943000-00007ff4f7947fff 0x0002/0x0001 0x0040000
1920.2c0c:   00007ff4f7948000-00007ff514eecfff 0x0000/0x0001 0x0040000
1920.2c0c:   00007ff514eed000-00007ff518acdfff 0x0001/0x0001 0x0040000
1920.2c0c:   00007ff518ace000-00007ff518ad8fff 0x0002/0x0001 0x0040000
1920.2c0c:   00007ff518ad9000-00007ff51a2bffff 0x0000/0x0001 0x0040000
1920.2c0c:   00007ff51a2c0000-00007ff574b1ffff 0x0001/0x0000 0x0000000
1920.2c0c:  *00007ff574b20000-00007ff574b20fff 0x0002/0x0002 0x0040000
1920.2c0c:   00007ff574b21000-00007ff75a0dffff 0x0001/0x0000 0x0000000
1920.2c0c:  *00007ff75a0e0000-00007ff75a0e0fff 0x0002/0x0080 0x1000000  \Device\HarddiskVolume3\Program Files\Oracle\VirtualBox\VirtualBoxVM.exe
1920.2c0c:   00007ff75a0e1000-00007ff75a14cfff 0x0020/0x0080 0x1000000  \Device\HarddiskVolume3\Program Files\Oracle\VirtualBox\VirtualBoxVM.exe
1920.2c0c:   00007ff75a14d000-00007ff75a14dfff 0x0080/0x0080 0x1000000  \Device\HarddiskVolume3\Program Files\Oracle\VirtualBox\VirtualBoxVM.exe
1920.2c0c:   00007ff75a14e000-00007ff75a1a2fff 0x0002/0x0080 0x1000000  \Device\HarddiskVolume3\Program Files\Oracle\VirtualBox\VirtualBoxVM.exe
1920.2c0c:   00007ff75a1a3000-00007ff75a1a3fff 0x0004/0x0080 0x1000000  \Device\HarddiskVolume3\Program Files\Oracle\VirtualBox\VirtualBoxVM.exe
1920.2c0c:   00007ff75a1a4000-00007ff75a1a4fff 0x0008/0x0080 0x1000000  \Device\HarddiskVolume3\Program Files\Oracle\VirtualBox\VirtualBoxVM.exe
1920.2c0c:   00007ff75a1a5000-00007ff75a1a9fff 0x0004/0x0080 0x1000000  \Device\HarddiskVolume3\Program Files\Oracle\VirtualBox\VirtualBoxVM.exe
1920.2c0c:   00007ff75a1aa000-00007ff75a1affff 0x0008/0x0080 0x1000000  \Device\HarddiskVolume3\Program Files\Oracle\VirtualBox\VirtualBoxVM.exe
1920.2c0c:   00007ff75a1b0000-00007ff75a1eafff 0x0002/0x0080 0x1000000  \Device\HarddiskVolume3\Program Files\Oracle\VirtualBox\VirtualBoxVM.exe
1920.2c0c:   00007ff75a1eb000-00007fffa039ffff 0x0001/0x0000 0x0000000
1920.2c0c:  *00007fffa03a0000-00007fffa03a0fff 0x0002/0x0080 0x1000000  \Device\HarddiskVolume3\Windows\System32\ntdll.dll
1920.2c0c:   00007fffa03a1000-00007fffa0511fff 0x0020/0x0080 0x1000000  \Device\HarddiskVolume3\Windows\System32\ntdll.dll
1920.2c0c:   00007fffa0512000-00007fffa056afff 0x0002/0x0080 0x1000000  \Device\HarddiskVolume3\Windows\System32\ntdll.dll
1920.2c0c:   00007fffa056b000-00007fffa0573fff 0x0008/0x0080 0x1000000  \Device\HarddiskVolume3\Windows\System32\ntdll.dll
1920.2c0c:   00007fffa0574000-00007fffa0585fff 0x0002/0x0080 0x1000000  \Device\HarddiskVolume3\Windows\System32\ntdll.dll
1920.2c0c:   00007fffa0586000-00007fffa0588fff 0x0008/0x0080 0x1000000  \Device\HarddiskVolume3\Windows\System32\ntdll.dll
1920.2c0c:   00007fffa0589000-00007fffa0589fff 0x0004/0x0080 0x1000000  \Device\HarddiskVolume3\Windows\System32\ntdll.dll
1920.2c0c:   00007fffa058a000-00007fffa0605fff 0x0002/0x0080 0x1000000  \Device\HarddiskVolume3\Windows\System32\ntdll.dll
1920.2c0c:   00007fffa0606000-00007ffffffeffff 0x0001/0x0000 0x0000000
1920.2c0c: VirtualBoxVM.exe: timestamp 0x69e35820 (rc=VINF_SUCCESS)
1920.2c0c: '\Device\HarddiskVolume3\Program Files\Oracle\VirtualBox\VirtualBoxVM.exe' has no imports
1920.2c0c: VirtualBoxVM.exe: Differences in section #8 (.rsrc) between file and memory:
1920.2c0c:   00007ff75a1e8b70 / 0x0108b70: 00 != 50
1920.2c0c:   00007ff75a1e8b71 / 0x0108b71: 00 != 41
1920.2c0c:   00007ff75a1e8b72 / 0x0108b72: 00 != 44
1920.2c0c:   00007ff75a1e8b73 / 0x0108b73: 00 != 44
1920.2c0c:   00007ff75a1e8b74 / 0x0108b74: 00 != 49
1920.2c0c:   00007ff75a1e8b75 / 0x0108b75: 00 != 4e
1920.2c0c:   00007ff75a1e8b76 / 0x0108b76: 00 != 47
1920.2c0c:   00007ff75a1e8b77 / 0x0108b77: 00 != 58
1920.2c0c:   00007ff75a1e8b78 / 0x0108b78: 00 != 58
1920.2c0c:   00007ff75a1e8b79 / 0x0108b79: 00 != 50
1920.2c0c:   00007ff75a1e8b7a / 0x0108b7a: 00 != 41
1920.2c0c:   00007ff75a1e8b7b / 0x0108b7b: 00 != 44
1920.2c0c:   00007ff75a1e8b7c / 0x0108b7c: 00 != 44
1920.2c0c:   00007ff75a1e8b7d / 0x0108b7d: 00 != 49
1920.2c0c:   00007ff75a1e8b7e / 0x0108b7e: 00 != 4e
1920.2c0c:   00007ff75a1e8b7f / 0x0108b7f: 00 != 47
1920.2c0c:   00007ff75a1e8b80 / 0x0108b80: 00 != 50
1920.2c0c:   00007ff75a1e8b81 / 0x0108b81: 00 != 41
1920.2c0c:   00007ff75a1e8b82 / 0x0108b82: 00 != 44
1920.2c0c:   00007ff75a1e8b83 / 0x0108b83: 00 != 44
1920.2c0c:   00007ff75a1e8b84 / 0x0108b84: 00 != 49
1920.2c0c:   00007ff75a1e8b85 / 0x0108b85: 00 != 4e
1920.2c0c:   00007ff75a1e8b86 / 0x0108b86: 00 != 47
1920.2c0c:   00007ff75a1e8b87 / 0x0108b87: 00 != 58
1920.2c0c:   00007ff75a1e8b88 / 0x0108b88: 00 != 58
1920.2c0c:   00007ff75a1e8b89 / 0x0108b89: 00 != 50
1920.2c0c:   00007ff75a1e8b8a / 0x0108b8a: 00 != 41
1920.2c0c:   00007ff75a1e8b8b / 0x0108b8b: 00 != 44
1920.2c0c:   00007ff75a1e8b8c / 0x0108b8c: 00 != 44
1920.2c0c:   00007ff75a1e8b8d / 0x0108b8d: 00 != 49
1920.2c0c:   00007ff75a1e8b8e / 0x0108b8e: 00 != 4e
1920.2c0c:   00007ff75a1e8b8f / 0x0108b8f: 00 != 47
1920.2c0c:   00007ff75a1e8b90 / 0x0108b90: 00 != 50
1920.2c0c:   00007ff75a1e8b91 / 0x0108b91: 00 != 41
1920.2c0c:   00007ff75a1e8b92 / 0x0108b92: 00 != 44
1920.2c0c:   00007ff75a1e8b93 / 0x0108b93: 00 != 44
1920.2c0c:   00007ff75a1e8b94 / 0x0108b94: 00 != 49
1920.2c0c:   00007ff75a1e8b95 / 0x0108b95: 00 != 4e
1920.2c0c:   00007ff75a1e8b96 / 0x0108b96: 00 != 47
1920.2c0c:   00007ff75a1e8b97 / 0x0108b97: 00 != 58
1920.2c0c:   00007ff75a1e8b98 / 0x0108b98: 00 != 58
1920.2c0c:   00007ff75a1e8b99 / 0x0108b99: 00 != 50
1920.2c0c:   00007ff75a1e8b9a / 0x0108b9a: 00 != 41
1920.2c0c:   00007ff75a1e8b9b / 0x0108b9b: 00 != 44
1920.2c0c:   00007ff75a1e8b9c / 0x0108b9c: 00 != 44
1920.2c0c:   00007ff75a1e8b9d / 0x0108b9d: 00 != 49
1920.2c0c:   00007ff75a1e8b9e / 0x0108b9e: 00 != 4e
1920.2c0c:   00007ff75a1e8b9f / 0x0108b9f: 00 != 47
1920.2c0c:   00007ff75a1e8ba0 / 0x0108ba0: 00 != 50
1920.2c0c:   00007ff75a1e8ba1 / 0x0108ba1: 00 != 41
1920.2c0c:   00007ff75a1e8ba2 / 0x0108ba2: 00 != 44
1920.2c0c:   00007ff75a1e8ba3 / 0x0108ba3: 00 != 44
1920.2c0c:   00007ff75a1e8ba4 / 0x0108ba4: 00 != 49
1920.2c0c:   00007ff75a1e8ba5 / 0x0108ba5: 00 != 4e
1920.2c0c:   00007ff75a1e8ba6 / 0x0108ba6: 00 != 47
1920.2c0c:   00007ff75a1e8ba7 / 0x0108ba7: 00 != 58
1920.2c0c:   00007ff75a1e8ba8 / 0x0108ba8: 00 != 58
1920.2c0c:   00007ff75a1e8ba9 / 0x0108ba9: 00 != 50
1920.2c0c:   00007ff75a1e8baa / 0x0108baa: 00 != 41
1920.2c0c:   00007ff75a1e8bab / 0x0108bab: 00 != 44
1920.2c0c:   00007ff75a1e8bac / 0x0108bac: 00 != 44
1920.2c0c:   00007ff75a1e8bad / 0x0108bad: 00 != 49
1920.2c0c:   00007ff75a1e8bae / 0x0108bae: 00 != 4e
1920.2c0c:   00007ff75a1e8baf / 0x0108baf: 00 != 47
1920.2c0c:   00007ff75a1e8bb0 / 0x0108bb0: 00 != 50
1920.2c0c:   00007ff75a1e8bb1 / 0x0108bb1: 00 != 41
1920.2c0c:   00007ff75a1e8bb2 / 0x0108bb2: 00 != 44
1920.2c0c:   00007ff75a1e8bb3 / 0x0108bb3: 00 != 44
1920.2c0c:   00007ff75a1e8bb4 / 0x0108bb4: 00 != 49
1920.2c0c:   00007ff75a1e8bb5 / 0x0108bb5: 00 != 4e
1920.2c0c:   00007ff75a1e8bb6 / 0x0108bb6: 00 != 47
1920.2c0c:   00007ff75a1e8bb7 / 0x0108bb7: 00 != 58
1920.2c0c:   00007ff75a1e8bb8 / 0x0108bb8: 00 != 58
1920.2c0c:   00007ff75a1e8bb9 / 0x0108bb9: 00 != 50
1920.2c0c:   00007ff75a1e8bba / 0x0108bba: 00 != 41
1920.2c0c:   00007ff75a1e8bbb / 0x0108bbb: 00 != 44
1920.2c0c:   00007ff75a1e8bbc / 0x0108bbc: 00 != 44
1920.2c0c:   00007ff75a1e8bbd / 0x0108bbd: 00 != 49
1920.2c0c:   00007ff75a1e8bbe / 0x0108bbe: 00 != 4e
1920.2c0c:   00007ff75a1e8bbf / 0x0108bbf: 00 != 47
1920.2c0c:   00007ff75a1e8bc0 / 0x0108bc0: 00 != 50
1920.2c0c:   00007ff75a1e8bc1 / 0x0108bc1: 00 != 41
1920.2c0c:   00007ff75a1e8bc2 / 0x0108bc2: 00 != 44
1920.2c0c:   00007ff75a1e8bc3 / 0x0108bc3: 00 != 44
1920.2c0c:   00007ff75a1e8bc4 / 0x0108bc4: 00 != 49
1920.2c0c:   00007ff75a1e8bc5 / 0x0108bc5: 00 != 4e
1920.2c0c:   00007ff75a1e8bc6 / 0x0108bc6: 00 != 47
1920.2c0c:   00007ff75a1e8bc7 / 0x0108bc7: 00 != 58
1920.2c0c:   00007ff75a1e8bc8 / 0x0108bc8: 00 != 58
1920.2c0c:   00007ff75a1e8bc9 / 0x0108bc9: 00 != 50
1920.2c0c:   00007ff75a1e8bca / 0x0108bca: 00 != 41
1920.2c0c:   00007ff75a1e8bcb / 0x0108bcb: 00 != 44
1920.2c0c:   00007ff75a1e8bcc / 0x0108bcc: 00 != 44
1920.2c0c:   00007ff75a1e8bcd / 0x0108bcd: 00 != 49
1920.2c0c:   00007ff75a1e8bce / 0x0108bce: 00 != 4e
1920.2c0c:   00007ff75a1e8bcf / 0x0108bcf: 00 != 47
1920.2c0c:   00007ff75a1e8bd0 / 0x0108bd0: 00 != 50
1920.2c0c:   00007ff75a1e8bd1 / 0x0108bd1: 00 != 41
1920.2c0c:   00007ff75a1e8bd2 / 0x0108bd2: 00 != 44
1920.2c0c:   00007ff75a1e8bd3 / 0x0108bd3: 00 != 44
1920.2c0c:   00007ff75a1e8bd4 / 0x0108bd4: 00 != 49
1920.2c0c:   00007ff75a1e8bd5 / 0x0108bd5: 00 != 4e
1920.2c0c:   00007ff75a1e8bd6 / 0x0108bd6: 00 != 47
1920.2c0c:   00007ff75a1e8bd7 / 0x0108bd7: 00 != 58
1920.2c0c:   00007ff75a1e8bd8 / 0x0108bd8: 00 != 58
1920.2c0c:   00007ff75a1e8bd9 / 0x0108bd9: 00 != 50
1920.2c0c:   00007ff75a1e8bda / 0x0108bda: 00 != 41
1920.2c0c:   00007ff75a1e8bdb / 0x0108bdb: 00 != 44
1920.2c0c:   00007ff75a1e8bdc / 0x0108bdc: 00 != 44
1920.2c0c:   00007ff75a1e8bdd / 0x0108bdd: 00 != 49
1920.2c0c:   00007ff75a1e8bde / 0x0108bde: 00 != 4e
1920.2c0c:   00007ff75a1e8bdf / 0x0108bdf: 00 != 47
1920.2c0c:   00007ff75a1e8be0 / 0x0108be0: 00 != 50
1920.2c0c:   00007ff75a1e8be1 / 0x0108be1: 00 != 41
1920.2c0c:   00007ff75a1e8be2 / 0x0108be2: 00 != 44
1920.2c0c:   00007ff75a1e8be3 / 0x0108be3: 00 != 44
1920.2c0c:   00007ff75a1e8be4 / 0x0108be4: 00 != 49
1920.2c0c:   00007ff75a1e8be5 / 0x0108be5: 00 != 4e
1920.2c0c:   00007ff75a1e8be6 / 0x0108be6: 00 != 47
1920.2c0c:   00007ff75a1e8be7 / 0x0108be7: 00 != 58
1920.2c0c:   00007ff75a1e8be8 / 0x0108be8: 00 != 58
1920.2c0c:   00007ff75a1e8be9 / 0x0108be9: 00 != 50
1920.2c0c:   00007ff75a1e8bea / 0x0108bea: 00 != 41
1920.2c0c:   00007ff75a1e8beb / 0x0108beb: 00 != 44
1920.2c0c:   00007ff75a1e8bec / 0x0108bec: 00 != 44
1920.2c0c:   00007ff75a1e8bed / 0x0108bed: 00 != 49
1920.2c0c:   00007ff75a1e8bee / 0x0108bee: 00 != 4e
1920.2c0c:   00007ff75a1e8bef / 0x0108bef: 00 != 47
1920.2c0c:   00007ff75a1e8bf0 / 0x0108bf0: 00 != 50
1920.2c0c:   00007ff75a1e8bf1 / 0x0108bf1: 00 != 41
1920.2c0c:   00007ff75a1e8bf2 / 0x0108bf2: 00 != 44
1920.2c0c:   00007ff75a1e8bf3 / 0x0108bf3: 00 != 44
1920.2c0c:   00007ff75a1e8bf4 / 0x0108bf4: 00 != 49
1920.2c0c:   00007ff75a1e8bf5 / 0x0108bf5: 00 != 4e
1920.2c0c:   00007ff75a1e8bf6 / 0x0108bf6: 00 != 47
1920.2c0c:   00007ff75a1e8bf7 / 0x0108bf7: 00 != 58
1920.2c0c:   00007ff75a1e8bf8 / 0x0108bf8: 00 != 58
1920.2c0c:   00007ff75a1e8bf9 / 0x0108bf9: 00 != 50
1920.2c0c:   00007ff75a1e8bfa / 0x0108bfa: 00 != 41
1920.2c0c:   00007ff75a1e8bfb / 0x0108bfb: 00 != 44
1920.2c0c:   00007ff75a1e8bfc / 0x0108bfc: 00 != 44
1920.2c0c:   00007ff75a1e8bfd / 0x0108bfd: 00 != 49
1920.2c0c:   00007ff75a1e8bfe / 0x0108bfe: 00 != 4e
1920.2c0c:   00007ff75a1e8bff / 0x0108bff: 00 != 47
1920.2c0c:   Restored 0x490 bytes of original file content at 00007ff75a1e8b70
1920.2c0c: '\Device\HarddiskVolume3\Windows\System32\ntdll.dll' has no imports
1920.2c0c: supR3HardNtChildPurify: cFixes=1 g_fSupAdversaries=0x80000000
1920.2c0c: supR3HardNtChildPurify: Startup delay kludge #1/1: 521 ms, 30 sleeps
1920.2c0c: supHardNtVpScanVirtualMemory: enmKind=CHILD_PURIFICATION
1920.2c0c:  *0000000000000000-000000007ffdffff 0x0001/0x0000 0x0000000
1920.2c0c:  *000000007ffe0000-000000007ffe0fff 0x0002/0x0002 0x0020000
1920.2c0c:   000000007ffe1000-000000007ffe2fff 0x0001/0x0000 0x0000000
1920.2c0c:  *000000007ffe3000-000000007ffe3fff 0x0002/0x0002 0x0020000
1920.2c0c:   000000007ffe4000-000000a4d29fffff 0x0001/0x0000 0x0000000
1920.2c0c:  *000000a4d2a00000-000000a4d2a23fff 0x0000/0x0004 0x0020000
1920.2c0c:   000000a4d2a24000-000000a4d2a26fff 0x0004/0x0004 0x0020000
1920.2c0c:   000000a4d2a27000-000000a4d2bfffff 0x0000/0x0004 0x0020000
1920.2c0c:  *000000a4d2c00000-000000a4d2cfafff 0x0000/0x0004 0x0020000
1920.2c0c:   000000a4d2cfb000-000000a4d2cfdfff 0x0104/0x0004 0x0020000
1920.2c0c:   000000a4d2cfe000-000000a4d2cfffff 0x0004/0x0004 0x0020000
1920.2c0c:  *000000a4d2d00000-000000a4d2dfcfff 0x0000/0x0002 0x0020000
1920.2c0c:   000000a4d2dfd000-000000a4d2dfdfff 0x0102/0x0002 0x0020000
1920.2c0c:   000000a4d2dfe000-000000a4d2dfefff 0x0002/0x0002 0x0020000
1920.2c0c:   000000a4d2dff000-000000a4d2dfffff 0x0000/0x0002 0x0020000
1920.2c0c:   000000a4d2e00000-0000029b6716ffff 0x0001/0x0000 0x0000000
1920.2c0c:  *0000029b67170000-0000029b6718ffff 0x0004/0x0004 0x0020000
1920.2c0c:  *0000029b67190000-0000029b671b9fff 0x0002/0x0002 0x0040000
1920.2c0c:   0000029b671ba000-0000029b671bffff 0x0001/0x0000 0x0000000
1920.2c0c:  *0000029b671c0000-0000029b671c3fff 0x0002/0x0002 0x0040000
1920.2c0c:   0000029b671c4000-0000029b671cffff 0x0001/0x0000 0x0000000
1920.2c0c:  *0000029b671d0000-0000029b671d0fff 0x0002/0x0002 0x0040000
1920.2c0c:   0000029b671d1000-0000029b671dffff 0x0001/0x0000 0x0000000
1920.2c0c:  *0000029b671e0000-0000029b671e1fff 0x0004/0x0004 0x0020000
1920.2c0c:   0000029b671e2000-00007df51a2bffff 0x0001/0x0000 0x0000000
1920.2c0c:  *00007df51a2c0000-00007df51b6c0fff 0x0000/0x0001 0x0040000
1920.2c0c:   00007df51b6c1000-00007df51b720fff 0x0001/0x0001 0x0040000
1920.2c0c:   00007df51b721000-00007df51c042fff 0x0000/0x0001 0x0040000
1920.2c0c:   00007df51c043000-00007df51c0a0fff 0x0001/0x0001 0x0040000
1920.2c0c:   00007df51c0a1000-00007df51c0a4fff 0x0000/0x0001 0x0040000
1920.2c0c:   00007df51c0a5000-00007df51c0bffff 0x0001/0x0001 0x0040000
1920.2c0c:   00007df51c0c0000-00007ff4f7942fff 0x0000/0x0001 0x0040000
1920.2c0c:   00007ff4f7943000-00007ff4f7947fff 0x0002/0x0001 0x0040000
1920.2c0c:   00007ff4f7948000-00007ff514eecfff 0x0000/0x0001 0x0040000
1920.2c0c:   00007ff514eed000-00007ff518acdfff 0x0001/0x0001 0x0040000
1920.2c0c:   00007ff518ace000-00007ff518ad8fff 0x0002/0x0001 0x0040000
1920.2c0c:   00007ff518ad9000-00007ff51a2bffff 0x0000/0x0001 0x0040000
1920.2c0c:   00007ff51a2c0000-00007ff574b1ffff 0x0001/0x0000 0x0000000
1920.2c0c:  *00007ff574b20000-00007ff574b20fff 0x0002/0x0002 0x0040000
1920.2c0c:   00007ff574b21000-00007ff75a0dffff 0x0001/0x0000 0x0000000
1920.2c0c:  *00007ff75a0e0000-00007ff75a0e0fff 0x0002/0x0080 0x1000000  \Device\HarddiskVolume3\Program Files\Oracle\VirtualBox\VirtualBoxVM.exe
1920.2c0c:   00007ff75a0e1000-00007ff75a14cfff 0x0020/0x0080 0x1000000  \Device\HarddiskVolume3\Program Files\Oracle\VirtualBox\VirtualBoxVM.exe
1920.2c0c:   00007ff75a14d000-00007ff75a14dfff 0x0040/0x0080 0x1000000  \Device\HarddiskVolume3\Program Files\Oracle\VirtualBox\VirtualBoxVM.exe
1920.2c0c:   00007ff75a14e000-00007ff75a1a2fff 0x0002/0x0080 0x1000000  \Device\HarddiskVolume3\Program Files\Oracle\VirtualBox\VirtualBoxVM.exe
1920.2c0c:   00007ff75a1a3000-00007ff75a1affff 0x0004/0x0080 0x1000000  \Device\HarddiskVolume3\Program Files\Oracle\VirtualBox\VirtualBoxVM.exe
1920.2c0c:   00007ff75a1b0000-00007ff75a1eafff 0x0002/0x0080 0x1000000  \Device\HarddiskVolume3\Program Files\Oracle\VirtualBox\VirtualBoxVM.exe
1920.2c0c:   00007ff75a1eb000-00007fffa039ffff 0x0001/0x0000 0x0000000
1920.2c0c:  *00007fffa03a0000-00007fffa03a0fff 0x0002/0x0080 0x1000000  \Device\HarddiskVolume3\Windows\System32\ntdll.dll
1920.2c0c:   00007fffa03a1000-00007fffa0511fff 0x0020/0x0080 0x1000000  \Device\HarddiskVolume3\Windows\System32\ntdll.dll
1920.2c0c:   00007fffa0512000-00007fffa056afff 0x0002/0x0080 0x1000000  \Device\HarddiskVolume3\Windows\System32\ntdll.dll
1920.2c0c:   00007fffa056b000-00007fffa056bfff 0x0004/0x0080 0x1000000  \Device\HarddiskVolume3\Windows\System32\ntdll.dll
1920.2c0c:   00007fffa056c000-00007fffa056cfff 0x0008/0x0080 0x1000000  \Device\HarddiskVolume3\Windows\System32\ntdll.dll
1920.2c0c:   00007fffa056d000-00007fffa0573fff 0x0004/0x0080 0x1000000  \Device\HarddiskVolume3\Windows\System32\ntdll.dll
1920.2c0c:   00007fffa0574000-00007fffa0585fff 0x0002/0x0080 0x1000000  \Device\HarddiskVolume3\Windows\System32\ntdll.dll
1920.2c0c:   00007fffa0586000-00007fffa0586fff 0x0004/0x0080 0x1000000  \Device\HarddiskVolume3\Windows\System32\ntdll.dll
1920.2c0c:   00007fffa0587000-00007fffa0588fff 0x0008/0x0080 0x1000000  \Device\HarddiskVolume3\Windows\System32\ntdll.dll
1920.2c0c:   00007fffa0589000-00007fffa0589fff 0x0004/0x0080 0x1000000  \Device\HarddiskVolume3\Windows\System32\ntdll.dll
1920.2c0c:   00007fffa058a000-00007fffa0605fff 0x0002/0x0080 0x1000000  \Device\HarddiskVolume3\Windows\System32\ntdll.dll
1920.2c0c:   00007fffa0606000-00007ffffffeffff 0x0001/0x0000 0x0000000
1920.2c0c: supR3HardNtChildPurify: Done after 821 ms and 1 fixes (loop #1).
1a6c.532c: Log file opened: 7.2.8r173730 g_hStartupLog=0000000000000004 g_uNtVerCombined=0xa0665800
1a6c.532c: supR3HardenedVmProcessInit: uNtDllAddr=00007fffa03a0000 g_uNtVerCombined=0xa0665800 (stack ~000000a4d2cfe9a0)
1a6c.532c: ntdll.dll: timestamp 0xccc028d4 (rc=VINF_SUCCESS)
1a6c.532c: New simple heap: #1 0000029b672f0000 LB 0x800000 (for 2514944 allocation)
1a6c.532c: supR3HardenedWinInitAppBin(0x0): '\Device\HarddiskVolume3\Program Files\Oracle\VirtualBox'
1a6c.532c: System32:  \Device\HarddiskVolume3\Windows\System32
1a6c.532c: WinSxS:    \Device\HarddiskVolume3\Windows\WinSxS
1a6c.532c: KnownDllPath: C:\WINDOWS\System32
1a6c.532c: supR3HardenedVmProcessInit: Opening vboxsup...
1920.2c0c: supR3HardenedEarlyCompact: Removed heap 1 (0x0002b2f7ea0000 LB 0x800000)
1920.2c0c: supR3HardNtEnableThreadCreationEx:
1a6c.532c: supR3HardenedVmProcessInit: Restoring LdrInitializeThunk...
1a6c.532c: supR3HardenedVmProcessInit: Returning to LdrInitializeThunk...
1a6c.532c: Registered Dll notification callback with NTDLL.
1a6c.532c: supHardenedWinVerifyImageByHandle: -> 0 (\Device\HarddiskVolume3\Windows\System32\kernel32.dll)
1a6c.532c: supR3HardenedWinVerifyCacheInsert: \Device\HarddiskVolume3\Windows\System32\kernel32.dll
1a6c.532c: supR3HardenedMonitor_LdrLoadDll: pName=C:\WINDOWS\System32\KERNEL32.DLL (Input=KERNEL32.DLL, rcNtResolve=0xc0150008) *pfFlags=0xffffffff pwszSearchPath=0000000000004001:<flags> [calling]
1a6c.532c: supR3HardenedDllNotificationCallback: load   00007fff9dd10000 LB 0x003fa000 C:\WINDOWS\System32\KERNELBASE.dll [fFlags=0x0]
1a6c.532c: supHardenedWinVerifyImageByHandle: -> 0 (\Device\HarddiskVolume3\Windows\System32\KernelBase.dll)
1a6c.532c: supR3HardenedWinVerifyCacheInsert: \Device\HarddiskVolume3\Windows\System32\KernelBase.dll
1a6c.532c: supR3HardenedDllNotificationCallback: load   00007fff9f670000 LB 0x000c9000 C:\WINDOWS\System32\KERNEL32.DLL [fFlags=0x0]
1a6c.532c: supR3HardenedScreenImage/LdrLoadDll: cache hit (VINF_SUCCESS) on \Device\HarddiskVolume3\Windows\System32\kernel32.dll [lacks WinVerifyTrust]
1a6c.532c: supR3HardenedMonitor_LdrLoadDll: returns rcNt=0x0 hMod=00007fff9f670000 'C:\WINDOWS\System32\KERNEL32.DLL'
1a6c.532c: supR3HardenedScreenImage/LdrLoadDll: cache hit (VINF_SUCCESS) on \Device\HarddiskVolume3\Windows\System32\KernelBase.dll [lacks WinVerifyTrust]
1a6c.532c: supR3HardenedMonitor_LdrLoadDll: pName=C:\WINDOWS\System32\KERNELBASE.dll (Input=KERNELBASE.dll, rcNtResolve=0xc0150008) *pfFlags=0xffffffff pwszSearchPath=0000000000004001:<flags> [calling]
1a6c.532c: supR3HardenedMonitor_LdrLoadDll: returns rcNt=0x0 hMod=00007fff9dd10000 'C:\WINDOWS\System32\KERNELBASE.dll'
1a6c.532c: supR3HardenedDllNotificationCallback: load   00007ff75a0e0000 LB 0x0010b000 C:\Program Files\Oracle\VirtualBox\VirtualBoxVM.exe [fFlags=0x0]
1a6c.532c: '\Device\HarddiskVolume3\Program Files\Oracle\VirtualBox\VirtualBoxVM.exe' has no imports
1a6c.532c: supHardenedWinVerifyImageByHandle: -> 0 (\Device\HarddiskVolume3\Program Files\Oracle\VirtualBox\VirtualBoxVM.exe)
1a6c.532c: supR3HardenedWinVerifyCacheInsert: \Device\HarddiskVolume3\Program Files\Oracle\VirtualBox\VirtualBoxVM.exe
1a6c.532c: supR3HardNtDisableThreadCreation: pvLdrInitThunk=00007fffa03a8540 pvNtTerminateThread=00007fffa0500ac0 g_LdrInitThunkSelfBackup.cb=0
1a6c.532c: supR3HardNtDisableThreadCreationEx: Backup=40 53 48 83 ec 20 48 8b d9 e8 1a 00 00 00 b2 01
1a6c.532c: \SystemRoot\System32\ntdll.dll:
1a6c.532c:     CreationTime:    2026-05-27T02:25:37.338828300Z
1a6c.532c:     LastWriteTime:   2026-05-27T02:25:37.519035900Z
1a6c.532c:     ChangeTime:      2026-05-27T19:52:18.567655800Z
1a6c.532c:     FileAttributes:  0x20
1920.2c0c: supR3HardNtChildWaitFor: Found expected request 1 (CloseEvents) after 52 ms.
1a6c.532c:     Size:            0x266bd0
1a6c.532c:     NT Headers:      0xe0
1a6c.532c:     Timestamp:       0xccc028d4
1a6c.532c:     Machine:         0x8664 - amd64
1a6c.532c:     Timestamp:       0xccc028d4
1a6c.532c:     Image Version:   10.0
1a6c.532c:     SizeOfImage:     0x266000 (2514944)
1a6c.532c:     Resource Dir:    0x1ea000 LB 0x7a350
1a6c.532c:     [Version info resource found at 0xd8! (ID/Name: 0x1; SubID/SubName: 0x409)]
1a6c.532c:     [Raw version resource data: 0x1ea0f0 LB 0x380, codepage 0x0 (reserved 0x0)]
1a6c.532c:     ProductName:     Microsoft® Windows® Operating System
1a6c.532c:     ProductVersion:  10.0.26100.8521
1a6c.532c:     FileVersion:     10.0.26100.8521 (WinBuild.160101.0800)
1a6c.532c:     FileDescription: NT Layer DLL
1a6c.532c: \SystemRoot\System32\kernel32.dll:
1a6c.532c:     CreationTime:    2026-05-27T02:25:32.161749000Z
1a6c.532c:     LastWriteTime:   2026-05-27T02:25:32.222235800Z
1a6c.532c:     ChangeTime:      2026-05-27T19:52:14.192635700Z
1a6c.532c:     FileAttributes:  0x20
1a6c.532c:     Size:            0xcc270
1a6c.532c:     NT Headers:      0x100
1a6c.532c:     Timestamp:       0xe75c7565
1a6c.532c:     Machine:         0x8664 - amd64
1a6c.532c:     Timestamp:       0xe75c7565
1a6c.532c:     Image Version:   10.0
1a6c.532c:     SizeOfImage:     0xc9000 (823296)
1a6c.532c:     Resource Dir:    0xc7000 LB 0x520
1a6c.532c:     [Version info resource found at 0x90! (ID/Name: 0x1; SubID/SubName: 0x409)]
1a6c.532c:     [Raw version resource data: 0xc70b0 LB 0x3a4, codepage 0x0 (reserved 0x0)]
1a6c.532c:     ProductName:     Microsoft® Windows® Operating System
1a6c.532c:     ProductVersion:  10.0.26100.8521
1a6c.532c:     FileVersion:     10.0.26100.8521 (WinBuild.160101.0800)
1a6c.532c:     FileDescription: Windows NT BASE API Client DLL
1a6c.532c: \SystemRoot\System32\KernelBase.dll:
1a6c.532c:     CreationTime:    2026-05-27T02:25:32.186410500Z
1a6c.532c:     LastWriteTime:   2026-05-27T02:25:32.428866500Z
1a6c.532c:     ChangeTime:      2026-05-27T19:52:17.626459900Z
1a6c.532c:     FileAttributes:  0x20
1a6c.532c:     Size:            0x3fc460
1a6c.532c:     NT Headers:      0xf8
1a6c.532c:     Timestamp:       0xdd98c8ba
1a6c.532c:     Machine:         0x8664 - amd64
1a6c.532c:     Timestamp:       0xdd98c8ba
1a6c.532c:     Image Version:   10.0
1a6c.532c:     SizeOfImage:     0x3fa000 (4169728)
1a6c.532c:     Resource Dir:    0x3bf000 LB 0x548
1a6c.532c:     [Version info resource found at 0x90! (ID/Name: 0x1; SubID/SubName: 0x409)]
1a6c.532c:     [Raw version resource data: 0x3bf0b0 LB 0x3bc, codepage 0x0 (reserved 0x0)]
1a6c.532c:     ProductName:     Microsoft® Windows® Operating System
1a6c.532c:     ProductVersion:  10.0.26100.8521
1a6c.532c:     FileVersion:     10.0.26100.8521 (WinBuild.160101.0800)
1a6c.532c:     FileDescription: Windows NT BASE API Client DLL
1a6c.532c: \SystemRoot\System32\apisetschema.dll:
1a6c.532c:     CreationTime:    2026-05-27T02:25:17.328988000Z
1a6c.532c:     LastWriteTime:   2026-05-27T02:25:17.348297700Z
1a6c.532c:     ChangeTime:      2026-05-27T19:52:16.313472800Z
1a6c.532c:     FileAttributes:  0x20
1a6c.532c:     Size:            0x2f5f8
1a6c.532c:     NT Headers:      0xd8
1a6c.532c:     Timestamp:       0x7d98b6ee
1a6c.532c:     Machine:         0x8664 - amd64
1a6c.532c:     Timestamp:       0x7d98b6ee
1a6c.532c:     Image Version:   10.0
1a6c.532c:     SizeOfImage:     0x2e000 (188416)
1a6c.532c:     Resource Dir:    0x2d000 LB 0x408
1a6c.532c:     [Version info resource found at 0x48! (ID/Name: 0x1; SubID/SubName: 0x409)]
1a6c.532c:     [Raw version resource data: 0x2d060 LB 0x3a8, codepage 0x0 (reserved 0x0)]
1a6c.532c:     ProductName:     Microsoft® Windows® Operating System
1a6c.532c:     ProductVersion:  10.0.26100.8521
1a6c.532c:     FileVersion:     10.0.26100.8521 (WinBuild.160101.0800)
1a6c.532c:     FileDescription: ApiSet Schema DLL
1a6c.532c: root name: type=FilterConnectionPort name=UnionfsPort
1a6c.532c: root name: type=Mutant name=PendingRenameMutex
1a6c.532c: root name: type=Directory name=ObjectTypes
1a6c.532c: root name: type=FilterConnectionPort name=storqosfltport
1a6c.532c: root name: type=FilterConnectionPort name=MicrosoftMalwareProtectionRemoteIoPortWD
1a6c.532c: root name: type=FilterConnectionPort name=MicrosoftDataLossPreventionPort
1a6c.532c: root name: type=SymbolicLink name=SystemRoot
1a6c.532c: root name: type=Job name=Container_SpotifyAB.SpotifyMusic_1.290.451.0_x64__zpdnekdrzrea0-S-1-5-21-2970869483-1559583546-1921047953-1001
1a6c.532c: root name: type=Section name=Win32kSiloSessionGlobals
1a6c.532c: root name: type=Directory name=Sessions
1a6c.532c: root name: type=FilterConnectionPort name=MicrosoftMalwareProtectionVeryLowIoPortWD
1a6c.532c: root name: type=ALPC Port name=SleepstudyControlPort
1a6c.532c: root name: type=Directory name=ArcName
1a6c.532c: root name: type=FilterConnectionPort name=WcifsPort
1a6c.532c: root name: type=Directory name=NLS
1a6c.532c: root name: type=Event name=LanmanServerAnnounceEvent
1a6c.532c: root name: type=ALPC Port name=ThemeApiPort
1a6c.532c: root name: type=Directory name=Windows
1a6c.532c: root name: type=Directory name=GLOBAL??
1a6c.532c: root name: type=Directory name=RPC Control
1a6c.532c: root name: type=FilterConnectionPort name=MicrosoftDataLossPreventionControlPort
1a6c.532c: root name: type=ALPC Port name=PdcPort
1a6c.532c: root name: type=Job name=Container_Microsoft.WidgetsPlatformRuntime_1.6.18.0_x64__8wekyb3d8bbwe-S-1-5-21-2970869483-1559583546-1921047953-1001
1a6c.532c: root name: type=Event name=EFSInitEvent
1a6c.532c: root name: type=SymbolicLink name=Dfs
1a6c.532c: root name: type=Device name=clfs
1a6c.532c: root name: type=FilterConnectionPort name=MicrosoftDataLossPreventionRemoteIoPort
1a6c.532c: root name: type=Event name=CsrSbSyncEvent
1a6c.532c: root name: type=ALPC Port name=SeRmCommandPort
1a6c.532c: root name: type=FilterConnectionPort name=jTr^5Vt+9}5XA9W
1a6c.532c: root name: type=Job name=Container_Microsoft.YourPhone_1.26032.102.0_x64__8wekyb3d8bbwe-S-1-5-21-2970869483-1559583546-1921047953-1001
1a6c.532c: root name: type=SymbolicLink name=DosDevices
1a6c.532c: root name: type=Job name=Container_AppUp.IntelArcSoftware_26.14.2306.0_x64__8j3eq9eme6ctt-PackagedService
1a6c.532c: root name: type=Directory name=KnownDlls32
1a6c.532c: root name: type=Key name=REGISTRY
1a6c.532c: root name: type=Directory name=BaseNamedObjects
1a6c.532c: root name: type=FilterConnectionPort name=MicrosoftDataLossPreventionVeryLowIoPort
1a6c.532c: root name: type=ALPC Port name=PowerPort
1a6c.532c: root name: type=Job name=Container_MicrosoftWindows.Client.CBS_1000.26100.315.0_x64__cw5n1h2txyewy-S-1-5-21-2970869483-1559583546-1921047953-1001
1a6c.532c: root name: type=ALPC Port name=SmSsWinStationApiPort
1a6c.532c: root name: type=Event name=UniqueInteractiveSessionIdEvent
1a6c.532c: root name: type=Directory name=UMDFCommunicationPorts
1a6c.532c: root name: type=Job name=Container_Claude_1.11187.1.0_x64__pzs8sxrjxfjjc-PackagedService
1a6c.532c: root name: type=Device name=FatCdrom
1a6c.532c: root name: type=Device name=Fat
1a6c.532c: root name: type=Directory name=KnownDlls
1a6c.532c: root name: type=ALPC Port name=PowerMonitorPort
1a6c.532c: root name: type=Device name=Ntfs
1a6c.532c: root name: type=Directory name=FileSystem
1a6c.532c: root name: type=Directory name=KernelObjects
1a6c.532c: root name: type=FilterConnectionPort name=MicrosoftMalwareProtectionControlPortWD
1a6c.532c: root name: type=Job name=Container_ULICTekInc.NitroSenseforNotebook_5.0.1473.0_x64__nt9dgb7efx6bt-S-1-5-21-2970869483-1559583546-1921047953-1001
1a6c.532c: root name: type=Job name=Container_28017CharlesMilette.TranslucentTB_2026.1.0.0_x64__v826wp6bftszj-S-1-5-21-2970869483-1559583546-1921047953-1001
1a6c.532c: root name: type=ALPC Port name=SeLsaCommandPort
1a6c.532c: root name: type=Directory name=Callback
1a6c.532c: root name: type=FilterConnectionPort name=MicrosoftDataLossPreventionAsyncPort
1a6c.532c: root name: type=Job name=Container_MicrosoftWindows.CrossDevice_1.26032.83.0_x64__cw5n1h2txyewy-S-1-5-21-2970869483-1559583546-1921047953-1001
1a6c.532c: root name: type=FilterConnectionPort name=BindFltPort
1a6c.532c: root name: type=Directory name=DriverStore
1a6c.532c: root name: type=Directory name=Security
1a6c.532c: root name: type=Event name=LSA_ISO_READY
1a6c.532c: root name: type=Job name=Container_MicrosoftWindows.Client.WebExperience_526.1202.40.0_x64__cw5n1h2txyewy-S-1-5-21-2970869483-1559583546-1921047953-1001
1a6c.532c: root name: type=FilterConnectionPort name=MicrosoftMalwareProtectionAsyncPortWD
1a6c.532c: root name: type=Directory name=Device
1a6c.532c: root name: type=SymbolicLink name=DriverData
1a6c.532c: root name: type=ALPC Port name=SmApiPort
1a6c.532c: root name: type=FilterConnectionPort name=CLDMSGPORT
1a6c.532c: root name: type=FilterConnectionPort name=MicrosoftMalwareProtectionPortWD
1a6c.532c: root name: type=SymbolicLink name=OSDataRoot
1a6c.532c: root name: type=Event name=SAM_SERVICE_STARTED
1a6c.532c: root name: type=Directory name=Driver
1a6c.532c: root name: type=SymbolicLink name=DriverStores
1a6c.532c: NtOpenDirectoryObject failed on '\Driver': 0xc0000022
1a6c.532c: supR3HardenedWinFindAdversaries: 0x0
1a6c.532c: supR3HardenedWinInitAppBin(0x0): '\Device\HarddiskVolume3\Program Files\Oracle\VirtualBox'
1a6c.532c: Calling main()
1a6c.532c: SUPR3HardenedMain: pszProgName=VirtualBoxVM fFlags=0x2
1a6c.532c: supR3HardenedWinInitAppBin(0x2): '\Device\HarddiskVolume3\Program Files\Oracle\VirtualBox'
1a6c.532c: '\Device\HarddiskVolume3\Program Files\Oracle\VirtualBox\VirtualBoxVM.exe' has no imports
1a6c.532c: supHardenedWinVerifyImageByHandle: -> 0 (\Device\HarddiskVolume3\Program Files\Oracle\VirtualBox\VirtualBoxVM.exe)
1a6c.532c: SUPR3HardenedMain: Final process, opening VBoxDrv...
1a6c.532c: supR3HardenedEarlyCompact: Removed heap 1 (0x00029b672f0000 LB 0x800000)
1a6c.532c: supR3HardNtEnableThreadCreationEx:
1a6c.532c: supHardenedWinVerifyImageByHandle: -> 0 (\Device\HarddiskVolume3\Program Files\Oracle\VirtualBox\VBoxSupLib.dll)
1a6c.532c: supR3HardenedWinVerifyCacheInsert: \Device\HarddiskVolume3\Program Files\Oracle\VirtualBox\VBoxSupLib.dll
1a6c.532c: supR3HardenedMonitor_LdrLoadDll: pName=C:\Program Files\Oracle\VirtualBox\VBoxSupLib.DLL (rcNtResolve=0xc0150008) *pfFlags=0x0 pwszSearchPath=0000000000000801:<flags> [calling]
1a6c.532c: supR3HardenedScreenImage/NtCreateSection: cache hit (VINF_SUCCESS) on \Device\HarddiskVolume3\Program Files\Oracle\VirtualBox\VBoxSupLib.dll [lacks WinVerifyTrust]
1a6c.532c: supR3HardenedDllNotificationCallback: load   00007fff9a1c0000 LB 0x00005000 C:\Program Files\Oracle\VirtualBox\VBoxSupLib.DLL [fFlags=0x0]
1a6c.532c: supR3HardenedScreenImage/LdrLoadDll: cache hit (VINF_SUCCESS) on \Device\HarddiskVolume3\Program Files\Oracle\VirtualBox\VBoxSupLib.dll [lacks WinVerifyTrust]
1a6c.532c: supR3HardenedScreenImage/LdrLoadDll: cache hit (VINF_SUCCESS) on \Device\HarddiskVolume3\Program Files\Oracle\VirtualBox\VBoxSupLib.dll [lacks WinVerifyTrust]
1a6c.532c: supR3HardenedMonitor_LdrLoadDll: pName=C:\Program Files\Oracle\VirtualBox\VBoxSupLib.DLL (rcNtResolve=0xc0150008) *pfFlags=0x0 pwszSearchPath=0000000000000001:<flags> [calling]
1a6c.532c: supR3HardenedMonitor_LdrLoadDll: returns rcNt=0x0 hMod=00007fff9a1c0000 'C:\Program Files\Oracle\VirtualBox\VBoxSupLib.DLL'
1a6c.532c: supR3HardenedScreenImage/LdrLoadDll: cache hit (VINF_SUCCESS) on \Device\HarddiskVolume3\Program Files\Oracle\VirtualBox\VBoxSupLib.dll [lacks WinVerifyTrust]
1a6c.532c: supR3HardenedMonitor_LdrLoadDll: pName=C:\Program Files\Oracle\VirtualBox\VBoxSupLib.DLL (rcNtResolve=0xc0150008) *pfFlags=0x0 pwszSearchPath=0000000000000001:<flags> [calling]
1a6c.532c: supR3HardenedMonitor_LdrLoadDll: returns rcNt=0x0 hMod=00007fff9a1c0000 'C:\Program Files\Oracle\VirtualBox\VBoxSupLib.DLL'
1a6c.532c: supR3HardenedMonitor_LdrLoadDll: returns rcNt=0x0 hMod=00007fff9a1c0000 'C:\Program Files\Oracle\VirtualBox\VBoxSupLib.DLL'
1a6c.532c: supR3HardenedWinVerifyCacheScheduleImports: Import todo: #0 'msvcrt.dll'.
1a6c.532c: supR3HardenedWinVerifyCacheScheduleImports: Import todo: #30 'rpcrt4.dll'.
1a6c.532c: supHardenedWinVerifyImageByHandle: -> 0 (\Device\HarddiskVolume3\Windows\System32\wintrust.dll)
1a6c.532c: supR3HardenedWinVerifyCacheInsert: \Device\HarddiskVolume3\Windows\System32\wintrust.dll
1a6c.532c: supR3HardenedWinVerifyCacheProcessImportTodos: Processing 'rpcrt4.dll'...
1a6c.532c: supR3HardenedWinVerifyCacheProcessImportTodos: 'rpcrt4.dll' -> '\Device\HarddiskVolume3\Windows\System32\rpcrt4.dll' [rcNtRedir=0xc0150008]
1a6c.532c: supHardenedWinVerifyImageByHandle: -> 0 (\Device\HarddiskVolume3\Windows\System32\rpcrt4.dll)
1a6c.532c: supR3HardenedWinVerifyCacheInsert: \Device\HarddiskVolume3\Windows\System32\rpcrt4.dll
1a6c.532c: supR3HardenedWinVerifyCacheProcessImportTodos: Processing 'msvcrt.dll'...
1a6c.532c: supR3HardenedWinVerifyCacheProcessImportTodos: 'msvcrt.dll' -> '\Device\HarddiskVolume3\Windows\System32\msvcrt.dll' [rcNtRedir=0xc0150008]
1a6c.532c: supHardenedWinVerifyImageByHandle: -> 0 (\Device\HarddiskVolume3\Windows\System32\msvcrt.dll)
1a6c.532c: supR3HardenedWinVerifyCacheInsert: \Device\HarddiskVolume3\Windows\System32\msvcrt.dll
1a6c.532c: supR3HardenedMonitor_LdrLoadDll: pName=C:\WINDOWS\system32\Wintrust.dll (rcNtResolve=0xc0150008) *pfFlags=0x0 pwszSearchPath=0000000000000801:<flags> [calling]
1a6c.532c: supR3HardenedDllNotificationCallback: load   00007fff9ee50000 LB 0x000a9000 C:\WINDOWS\System32\msvcrt.dll [fFlags=0x0]
1a6c.532c: supR3HardenedScreenImage/LdrLoadDll: cache hit (VINF_SUCCESS) on \Device\HarddiskVolume3\Windows\System32\msvcrt.dll [lacks WinVerifyTrust]
1a6c.532c: supR3HardenedDllNotificationCallback: load   00007fff9e7e0000 LB 0x00118000 C:\WINDOWS\System32\RPCRT4.dll [fFlags=0x0]
1a6c.532c: supR3HardenedScreenImage/LdrLoadDll: cache hit (VINF_SUCCESS) on \Device\HarddiskVolume3\Windows\System32\rpcrt4.dll [lacks WinVerifyTrust]
1a6c.532c: supR3HardenedDllNotificationCallback: load   00007fff9d980000 LB 0x00083000 C:\WINDOWS\System32\Wintrust.dll [fFlags=0x0]
1a6c.532c: supR3HardenedScreenImage/LdrLoadDll: cache hit (VINF_SUCCESS) on \Device\HarddiskVolume3\Windows\System32\wintrust.dll [lacks WinVerifyTrust]
1a6c.532c: supR3HardenedDllNotificationCallback: load   00007fff9da10000 LB 0x0014c000 C:\WINDOWS\System32\ucrtbase.dll [fFlags=0x0]
1a6c.532c: supHardenedWinVerifyImageByHandle: -> 0 (\Device\HarddiskVolume3\Windows\System32\ucrtbase.dll)
1a6c.532c: supR3HardenedWinVerifyCacheInsert: \Device\HarddiskVolume3\Windows\System32\ucrtbase.dll
1a6c.532c: supR3HardenedDllNotificationCallback: load   00007fff9db90000 LB 0x00178000 C:\WINDOWS\System32\CRYPT32.dll [fFlags=0x0]
1a6c.532c: supHardenedWinVerifyImageByHandle: -> 0 (\Device\HarddiskVolume3\Windows\System32\crypt32.dll)
1a6c.532c: supR3HardenedWinVerifyCacheInsert: \Device\HarddiskVolume3\Windows\System32\crypt32.dll
1a6c.532c: supR3HardenedIsApiSetDll: ApiSetQueryApiSetPresence(api-ms-win-core-synch-l1-2-0) -> 0x0, fPresent=1
1a6c.532c: supR3HardenedMonitor_LdrLoadDll: pName=api-ms-win-core-synch-l1-2-0 (rcNtResolve=0x0) *pfFlags=0x0 pwszSearchPath=0000000000000801:<flags> [calling]
1a6c.532c: supR3HardenedMonitor_LdrLoadDll: returns rcNt=0x0 hMod=00007fff9dd10000 'api-ms-win-core-synch-l1-2-0'
1a6c.532c: supR3HardenedIsApiSetDll: ApiSetQueryApiSetPresence(api-ms-win-core-fibers-l1-1-1) -> 0x0, fPresent=1
1a6c.532c: supR3HardenedMonitor_LdrLoadDll: pName=api-ms-win-core-fibers-l1-1-1 (rcNtResolve=0x0) *pfFlags=0x0 pwszSearchPath=0000000000000801:<flags> [calling]
1a6c.532c: supR3HardenedMonitor_LdrLoadDll: returns rcNt=0x0 hMod=00007fff9dd10000 'api-ms-win-core-fibers-l1-1-1'
1a6c.532c: supR3HardenedIsApiSetDll: ApiSetQueryApiSetPresence(api-ms-win-core-fibers-l1-1-2) -> 0x0, fPresent=1
1a6c.532c: supR3HardenedMonitor_LdrLoadDll: pName=api-ms-win-core-fibers-l1-1-2 (rcNtResolve=0x0) *pfFlags=0x0 pwszSearchPath=0000000000000801:<flags> [calling]
1a6c.532c: supR3HardenedMonitor_LdrLoadDll: returns rcNt=0x0 hMod=00007fff9dd10000 'api-ms-win-core-fibers-l1-1-2'
1a6c.532c: supHardenedWinVerifyImageByHandle: -> 0 (\Device\HarddiskVolume3\Windows\System32\msasn1.dll)
1a6c.532c: supR3HardenedWinVerifyCacheInsert: \Device\HarddiskVolume3\Windows\System32\msasn1.dll
1a6c.532c: supR3HardenedDllNotificationCallback: load   00007fff9ccf0000 LB 0x00013000 C:\WINDOWS\SYSTEM32\MSASN1.dll [fFlags=0x0]
1a6c.532c: supR3HardenedScreenImage/LdrLoadDll: cache hit (VINF_SUCCESS) on \Device\HarddiskVolume3\Windows\System32\msasn1.dll [lacks WinVerifyTrust]
1a6c.532c: supR3HardenedMonitor_LdrLoadDll: returns rcNt=0x0 hMod=00007fff9d980000 'C:\WINDOWS\system32\Wintrust.dll'
1a6c.532c: supHardenedWinVerifyImageByHandle: -> 0 (\Device\HarddiskVolume3\Windows\System32\bcrypt.dll)
1a6c.532c: supR3HardenedWinVerifyCacheInsert: \Device\HarddiskVolume3\Windows\System32\bcrypt.dll
1a6c.532c: supR3HardenedMonitor_LdrLoadDll: pName=C:\WINDOWS\system32\bcrypt.dll (rcNtResolve=0xc0150008) *pfFlags=0x0 pwszSearchPath=0000000000000801:<flags> [calling]
1a6c.532c: supR3HardenedScreenImage/NtCreateSection: cache hit (VINF_SUCCESS) on \Device\HarddiskVolume3\Windows\System32\bcrypt.dll [lacks WinVerifyTrust]
1a6c.532c: supR3HardenedDllNotificationCallback: load   00007fff9ecb0000 LB 0x000aa000 C:\WINDOWS\System32\sechost.dll [fFlags=0x0]
1a6c.532c: supHardenedWinVerifyImageByHandle: -> 0 (\Device\HarddiskVolume3\Windows\System32\sechost.dll)
1a6c.532c: supR3HardenedWinVerifyCacheInsert: \Device\HarddiskVolume3\Windows\System32\sechost.dll
1a6c.532c: supR3HardenedDllNotificationCallback: load   00007fff9d520000 LB 0x0002a000 C:\WINDOWS\system32\bcrypt.dll [fFlags=0x0]
1a6c.532c: supR3HardenedScreenImage/LdrLoadDll: cache hit (VINF_SUCCESS) on \Device\HarddiskVolume3\Windows\System32\bcrypt.dll [lacks WinVerifyTrust]
1a6c.532c: supR3HardenedMonitor_LdrLoadDll: returns rcNt=0x0 hMod=00007fff9d520000 'C:\WINDOWS\system32\bcrypt.dll'
1a6c.532c: bcrypt.dll loaded at 00007fff9d520000, BCryptOpenAlgorithmProvider at 00007fff9d529410, preloading providers:
1a6c.532c: supHardenedWinVerifyImageByHandle: -> 0 (\Device\HarddiskVolume3\Windows\System32\bcryptprimitives.dll)
1a6c.532c: supR3HardenedWinVerifyCacheInsert: \Device\HarddiskVolume3\Windows\System32\bcryptprimitives.dll
1a6c.532c: supR3HardenedMonitor_LdrLoadDll: pName=C:\WINDOWS\system32\bcryptprimitives.dll (rcNtResolve=0xc0150008) *pfFlags=0x0 pwszSearchPath=0000000000000001:<flags> [calling]
1a6c.532c: supR3HardenedDllNotificationCallback: load   00007fff9d6f0000 LB 0x000a8000 C:\WINDOWS\System32\bcryptprimitives.dll [fFlags=0x0]
1a6c.532c: supR3HardenedScreenImage/LdrLoadDll: cache hit (VINF_SUCCESS) on \Device\HarddiskVolume3\Windows\System32\bcryptprimitives.dll [lacks WinVerifyTrust]
1a6c.532c: supR3HardenedMonitor_LdrLoadDll: returns rcNt=0x0 hMod=00007fff9d6f0000 'C:\WINDOWS\system32\bcryptprimitives.dll'
1a6c.532c:     BCryptOpenAlgorithmProvider(,'MD2',0,0) -> 0x0 (hAlgo=0000029b6810e5b0)
1a6c.532c:     BCryptOpenAlgorithmProvider(,'MD4',0,0) -> 0x0 (hAlgo=0000029b6810ef10)
1a6c.532c:     BCryptOpenAlgorithmProvider(,'MD5',0,0) -> 0x0 (hAlgo=0000029b6810f5e0)
1a6c.532c:     BCryptOpenAlgorithmProvider(,'SHA1',0,0) -> 0x0 (hAlgo=0000029b6810fcb0)
1a6c.532c:     BCryptOpenAlgorithmProvider(,'SHA256',0,0) -> 0x0 (hAlgo=0000029b68110380)
1a6c.532c:     BCryptOpenAlgorithmProvider(,'SHA512',0,0) -> 0x0 (hAlgo=0000029b68110a50)
1a6c.532c:     BCryptOpenAlgorithmProvider(,'RSA',0,0) -> 0x0 (hAlgo=0000029b68111120)
1a6c.532c:     BCryptOpenAlgorithmProvider(,'DSA',0,0) -> 0x0 (hAlgo=0000029b681117f0)
1a6c.532c: supHardenedWinVerifyImageByHandle: -> 0 (\Device\HarddiskVolume3\Windows\System32\cryptsp.dll)
1a6c.532c: supR3HardenedWinVerifyCacheInsert: \Device\HarddiskVolume3\Windows\System32\cryptsp.dll
1a6c.532c: supR3HardenedDllNotificationCallback: load   00007fff9cc80000 LB 0x0001b000 C:\WINDOWS\SYSTEM32\CRYPTSP.dll [fFlags=0x0]
1a6c.532c: supR3HardenedScreenImage/LdrLoadDll: cache hit (VINF_SUCCESS) on \Device\HarddiskVolume3\Windows\System32\cryptsp.dll [lacks WinVerifyTrust]
1a6c.532c: supHardenedWinVerifyImageByHandle: -> 0 (\Device\HarddiskVolume3\Windows\System32\rsaenh.dll)
1a6c.532c: supR3HardenedWinVerifyCacheInsert: \Device\HarddiskVolume3\Windows\System32\rsaenh.dll
1a6c.532c: supR3HardenedMonitor_LdrLoadDll: pName=C:\WINDOWS\system32\rsaenh.dll (rcNtResolve=0xc0150008) *pfFlags=0x0 pwszSearchPath=0000000000000001:<flags> [calling]
1a6c.532c: supR3HardenedScreenImage/NtCreateSection: cache hit (VINF_SUCCESS) on \Device\HarddiskVolume3\Windows\System32\rsaenh.dll [lacks WinVerifyTrust]
1a6c.532c: supR3HardenedDllNotificationCallback: load   00007fff9c300000 LB 0x00039000 C:\WINDOWS\system32\rsaenh.dll [fFlags=0x0]
1a6c.532c: supR3HardenedScreenImage/LdrLoadDll: cache hit (VINF_SUCCESS) on \Device\HarddiskVolume3\Windows\System32\rsaenh.dll [lacks WinVerifyTrust]
1a6c.532c: supR3HardenedMonitor_LdrLoadDll: returns rcNt=0x0 hMod=00007fff9c300000 'C:\WINDOWS\system32\rsaenh.dll'
1a6c.532c: supHardenedWinVerifyImageByHandle: -> 0 (\Device\HarddiskVolume3\Windows\System32\cryptbase.dll)
1a6c.532c: supR3HardenedWinVerifyCacheInsert: \Device\HarddiskVolume3\Windows\System32\cryptbase.dll
1a6c.532c: supR3HardenedDllNotificationCallback: load   00007fff9cca0000 LB 0x0000c000 C:\WINDOWS\SYSTEM32\CRYPTBASE.dll [fFlags=0x0]
1a6c.532c: supR3HardenedScreenImage/LdrLoadDll: cache hit (VINF_SUCCESS) on \Device\HarddiskVolume3\Windows\System32\cryptbase.dll [lacks WinVerifyTrust]
1a6c.532c: supR3HardenedScreenImage/LdrLoadDll: cache hit (VINF_SUCCESS) on \Device\HarddiskVolume3\Windows\System32\kernel32.dll [lacks WinVerifyTrust]
1a6c.532c: supR3HardenedMonitor_LdrLoadDll: pName=C:\WINDOWS\System32\kernel32.dll (Input=kernel32.dll, rcNtResolve=0xc0150008) *pfFlags=0x0 pwszSearchPath=0000000000000001:<flags> [calling]
1a6c.532c: supR3HardenedMonitor_LdrLoadDll: returns rcNt=0x0 hMod=00007fff9f670000 'C:\WINDOWS\System32\kernel32.dll'
1a6c.532c: supR3HardenedScreenImage/LdrLoadDll: cache hit (VINF_SUCCESS) on \Device\HarddiskVolume3\Windows\System32\wintrust.dll [lacks WinVerifyTrust]
1a6c.532c: supR3HardenedMonitor_LdrLoadDll: pName=C:\WINDOWS\System32\WINTRUST.DLL (Input=WINTRUST.DLL, rcNtResolve=0xc0150008) *pfFlags=0x0 pwszSearchPath=0000000000000001:<flags> [calling]
1a6c.532c: supR3HardenedMonitor_LdrLoadDll: returns rcNt=0x0 hMod=00007fff9d980000 'C:\WINDOWS\System32\WINTRUST.DLL'
1a6c.532c: supR3HardenedScreenImage/LdrLoadDll: cache hit (VINF_SUCCESS) on \Device\HarddiskVolume3\Windows\System32\crypt32.dll [lacks WinVerifyTrust]
1a6c.532c: supR3HardenedMonitor_LdrLoadDll: pName=C:\WINDOWS\System32\CRYPT32.dll (rcNtResolve=0xc0150008) *pfFlags=0x2 pwszSearchPath=0000000000000001:<flags> [calling]
1a6c.532c: supR3HardenedMonitor_LdrLoadDll: returns rcNt=0x0 hMod=00007fff9db90000 'C:\WINDOWS\System32\CRYPT32.dll'
1a6c.532c: supR3HardenedDllNotificationCallback: load   00007fff9eaa0000 LB 0x00020000 C:\WINDOWS\System32\imagehlp.dll [fFlags=0x0]
1a6c.532c: supHardenedWinVerifyImageByHandle: -> 0 (\Device\HarddiskVolume3\Windows\System32\imagehlp.dll)
1a6c.532c: supR3HardenedWinVerifyCacheInsert: \Device\HarddiskVolume3\Windows\System32\imagehlp.dll
1a6c.532c: supR3HardenedScreenImage/LdrLoadDll: cache hit (VINF_SUCCESS) on \Device\HarddiskVolume3\Windows\System32\rsaenh.dll [lacks WinVerifyTrust]
1a6c.532c: supR3HardenedMonitor_LdrLoadDll: pName=C:\WINDOWS\system32\rsaenh.dll (rcNtResolve=0xc0150008) *pfFlags=0x0 pwszSearchPath=0000000000000001:<flags> [calling]
1a6c.532c: supR3HardenedMonitor_LdrLoadDll: returns rcNt=0x0 hMod=00007fff9c300000 'C:\WINDOWS\system32\rsaenh.dll'
1a6c.532c: supR3HardenedScreenImage/LdrLoadDll: cache hit (VINF_SUCCESS) on \Device\HarddiskVolume3\Windows\System32\crypt32.dll [lacks WinVerifyTrust]
1a6c.532c: supR3HardenedMonitor_LdrLoadDll: pName=C:\WINDOWS\System32\crypt32.dll (Input=crypt32.dll, rcNtResolve=0xc0150008) *pfFlags=0x0 pwszSearchPath=0000000000000001:<flags> [calling]
1a6c.532c: supR3HardenedMonitor_LdrLoadDll: returns rcNt=0x0 hMod=00007fff9db90000 'C:\WINDOWS\System32\crypt32.dll'
1a6c.532c: supR3HardenedWinVerifyCacheScheduleImports: Import todo: #0 'msvcp_win.dll'.
1a6c.532c: supR3HardenedWinVerifyCacheScheduleImports: Import todo: #19 'rpcrt4.dll'.
1a6c.532c: supHardenedWinVerifyImageByHandle: -> 0 (\Device\HarddiskVolume3\Windows\System32\gpapi.dll)
1a6c.532c: supR3HardenedWinVerifyCacheInsert: \Device\HarddiskVolume3\Windows\System32\gpapi.dll
1a6c.532c: supR3HardenedDllNotificationCallback: load   00007fff9d7a0000 LB 0x000a3000 C:\WINDOWS\System32\msvcp_win.dll [fFlags=0x0]
1a6c.532c: supHardenedWinVerifyImageByHandle: -> 0 (\Device\HarddiskVolume3\Windows\System32\msvcp_win.dll)
1a6c.532c: supR3HardenedWinVerifyCacheInsert: \Device\HarddiskVolume3\Windows\System32\msvcp_win.dll
1a6c.532c: supR3HardenedDllNotificationCallback: load   00007fff9f570000 LB 0x000f6000 C:\WINDOWS\System32\shcore.dll [fFlags=0x0]
1a6c.532c: supHardenedWinVerifyImageByHandle: -> 0 (\Device\HarddiskVolume3\Windows\System32\SHCore.dll)
1a6c.532c: supR3HardenedWinVerifyCacheInsert: \Device\HarddiskVolume3\Windows\System32\SHCore.dll
1a6c.532c: supR3HardenedDllNotificationCallback: load   00007fff9c9a0000 LB 0x0002f000 C:\WINDOWS\SYSTEM32\gpapi.dll [fFlags=0x0]
1a6c.532c: supR3HardenedScreenImage/LdrLoadDll: cache hit (VINF_SUCCESS) on \Device\HarddiskVolume3\Windows\System32\gpapi.dll [lacks WinVerifyTrust]
1a6c.532c: supR3HardenedScreenImage/LdrLoadDll: cache hit (VINF_SUCCESS) on \Device\HarddiskVolume3\Windows\System32\kernel32.dll [lacks WinVerifyTrust]
1a6c.532c: supR3HardenedWinVerifyCacheProcessImportTodos: Processing 'rpcrt4.dll'...
1a6c.532c: supR3HardenedWinVerifyCacheProcessImportTodos: 'rpcrt4.dll' -> '\Device\HarddiskVolume3\Windows\System32\rpcrt4.dll' [rcNtRedir=0xc0150008]
1a6c.532c: supR3HardenedScreenImage/Imports: cache hit (VINF_SUCCESS) on \Device\HarddiskVolume3\Windows\System32\rpcrt4.dll [lacks WinVerifyTrust]
1a6c.532c: supR3HardenedWinVerifyCacheProcessImportTodos: Processing 'msvcp_win.dll'...
1a6c.532c: supR3HardenedWinVerifyCacheProcessImportTodos: 'msvcp_win.dll' -> '\Device\HarddiskVolume3\Windows\System32\msvcp_win.dll' [rcNtRedir=0xc0150008]
1a6c.532c: supR3HardenedScreenImage/Imports: cache hit (VINF_SUCCESS) on \Device\HarddiskVolume3\Windows\System32\msvcp_win.dll [lacks WinVerifyTrust]
1a6c.532c: supR3HardenedMonitor_LdrLoadDll: pName=C:\WINDOWS\System32\kernel32.dll (Input=kernel32, rcNtResolve=0xc0150008) *pfFlags=0x0 pwszSearchPath=0000000000000801:<flags> [calling]
1a6c.532c: supR3HardenedMonitor_LdrLoadDll: returns rcNt=0x0 hMod=00007fff9f670000 'C:\WINDOWS\System32\kernel32.dll'
1a6c.532c: supR3HardenedIsApiSetDll: ApiSetQueryApiSetPresence(api-ms-win-core-string-l1-1-0) -> 0x0, fPresent=1
1a6c.532c: supR3HardenedMonitor_LdrLoadDll: pName=api-ms-win-core-string-l1-1-0 (rcNtResolve=0x0) *pfFlags=0x0 pwszSearchPath=0000000000000801:<flags> [calling]
1a6c.532c: supR3HardenedMonitor_LdrLoadDll: returns rcNt=0x0 hMod=00007fff9dd10000 'api-ms-win-core-string-l1-1-0'
1a6c.532c: supR3HardenedIsApiSetDll: ApiSetQueryApiSetPresence(api-ms-win-core-localization-l1-2-1) -> 0x0, fPresent=1
1a6c.532c: supR3HardenedMonitor_LdrLoadDll: pName=api-ms-win-core-localization-l1-2-1 (rcNtResolve=0x0) *pfFlags=0x0 pwszSearchPath=0000000000000801:<flags> [calling]
1a6c.532c: supR3HardenedMonitor_LdrLoadDll: returns rcNt=0x0 hMod=00007fff9dd10000 'api-ms-win-core-localization-l1-2-1'
1a6c.532c: supR3HardenedIsApiSetDll: ApiSetQueryApiSetPresence(api-ms-win-core-datetime-l1-1-1) -> 0x0, fPresent=1
1a6c.532c: supR3HardenedMonitor_LdrLoadDll: pName=api-ms-win-core-datetime-l1-1-1 (rcNtResolve=0x0) *pfFlags=0x0 pwszSearchPath=0000000000000801:<flags> [calling]
1a6c.532c: supR3HardenedMonitor_LdrLoadDll: returns rcNt=0x0 hMod=00007fff9dd10000 'api-ms-win-core-datetime-l1-1-1'
1a6c.532c: supR3HardenedIsApiSetDll: ApiSetQueryApiSetPresence(api-ms-win-core-localization-obsolete-l1-2-0) -> 0x0, fPresent=1
1a6c.532c: supR3HardenedMonitor_LdrLoadDll: pName=api-ms-win-core-localization-obsolete-l1-2-0 (rcNtResolve=0x0) *pfFlags=0x0 pwszSearchPath=0000000000000801:<flags> [calling]
1a6c.532c: supR3HardenedMonitor_LdrLoadDll: returns rcNt=0x0 hMod=00007fff9dd10000 'api-ms-win-core-localization-obsolete-l1-2-0'
1a6c.532c: supR3HardenedWinVerifyCacheScheduleImports: Import todo: #0 'msvcrt.dll'.
1a6c.532c: supR3HardenedWinVerifyCacheScheduleImports: Import todo: #8 'crypt32.dll'.
1a6c.532c: supHardenedWinVerifyImageByHandle: -> 0 (\Device\HarddiskVolume3\Windows\System32\cryptnet.dll)
1a6c.532c: supR3HardenedWinVerifyCacheInsert: \Device\HarddiskVolume3\Windows\System32\cryptnet.dll
1a6c.532c: supR3HardenedWinVerifyCacheProcessImportTodos: Processing 'crypt32.dll'...
1a6c.532c: supR3HardenedWinVerifyCacheProcessImportTodos: 'crypt32.dll' -> '\Device\HarddiskVolume3\Windows\System32\crypt32.dll' [rcNtRedir=0xc0150008]
1a6c.532c: supR3HardenedScreenImage/Imports: cache hit (VINF_SUCCESS) on \Device\HarddiskVolume3\Windows\System32\crypt32.dll [lacks WinVerifyTrust]
1a6c.532c: supR3HardenedWinVerifyCacheProcessImportTodos: Processing 'msvcrt.dll'...
1a6c.532c: supR3HardenedWinVerifyCacheProcessImportTodos: 'msvcrt.dll' -> '\Device\HarddiskVolume3\Windows\System32\msvcrt.dll' [rcNtRedir=0xc0150008]
1a6c.532c: supR3HardenedScreenImage/Imports: cache hit (VINF_SUCCESS) on \Device\HarddiskVolume3\Windows\System32\msvcrt.dll [lacks WinVerifyTrust]
1a6c.532c: supR3HardenedMonitor_LdrLoadDll: pName=C:\Windows\System32\cryptnet.dll (rcNtResolve=0xc0150008) *pfFlags=0x0 pwszSearchPath=0000000000000001:<flags> [calling]
1a6c.532c: supR3HardenedScreenImage/NtCreateSection: cache hit (VINF_SUCCESS) on \Device\HarddiskVolume3\Windows\System32\cryptnet.dll [lacks WinVerifyTrust]
1a6c.532c: supR3HardenedDllNotificationCallback: load   00007fff83500000 LB 0x0003b000 C:\Windows\System32\cryptnet.dll [fFlags=0x0]
1a6c.532c: supR3HardenedScreenImage/LdrLoadDll: cache hit (VINF_SUCCESS) on \Device\HarddiskVolume3\Windows\System32\cryptnet.dll [lacks WinVerifyTrust]
1a6c.532c: supR3HardenedScreenImage/LdrLoadDll: cache hit (VINF_SUCCESS) on \Device\HarddiskVolume3\Windows\System32\cryptnet.dll [lacks WinVerifyTrust]
1a6c.532c: supR3HardenedMonitor_LdrLoadDll: pName=C:\Windows\System32\cryptnet.dll (rcNtResolve=0xc0150008) *pfFlags=0x2 pwszSearchPath=0000000000000001:<flags> [calling]
1a6c.532c: supR3HardenedMonitor_LdrLoadDll: returns rcNt=0x0 hMod=00007fff83500000 'C:\Windows\System32\cryptnet.dll'
1a6c.532c: supR3HardenedScreenImage/LdrLoadDll: cache hit (VINF_SUCCESS) on \Device\HarddiskVolume3\Windows\System32\cryptnet.dll [lacks WinVerifyTrust]
1a6c.532c: supR3HardenedMonitor_LdrLoadDll: pName=C:\Windows\System32\cryptnet.dll (rcNtResolve=0xc0150008) *pfFlags=0x2 pwszSearchPath=0000000000000001:<flags> [calling]
1a6c.532c: supR3HardenedMonitor_LdrLoadDll: returns rcNt=0x0 hMod=00007fff83500000 'C:\Windows\System32\cryptnet.dll'
1a6c.532c: supR3HardenedScreenImage/LdrLoadDll: cache hit (VINF_SUCCESS) on \Device\HarddiskVolume3\Windows\System32\cryptnet.dll [lacks WinVerifyTrust]
1a6c.532c: supR3HardenedMonitor_LdrLoadDll: pName=C:\Windows\System32\cryptnet.dll (rcNtResolve=0xc0150008) *pfFlags=0x2 pwszSearchPath=0000000000000001:<flags> [calling]
1a6c.532c: supR3HardenedMonitor_LdrLoadDll: returns rcNt=0x0 hMod=00007fff83500000 'C:\Windows\System32\cryptnet.dll'
1a6c.532c: supR3HardenedScreenImage/LdrLoadDll: cache hit (VINF_SUCCESS) on \Device\HarddiskVolume3\Windows\System32\cryptnet.dll [lacks WinVerifyTrust]
1a6c.532c: supR3HardenedMonitor_LdrLoadDll: pName=C:\Windows\System32\cryptnet.dll (rcNtResolve=0xc0150008) *pfFlags=0x2 pwszSearchPath=0000000000000001:<flags> [calling]
1a6c.532c: supR3HardenedMonitor_LdrLoadDll: returns rcNt=0x0 hMod=00007fff83500000 'C:\Windows\System32\cryptnet.dll'
1a6c.532c: supR3HardenedScreenImage/LdrLoadDll: cache hit (VINF_SUCCESS) on \Device\HarddiskVolume3\Windows\System32\cryptnet.dll [lacks WinVerifyTrust]
1a6c.532c: supR3HardenedMonitor_LdrLoadDll: pName=C:\Windows\System32\cryptnet.dll (rcNtResolve=0xc0150008) *pfFlags=0x2 pwszSearchPath=0000000000000001:<flags> [calling]
1a6c.532c: supR3HardenedMonitor_LdrLoadDll: returns rcNt=0x0 hMod=00007fff83500000 'C:\Windows\System32\cryptnet.dll'
1a6c.532c: supR3HardenedScreenImage/LdrLoadDll: cache hit (VINF_SUCCESS) on \Device\HarddiskVolume3\Windows\System32\cryptnet.dll [lacks WinVerifyTrust]
1a6c.532c: supR3HardenedMonitor_LdrLoadDll: pName=C:\Windows\System32\cryptnet.dll (rcNtResolve=0xc0150008) *pfFlags=0x2 pwszSearchPath=0000000000000001:<flags> [calling]
1a6c.532c: supR3HardenedMonitor_LdrLoadDll: returns rcNt=0x0 hMod=00007fff83500000 'C:\Windows\System32\cryptnet.dll'
1a6c.532c: supR3HardenedScreenImage/LdrLoadDll: cache hit (VINF_SUCCESS) on \Device\HarddiskVolume3\Windows\System32\cryptnet.dll [lacks WinVerifyTrust]
1a6c.532c: supR3HardenedMonitor_LdrLoadDll: returns rcNt=0x0 hMod=00007fff83500000 'C:\Windows\System32\cryptnet.dll'
1a6c.532c: supR3HardenedScreenImage/LdrLoadDll: cache hit (VINF_SUCCESS) on \Device\HarddiskVolume3\Windows\System32\cryptnet.dll [lacks WinVerifyTrust]
1a6c.532c: supR3HardenedMonitor_LdrLoadDll: returns rcNt=0x0 hMod=00007fff83500000 'C:\Windows\System32\cryptnet.dll'
1a6c.532c: supR3HardenedScreenImage/LdrLoadDll: cache hit (VINF_SUCCESS) on \Device\HarddiskVolume3\Windows\System32\cryptnet.dll [lacks WinVerifyTrust]
1a6c.532c: supR3HardenedMonitor_LdrLoadDll: returns rcNt=0x0 hMod=00007fff83500000 'C:\Windows\System32\cryptnet.dll'
1a6c.532c: supR3HardenedScreenImage/LdrLoadDll: cache hit (VINF_SUCCESS) on \Device\HarddiskVolume3\Windows\System32\cryptnet.dll [lacks WinVerifyTrust]
1a6c.532c: supR3HardenedMonitor_LdrLoadDll: returns rcNt=0x0 hMod=00007fff83500000 'C:\Windows\System32\cryptnet.dll'
1a6c.532c: supR3HardenedScreenImage/LdrLoadDll: cache hit (VINF_SUCCESS) on \Device\HarddiskVolume3\Windows\System32\cryptnet.dll [lacks WinVerifyTrust]
1a6c.532c: supR3HardenedMonitor_LdrLoadDll: returns rcNt=0x0 hMod=00007fff83500000 'C:\Windows\System32\cryptnet.dll'
1a6c.532c: supR3HardenedMonitor_LdrLoadDll: returns rcNt=0x0 hMod=00007fff83500000 'C:\Windows\System32\cryptnet.dll'
1a6c.532c: supHardenedWinVerifyImageByHandle: -> 0 (\Device\HarddiskVolume3\Windows\System32\profapi.dll)
1a6c.532c: supR3HardenedWinVerifyCacheInsert: \Device\HarddiskVolume3\Windows\System32\profapi.dll
1a6c.532c: supR3HardenedDllNotificationCallback: load   00007fff9d550000 LB 0x00029000 C:\WINDOWS\SYSTEM32\profapi.dll [fFlags=0x0]
1a6c.532c: supR3HardenedScreenImage/LdrLoadDll: cache hit (VINF_SUCCESS) on \Device\HarddiskVolume3\Windows\System32\profapi.dll [lacks WinVerifyTrust]
1a6c.532c: supR3HardenedDllNotificationCallback: load   00007fff9e900000 LB 0x000b6000 C:\WINDOWS\System32\advapi32.dll [fFlags=0x0]
1a6c.532c: supR3HardenedWinVerifyCacheScheduleImports: Import todo: #0 'msvcrt.dll'.
1a6c.532c: supR3HardenedWinVerifyCacheScheduleImports: Import todo: #6 'sechost.dll'.
1a6c.532c: supR3HardenedWinVerifyCacheScheduleImports: Import todo: #28 'rpcrt4.dll'.
1a6c.532c: supHardenedWinVerifyImageByHandle: -> 0 (\Device\HarddiskVolume3\Windows\System32\advapi32.dll)
1a6c.532c: supR3HardenedWinVerifyCacheInsert: \Device\HarddiskVolume3\Windows\System32\advapi32.dll
1a6c.532c: supR3HardenedScreenImage/LdrLoadDll: cache hit (VINF_SUCCESS) on \Device\HarddiskVolume3\Windows\System32\rpcrt4.dll [lacks WinVerifyTrust]
1a6c.532c: supR3HardenedWinVerifyCacheProcessImportTodos: Processing 'rpcrt4.dll'...
1a6c.532c: supR3HardenedWinVerifyCacheProcessImportTodos: 'rpcrt4.dll' -> '\Device\HarddiskVolume3\Windows\System32\rpcrt4.dll' [rcNtRedir=0xc0150008]
1a6c.532c: supR3HardenedScreenImage/Imports: cache hit (VINF_SUCCESS) on \Device\HarddiskVolume3\Windows\System32\rpcrt4.dll [lacks WinVerifyTrust]
1a6c.532c: supR3HardenedWinVerifyCacheProcessImportTodos: Processing 'sechost.dll'...
1a6c.532c: supR3HardenedWinVerifyCacheProcessImportTodos: 'sechost.dll' -> '\Device\HarddiskVolume3\Windows\System32\sechost.dll' [rcNtRedir=0xc0150008]
1a6c.532c: supR3HardenedScreenImage/Imports: cache hit (VINF_SUCCESS) on \Device\HarddiskVolume3\Windows\System32\sechost.dll [lacks WinVerifyTrust]
1a6c.532c: supR3HardenedWinVerifyCacheProcessImportTodos: Processing 'msvcrt.dll'...
1a6c.532c: supR3HardenedWinVerifyCacheProcessImportTodos: 'msvcrt.dll' -> '\Device\HarddiskVolume3\Windows\System32\msvcrt.dll' [rcNtRedir=0xc0150008]
1a6c.532c: supR3HardenedScreenImage/Imports: cache hit (VINF_SUCCESS) on \Device\HarddiskVolume3\Windows\System32\msvcrt.dll [lacks WinVerifyTrust]
1a6c.532c: supR3HardenedMonitor_LdrLoadDll: pName=C:\WINDOWS\System32\rpcrt4.dll (Input=rpcrt4.dll, rcNtResolve=0xc0150008) *pfFlags=0x0 pwszSearchPath=0000000000000001:<flags> [calling]
1a6c.532c: supR3HardenedMonitor_LdrLoadDll: returns rcNt=0x0 hMod=00007fff9e7e0000 'C:\WINDOWS\System32\rpcrt4.dll'
1a6c.532c: supR3HardenedScreenImage/LdrLoadDll: cache hit (VINF_SUCCESS) on \Device\HarddiskVolume3\Windows\System32\rsaenh.dll [lacks WinVerifyTrust]
1a6c.532c: supR3HardenedMonitor_LdrLoadDll: pName=C:\WINDOWS\system32\rsaenh.dll (rcNtResolve=0xc0150008) *pfFlags=0x0 pwszSearchPath=0000000000000001:<flags> [calling]
1a6c.532c: supR3HardenedMonitor_LdrLoadDll: returns rcNt=0x0 hMod=00007fff9c300000 'C:\WINDOWS\system32\rsaenh.dll'
1a6c.532c: supR3HardenedScreenImage/LdrLoadDll: cache hit (VINF_SUCCESS) on \Device\HarddiskVolume3\Windows\System32\crypt32.dll [lacks WinVerifyTrust]
1a6c.532c: supR3HardenedMonitor_LdrLoadDll: pName=C:\WINDOWS\System32\crypt32.dll (Input=crypt32.dll, rcNtResolve=0xc0150008) *pfFlags=0x0 pwszSearchPath=0000000000000001:<flags> [calling]
1a6c.532c: supR3HardenedMonitor_LdrLoadDll: returns rcNt=0x0 hMod=00007fff9db90000 'C:\WINDOWS\System32\crypt32.dll'
1a6c.532c: supR3HardNtViCallWinVerifyTrustCatFile: hFile=0000000000000000 pwszName=\SystemRoot\System32\ntdll.dll
1a6c.532c: supR3HardNtViCallWinVerifyTrustCatFile: New context 0000029b681ab360
1a6c.532c: supR3HardNtViCallWinVerifyTrustCatFile: hCatAdmin=0000029b681ab360
1a6c.532c: supR3HardNtViCallWinVerifyTrustCatFile: cbHash=20 wszDigest=F4D4B699F936FF30BBD654D9304502B29E886009
1a6c.532c: supR3HardenedScreenImage/LdrLoadDll: cache hit (VINF_SUCCESS) on \Device\HarddiskVolume3\Windows\System32\rsaenh.dll [lacks WinVerifyTrust]
1a6c.532c: supR3HardenedMonitor_LdrLoadDll: pName=C:\WINDOWS\system32\rsaenh.dll (rcNtResolve=0xc0150008) *pfFlags=0x0 pwszSearchPath=0000000000000001:<flags> [calling]
1a6c.532c: supR3HardenedMonitor_LdrLoadDll: returns rcNt=0x0 hMod=00007fff9c300000 'C:\WINDOWS\system32\rsaenh.dll'
1a6c.532c: supR3HardenedScreenImage/LdrLoadDll: cache hit (VINF_SUCCESS) on \Device\HarddiskVolume3\Windows\System32\crypt32.dll [lacks WinVerifyTrust]
1a6c.532c: supR3HardenedMonitor_LdrLoadDll: pName=C:\WINDOWS\System32\crypt32.dll (Input=crypt32.dll, rcNtResolve=0xc0150008) *pfFlags=0x0 pwszSearchPath=0000000000000001:<flags> [calling]
1a6c.532c: supR3HardenedMonitor_LdrLoadDll: returns rcNt=0x0 hMod=00007fff9db90000 'C:\WINDOWS\System32\crypt32.dll'
1a6c.532c: supR3HardNtViCallWinVerifyTrustCatFile: WinVerifyTrust => 0x0; cat='C:\WINDOWS\system32\CatRoot\{F750E6C3-38EE-11D1-85E5-00C04FC295EE}\Microsoft-Windows-Kernel-Package-Ntdll-Package~31bf3856ad364e35~amd64~~10.0.26100.8521.cat'; file='\SystemRoot\System32\ntdll.dll'
1a6c.532c: g_pfnWinVerifyTrust=00007fff9d98b390
1a6c.532c: supR3HardenedScreenImage/preload: cache hit (VINF_SUCCESS) on \Device\HarddiskVolume3\Windows\System32\crypt32.dll [redoing WinVerifyTrust]
1a6c.532c: supR3HardenedScreenImage/LdrLoadDll: cache hit (VINF_SUCCESS) on \Device\HarddiskVolume3\Windows\System32\rsaenh.dll [lacks WinVerifyTrust]
1a6c.532c: supR3HardenedMonitor_LdrLoadDll: pName=C:\WINDOWS\system32\rsaenh.dll (rcNtResolve=0xc0150008) *pfFlags=0x0 pwszSearchPath=0000000000000001:<flags> [calling]
1a6c.532c: supR3HardenedMonitor_LdrLoadDll: returns rcNt=0x0 hMod=00007fff9c300000 'C:\WINDOWS\system32\rsaenh.dll'
1a6c.532c: supR3HardenedScreenImage/LdrLoadDll: cache hit (VINF_SUCCESS) on \Device\HarddiskVolume3\Windows\System32\crypt32.dll [lacks WinVerifyTrust]
1a6c.532c: supR3HardenedMonitor_LdrLoadDll: pName=C:\WINDOWS\System32\crypt32.dll (Input=crypt32.dll, rcNtResolve=0xc0150008) *pfFlags=0x0 pwszSearchPath=0000000000000001:<flags> [calling]
1a6c.532c: supR3HardenedMonitor_LdrLoadDll: returns rcNt=0x0 hMod=00007fff9db90000 'C:\WINDOWS\System32\crypt32.dll'
1a6c.532c: supR3HardenedScreenImage/preload: 0 (was 0) fWinVerifyTrust=1 for '\Device\HarddiskVolume3\Windows\System32\crypt32.dll'
1a6c.532c: supR3HardenedScreenImage/preload: cache hit (VINF_SUCCESS) on \Device\HarddiskVolume3\Windows\System32\wintrust.dll [redoing WinVerifyTrust]
1a6c.532c: supR3HardenedScreenImage/LdrLoadDll: cache hit (VINF_SUCCESS) on \Device\HarddiskVolume3\Windows\System32\rsaenh.dll [lacks WinVerifyTrust]
1a6c.532c: supR3HardenedMonitor_LdrLoadDll: pName=C:\WINDOWS\system32\rsaenh.dll (rcNtResolve=0xc0150008) *pfFlags=0x0 pwszSearchPath=0000000000000001:<flags> [calling]
1a6c.532c: supR3HardenedMonitor_LdrLoadDll: returns rcNt=0x0 hMod=00007fff9c300000 'C:\WINDOWS\system32\rsaenh.dll'
1a6c.532c: supR3HardenedScreenImage/LdrLoadDll: cache hit (VINF_SUCCESS) on \Device\HarddiskVolume3\Windows\System32\crypt32.dll
1a6c.532c: supR3HardenedMonitor_LdrLoadDll: pName=C:\WINDOWS\System32\crypt32.dll (Input=crypt32.dll, rcNtResolve=0xc0150008) *pfFlags=0x0 pwszSearchPath=0000000000000001:<flags> [calling]
1a6c.532c: supR3HardenedMonitor_LdrLoadDll: returns rcNt=0x0 hMod=00007fff9db90000 'C:\WINDOWS\System32\crypt32.dll'
1a6c.532c: supR3HardenedScreenImage/preload: 0 (was 0) fWinVerifyTrust=1 for '\Device\HarddiskVolume3\Windows\System32\wintrust.dll'
1a6c.532c: supR3HardenedScreenImage/LdrLoadDll: cache hit (VINF_SUCCESS) on \Device\HarddiskVolume3\Windows\System32\rsaenh.dll [lacks WinVerifyTrust]
1a6c.532c: supR3HardenedMonitor_LdrLoadDll: pName=C:\WINDOWS\system32\rsaenh.dll (rcNtResolve=0xc0150008) *pfFlags=0x0 pwszSearchPath=0000000000000001:<flags> [calling]
1a6c.532c: supR3HardenedMonitor_LdrLoadDll: returns rcNt=0x0 hMod=00007fff9c300000 'C:\WINDOWS\system32\rsaenh.dll'
1a6c.532c: supR3HardenedMonitor_LdrLoadDll: returns rcNt=0x0 hMod=00007fff9db90000 'C:\WINDOWS\System32\crypt32.dll'
1a6c.532c: supR3HardenedWinVerifyCacheProcessWvtTodos: 0 (was 0) fWinVerifyTrust=1 for '\Device\HarddiskVolume3\Windows\System32\advapi32.dll'
1a6c.532c: supR3HardenedScreenImage/LdrLoadDll: cache hit (VINF_SUCCESS) on \Device\HarddiskVolume3\Windows\System32\rsaenh.dll [lacks WinVerifyTrust]
1a6c.532c: supR3HardenedMonitor_LdrLoadDll: returns rcNt=0x0 hMod=00007fff9c300000 'C:\WINDOWS\system32\rsaenh.dll'
1a6c.532c: supR3HardenedMonitor_LdrLoadDll: returns rcNt=0x0 hMod=00007fff9db90000 'C:\WINDOWS\System32\crypt32.dll'
1a6c.532c: supR3HardenedWinVerifyCacheProcessWvtTodos: 0 (was 0) fWinVerifyTrust=1 for '\Device\HarddiskVolume3\Windows\System32\profapi.dll'
1a6c.532c: supR3HardenedScreenImage/LdrLoadDll: cache hit (VINF_SUCCESS) on \Device\HarddiskVolume3\Windows\System32\rsaenh.dll [lacks WinVerifyTrust]
1a6c.532c: supR3HardenedMonitor_LdrLoadDll: returns rcNt=0x0 hMod=00007fff9c300000 'C:\WINDOWS\system32\rsaenh.dll'
1a6c.532c: supR3HardenedMonitor_LdrLoadDll: returns rcNt=0x0 hMod=00007fff9db90000 'C:\WINDOWS\System32\crypt32.dll'
1a6c.532c: supR3HardenedWinVerifyCacheProcessWvtTodos: 0 (was 0) fWinVerifyTrust=1 for '\Device\HarddiskVolume3\Windows\System32\cryptnet.dll'
1a6c.532c: supR3HardenedScreenImage/LdrLoadDll: cache hit (VINF_SUCCESS) on \Device\HarddiskVolume3\Windows\System32\rsaenh.dll [lacks WinVerifyTrust]
1a6c.532c: supR3HardenedMonitor_LdrLoadDll: returns rcNt=0x0 hMod=00007fff9c300000 'C:\WINDOWS\system32\rsaenh.dll'
1a6c.532c: supR3HardenedMonitor_LdrLoadDll: returns rcNt=0x0 hMod=00007fff9db90000 'C:\WINDOWS\System32\crypt32.dll'
1a6c.532c: supR3HardenedWinVerifyCacheProcessWvtTodos: 0 (was 0) fWinVerifyTrust=1 for '\Device\HarddiskVolume3\Windows\System32\SHCore.dll'
1a6c.532c: supR3HardenedScreenImage/LdrLoadDll: cache hit (VINF_SUCCESS) on \Device\HarddiskVolume3\Windows\System32\rsaenh.dll [lacks WinVerifyTrust]
1a6c.532c: supR3HardenedMonitor_LdrLoadDll: returns rcNt=0x0 hMod=00007fff9c300000 'C:\WINDOWS\system32\rsaenh.dll'
1a6c.532c: supR3HardenedMonitor_LdrLoadDll: returns rcNt=0x0 hMod=00007fff9db90000 'C:\WINDOWS\System32\crypt32.dll'
1a6c.532c: supR3HardenedWinVerifyCacheProcessWvtTodos: 0 (was 0) fWinVerifyTrust=1 for '\Device\HarddiskVolume3\Windows\System32\msvcp_win.dll'
1a6c.532c: supR3HardenedScreenImage/LdrLoadDll: cache hit (VINF_SUCCESS) on \Device\HarddiskVolume3\Windows\System32\rsaenh.dll [lacks WinVerifyTrust]
1a6c.532c: supR3HardenedMonitor_LdrLoadDll: returns rcNt=0x0 hMod=00007fff9c300000 'C:\WINDOWS\system32\rsaenh.dll'
1a6c.532c: supR3HardenedMonitor_LdrLoadDll: returns rcNt=0x0 hMod=00007fff9db90000 'C:\WINDOWS\System32\crypt32.dll'
1a6c.532c: supR3HardenedWinVerifyCacheProcessWvtTodos: 0 (was 0) fWinVerifyTrust=1 for '\Device\HarddiskVolume3\Windows\System32\gpapi.dll'
1a6c.532c: supR3HardenedScreenImage/LdrLoadDll: cache hit (VINF_SUCCESS) on \Device\HarddiskVolume3\Windows\System32\rsaenh.dll [lacks WinVerifyTrust]
1a6c.532c: supR3HardenedMonitor_LdrLoadDll: returns rcNt=0x0 hMod=00007fff9c300000 'C:\WINDOWS\system32\rsaenh.dll'
1a6c.532c: supR3HardenedMonitor_LdrLoadDll: returns rcNt=0x0 hMod=00007fff9db90000 'C:\WINDOWS\System32\crypt32.dll'
1a6c.532c: supR3HardenedWinVerifyCacheProcessWvtTodos: 0 (was 0) fWinVerifyTrust=1 for '\Device\HarddiskVolume3\Windows\System32\imagehlp.dll'
1a6c.532c: supR3HardenedScreenImage/LdrLoadDll: cache hit (VINF_SUCCESS) on \Device\HarddiskVolume3\Windows\System32\rsaenh.dll [lacks WinVerifyTrust]
1a6c.532c: supR3HardenedMonitor_LdrLoadDll: returns rcNt=0x0 hMod=00007fff9c300000 'C:\WINDOWS\system32\rsaenh.dll'
1a6c.532c: supR3HardenedScreenImage/LdrLoadDll: cache hit (VINF_SUCCESS) on \Device\HarddiskVolume3\Windows\System32\crypt32.dll
1a6c.532c: supR3HardenedMonitor_LdrLoadDll: pName=C:\WINDOWS\System32\crypt32.dll (Input=crypt32.dll, rcNtResolve=0xc0150008) *pfFlags=0x0 pwszSearchPath=0000000000000001:<flags> [calling]
1a6c.532c: supR3HardenedMonitor_LdrLoadDll: returns rcNt=0x0 hMod=00007fff9db90000 'C:\WINDOWS\System32\crypt32.dll'
1a6c.532c: supR3HardenedWinVerifyCacheProcessWvtTodos: 0 (was 0) fWinVerifyTrust=1 for '\Device\HarddiskVolume3\Windows\System32\cryptbase.dll'
1a6c.532c: supR3HardenedScreenImage/LdrLoadDll: cache hit (VINF_SUCCESS) on \Device\HarddiskVolume3\Windows\System32\rsaenh.dll [lacks WinVerifyTrust]
1a6c.532c: supR3HardenedMonitor_LdrLoadDll: pName=C:\WINDOWS\system32\rsaenh.dll (rcNtResolve=0xc0150008) *pfFlags=0x0 pwszSearchPath=0000000000000001:<flags> [calling]
1a6c.532c: supR3HardenedMonitor_LdrLoadDll: returns rcNt=0x0 hMod=00007fff9c300000 'C:\WINDOWS\system32\rsaenh.dll'
1a6c.532c: supR3HardenedMonitor_LdrLoadDll: returns rcNt=0x0 hMod=00007fff9db90000 'C:\WINDOWS\System32\crypt32.dll'
1a6c.532c: supR3HardenedWinVerifyCacheProcessWvtTodos: 0 (was 0) fWinVerifyTrust=1 for '\Device\HarddiskVolume3\Windows\System32\rsaenh.dll'
1a6c.532c: supR3HardenedMonitor_LdrLoadDll: returns rcNt=0x0 hMod=00007fff9c300000 'C:\WINDOWS\system32\rsaenh.dll'
1a6c.532c: supR3HardenedMonitor_LdrLoadDll: returns rcNt=0x0 hMod=00007fff9db90000 'C:\WINDOWS\System32\crypt32.dll'
1a6c.532c: supR3HardenedWinVerifyCacheProcessWvtTodos: 0 (was 0) fWinVerifyTrust=1 for '\Device\HarddiskVolume3\Windows\System32\cryptsp.dll'
1a6c.532c: supR3HardenedMonitor_LdrLoadDll: returns rcNt=0x0 hMod=00007fff9c300000 'C:\WINDOWS\system32\rsaenh.dll'
1a6c.532c: supR3HardenedMonitor_LdrLoadDll: returns rcNt=0x0 hMod=00007fff9db90000 'C:\WINDOWS\System32\crypt32.dll'
1a6c.532c: supR3HardenedWinVerifyCacheProcessWvtTodos: 0 (was 0) fWinVerifyTrust=1 for '\Device\HarddiskVolume3\Windows\System32\bcryptprimitives.dll'
1a6c.532c: supR3HardenedMonitor_LdrLoadDll: returns rcNt=0x0 hMod=00007fff9c300000 'C:\WINDOWS\system32\rsaenh.dll'
1a6c.532c: supR3HardenedMonitor_LdrLoadDll: returns rcNt=0x0 hMod=00007fff9db90000 'C:\WINDOWS\System32\crypt32.dll'
1a6c.532c: supR3HardenedWinVerifyCacheProcessWvtTodos: 0 (was 0) fWinVerifyTrust=1 for '\Device\HarddiskVolume3\Windows\System32\sechost.dll'
1a6c.532c: supR3HardenedMonitor_LdrLoadDll: returns rcNt=0x0 hMod=00007fff9c300000 'C:\WINDOWS\system32\rsaenh.dll'
1a6c.532c: supR3HardenedMonitor_LdrLoadDll: returns rcNt=0x0 hMod=00007fff9db90000 'C:\WINDOWS\System32\crypt32.dll'
1a6c.532c: supR3HardenedWinVerifyCacheProcessWvtTodos: 0 (was 0) fWinVerifyTrust=1 for '\Device\HarddiskVolume3\Windows\System32\bcrypt.dll'
1a6c.532c: supR3HardenedMonitor_LdrLoadDll: returns rcNt=0x0 hMod=00007fff9c300000 'C:\WINDOWS\system32\rsaenh.dll'
1a6c.532c: supR3HardenedMonitor_LdrLoadDll: returns rcNt=0x0 hMod=00007fff9db90000 'C:\WINDOWS\System32\crypt32.dll'
1a6c.532c: supR3HardenedWinVerifyCacheProcessWvtTodos: 0 (was 0) fWinVerifyTrust=1 for '\Device\HarddiskVolume3\Windows\System32\msasn1.dll'
1a6c.532c: supR3HardenedMonitor_LdrLoadDll: returns rcNt=0x0 hMod=00007fff9c300000 'C:\WINDOWS\system32\rsaenh.dll'
1a6c.532c: supR3HardenedMonitor_LdrLoadDll: returns rcNt=0x0 hMod=00007fff9db90000 'C:\WINDOWS\System32\crypt32.dll'
1a6c.532c: supR3HardenedWinVerifyCacheProcessWvtTodos: 0 (was 0) fWinVerifyTrust=1 for '\Device\HarddiskVolume3\Windows\System32\ucrtbase.dll'
1a6c.532c: supR3HardenedMonitor_LdrLoadDll: returns rcNt=0x0 hMod=00007fff9c300000 'C:\WINDOWS\system32\rsaenh.dll'
1a6c.532c: supR3HardenedMonitor_LdrLoadDll: returns rcNt=0x0 hMod=00007fff9db90000 'C:\WINDOWS\System32\crypt32.dll'
1a6c.532c: supR3HardenedWinVerifyCacheProcessWvtTodos: 0 (was 0) fWinVerifyTrust=1 for '\Device\HarddiskVolume3\Windows\System32\msvcrt.dll'
1a6c.532c: supR3HardenedMonitor_LdrLoadDll: returns rcNt=0x0 hMod=00007fff9c300000 'C:\WINDOWS\system32\rsaenh.dll'
1a6c.532c: supR3HardenedMonitor_LdrLoadDll: returns rcNt=0x0 hMod=00007fff9db90000 'C:\WINDOWS\System32\crypt32.dll'
1a6c.532c: supR3HardenedWinVerifyCacheProcessWvtTodos: 0 (was 0) fWinVerifyTrust=1 for '\Device\HarddiskVolume3\Windows\System32\rpcrt4.dll'
1a6c.532c: supR3HardenedMonitor_LdrLoadDll: returns rcNt=0x0 hMod=00007fff9c300000 'C:\WINDOWS\system32\rsaenh.dll'
1a6c.532c: supR3HardenedMonitor_LdrLoadDll: returns rcNt=0x0 hMod=00007fff9db90000 'C:\WINDOWS\System32\crypt32.dll'
1a6c.532c: supR3HardenedWinVerifyCacheProcessWvtTodos: 0 (was 0) fWinVerifyTrust=1 for '\Device\HarddiskVolume3\Program Files\Oracle\VirtualBox\VBoxSupLib.dll'
1a6c.532c: supR3HardenedMonitor_LdrLoadDll: returns rcNt=0x0 hMod=00007fff9c300000 'C:\WINDOWS\system32\rsaenh.dll'
1a6c.532c: supR3HardenedMonitor_LdrLoadDll: returns rcNt=0x0 hMod=00007fff9db90000 'C:\WINDOWS\System32\crypt32.dll'
1a6c.532c: supR3HardenedWinVerifyCacheProcessWvtTodos: 0 (was 0) fWinVerifyTrust=1 for '\Device\HarddiskVolume3\Program Files\Oracle\VirtualBox\VirtualBoxVM.exe'
1a6c.532c: supR3HardenedMonitor_LdrLoadDll: returns rcNt=0x0 hMod=00007fff9c300000 'C:\WINDOWS\system32\rsaenh.dll'
1a6c.532c: supR3HardenedMonitor_LdrLoadDll: returns rcNt=0x0 hMod=00007fff9db90000 'C:\WINDOWS\System32\crypt32.dll'
1a6c.532c: supR3HardenedWinVerifyCacheProcessWvtTodos: 0 (was 0) fWinVerifyTrust=1 for '\Device\HarddiskVolume3\Windows\System32\KernelBase.dll'
1a6c.532c: supR3HardenedMonitor_LdrLoadDll: returns rcNt=0x0 hMod=00007fff9c300000 'C:\WINDOWS\system32\rsaenh.dll'
1a6c.532c: supR3HardenedMonitor_LdrLoadDll: returns rcNt=0x0 hMod=00007fff9db90000 'C:\WINDOWS\System32\crypt32.dll'
1a6c.532c: supR3HardenedWinVerifyCacheProcessWvtTodos: 0 (was 0) fWinVerifyTrust=1 for '\Device\HarddiskVolume3\Windows\System32\kernel32.dll'
1a6c.532c: supR3HardenedMonitor_LdrLoadDll: returns rcNt=0x0 hMod=00007fff9db90000 'C:\WINDOWS\system32\crypt32.dll'
1a6c.532c: supR3HardenedWinIsDesiredRootCA: Adding 0xb3e7beb13c8cba00 CN=F5240129-3993-455E-8347-B5A9BDDF4B89
1a6c.532c: supR3HardenedWinIsDesiredRootCA: Adding 0x5ad46780fa5df300 DC=com, DC=microsoft, CN=Microsoft Root Certificate Authority
1a6c.532c: supR3HardenedWinIsDesiredRootCA: Adding 0xea5386456178582b C=ZA, ST=Western Cape, L=Durbanville, O=Thawte, OU=Thawte Certification, CN=Thawte Timestamping CA
1a6c.532c: supR3HardenedWinIsDesiredRootCA: Adding 0x560ad29254e89100 C=GB, ST=Greater Manchester, L=Salford, O=COMODO CA Limited, CN=COMODO RSA Certification Authority
1a6c.532c: supR3HardenedWinIsDesiredRootCA: Adding 0x3be670c1bd02a900 OU=Copyright (c) 1997 Microsoft Corp., OU=Microsoft Corporation, CN=Microsoft Root Authority
1a6c.532c: supR3HardenedWinIsDesiredRootCA: Adding 0xe991ee72b03db500 C=US, O=Symantec Corporation, CN=Symantec Enterprise Mobile Root for Microsoft
1a6c.532c: supR3HardenedWinIsDesiredRootCA: Adding 0x4d3835aa4180b200 C=US, ST=Washington, L=Redmond, O=Microsoft Corporation, CN=Microsoft Root Certificate Authority 2011
1a6c.532c: supR3HardenedWinIsDesiredRootCA: Adding 0x25e3cc26da7bc200 CN=localhost
1a6c.532c: supR3HardenedWinIsDesiredRootCA: Adding 0x646e3fe3ba08df00 C=US, O=MSFT, CN=Microsoft Authenticode(tm) Root Authority
1a6c.532c: supR3HardenedWinIsDesiredRootCA: Adding 0x84d81855ee77a800 CN=Warsaw Personal CA
1a6c.532c: supR3HardenedWinIsDesiredRootCA: Adding 0xece4e4289e08b900 C=US, ST=Washington, L=Redmond, O=Microsoft Corporation, CN=Microsoft Root Certificate Authority 2010
1a6c.532c: supR3HardenedWinIsDesiredRootCA: Adding 0xf3bb4d7e894b420 C=US, ST=Washington, L=Redmond, O=Microsoft Corporation, CN=Microsoft ECC TS Root Certificate Authority 2018
1a6c.532c: supR3HardenedWinIsDesiredRootCA: Adding 0x43a9cc371ff5385a O=Microsoft Trust Network, OU=Microsoft Corporation, OU=Microsoft Time Stamping Service Root, OU=Copyright (c) 1997 Microsoft Corp.
1a6c.532c: supR3HardenedWinIsDesiredRootCA: Adding 0x2e2d2c7c68f0202e O=VeriSign Trust Network, OU=VeriSign, Inc., OU=VeriSign Time Stamping Service Root, OU=NO LIABILITY ACCEPTED, (c)97 VeriSign, Inc.
1a6c.532c: supR3HardenedWinIsDesiredRootCA: Adding 0xcec3d46562b9be8e C=US, ST=Washington, L=Redmond, O=Microsoft Corporation, CN=Microsoft ECC Product Root Certificate Authority 2018
1a6c.532c: supR3HardenedWinIsDesiredRootCA: Adding 0xca58a05dd401ae00 C=US, ST=Washington, L=Redmond, O=Microsoft Corporation, CN=Microsoft Time Stamp Root Certificate Authority 2014
1a6c.532c: supR3HardenedWinIsDesiredRootCA: Adding 0x670683072a91b300 C=US, O=Microsoft Corporation, CN=Microsoft Identity Verification Root Certificate Authority 2020
1a6c.532c: supR3HardenedWinIsDesiredRootCA: Adding 0xa1e31e8b0211b600 C=US, O=Google Trust Services LLC, CN=GTS Root R1
1a6c.532c: supR3HardenedWinIsDesiredRootCA: Adding 0x3d993fde1950a700 C=US, O=IdenTrust, CN=IdenTrust Commercial Root CA 1
1a6c.532c: supR3HardenedWinIsDesiredRootCA: Adding 0x6b7bdc34cd37bb00 C=US, O=DigiCert Inc, OU=www.digicert.com, CN=DigiCert Global Root G2
1a6c.532c: supR3HardenedWinIsDesiredRootCA: Adding 0xbbde687390e6bf00 C=US, O=DigiCert Inc, OU=www.digicert.com, CN=DigiCert Trusted Root G4
1a6c.532c: supR3HardenedWinIsDesiredRootCA: Adding 0x83085097e9afdf00 O=Digital Signature Trust Co., CN=DST Root CA X3
1a6c.532c: supR3HardenedWinIsDesiredRootCA: Adding 0x780679907625cc00 OU=GlobalSign Root CA - R3, O=GlobalSign, CN=GlobalSign
1a6c.532c: supR3HardenedWinIsDesiredRootCA: Adding 0x3d98ab22bb04a300 C=IE, O=Baltimore, OU=CyberTrust, CN=Baltimore CyberTrust Root
1a6c.532c: supR3HardenedWinIsDesiredRootCA: Adding 0x80d5e6f878f9bd00 C=PL, O=Unizeto Technologies S.A., OU=Certum Certification Authority, CN=Certum Trusted Network CA 2
1a6c.532c: supR3HardenedWinIsDesiredRootCA: Adding 0xeae16ef49d40be00 C=GB, ST=Greater Manchester, L=Salford, O=Comodo CA Limited, CN=AAA Certificate Services
1a6c.532c: supR3HardenedWinIsDesiredRootCA: Adding 0xc6536f24d57ae723 C=US, ST=New Jersey, L=Jersey City, O=The USERTRUST Network, CN=USERTrust ECC Certification Authority
1a6c.532c: supR3HardenedWinIsDesiredRootCA: Adding 0x2404221294e78d00 C=GB, O=Sectigo Limited, CN=Sectigo Public Code Signing Root R46
1a6c.532c: supR3HardenedWinIsDesiredRootCA: Adding 0x3714f47324e8ad00 C=US, O=Internet Security Research Group, CN=ISRG Root X1
1a6c.532c: supR3HardenedWinIsDesiredRootCA: Adding 0xcb7d2ba3dd0ff900 C=US, ST=Texas, L=Houston, O=SSL Corporation, CN=SSL.com Root Certification Authority RSA
1a6c.532c: supR3HardenedWinIsDesiredRootCA: Adding 0x8ff6fc03c1edbd00 C=US, ST=Arizona, L=Scottsdale, O=Starfield Technologies, Inc., CN=Starfield Root Certificate Authority - G2
1a6c.532c: supR3HardenedWinIsDesiredRootCA: Adding 0xa3ce8d99e60eda00 C=BE, O=GlobalSign nv-sa, OU=Root CA, CN=GlobalSign Root CA
1a6c.532c: supR3HardenedWinIsDesiredRootCA: Adding 0xd8755236d5be9300 C=GB, O=Sectigo Limited, CN=Sectigo Public Server Authentication Root R46
1a6c.532c: supR3HardenedWinIsDesiredRootCA: Adding 0xa671e9fec832b700 C=US, O=Starfield Technologies, Inc., OU=Starfield Class 2 Certification Authority
1a6c.532c: supR3HardenedWinIsDesiredRootCA: Adding 0xa8de7211e13be200 C=US, O=DigiCert Inc, OU=www.digicert.com, CN=DigiCert Global Root CA
1a6c.532c: supR3HardenedWinIsDesiredRootCA: Adding 0x4ef92ac43a0cd500 C=US, ST=Arizona, L=Scottsdale, O=Starfield Technologies, Inc., CN=Starfield Services Root Certificate Authority - G2
1a6c.532c: supR3HardenedWinIsDesiredRootCA: Adding 0xd45980fbf0a0ac00 C=US, O=thawte, Inc., OU=Certification Services Division, OU=(c) 2006 thawte, Inc. - For authorized use only, CN=thawte Primary Root CA
1a6c.532c: supR3HardenedWinIsDesiredRootCA: Adding 0xc9edb72b684ba00 C=US, O=Entrust, Inc., OU=See www.entrust.net/legal-terms, OU=(c) 2009 Entrust, Inc. - for authorized use only, CN=Entrust Root Certification Authority - G2
1a6c.532c: supR3HardenedWinIsDesiredRootCA: Adding 0xf5cd95e581a4ab00 C=US, O=SecureTrust Corporation, CN=SecureTrust CA
1a6c.532c: supR3HardenedWinIsDesiredRootCA: Adding 0xf966ca73e8079500 OU=GlobalSign Root CA - R6, O=GlobalSign, CN=GlobalSign
1a6c.532c: supR3HardenedWinIsDesiredRootCA: Adding 0xbebef0d2217f0bfb C=US, O=DigiCert Inc, OU=www.digicert.com, CN=DigiCert Global Root G3
1a6c.532c: supR3HardenedWinIsDesiredRootCA: Adding 0x14018a1bf29e595c C=US, O=VeriSign, Inc., OU=Class 3 Public Primary Certification Authority
1a6c.532c: supR3HardenedWinIsDesiredRootCA: Adding 0x298c3394be5bca00 C=US, O=Microsoft Corporation, CN=Microsoft RSA Root Certificate Authority 2017
1a6c.532c: supR3HardenedWinIsDesiredRootCA: Adding 0xa4031c19392e9f0e OU=GlobalSign ECC Root CA - R4, O=GlobalSign, CN=GlobalSign
1a6c.532c: supR3HardenedWinIsDesiredRootCA: Adding 0xd4fbe673e5ccc600 C=US, O=DigiCert Inc, OU=www.digicert.com, CN=DigiCert High Assurance EV Root CA
1a6c.532c: supR3HardenedWinIsDesiredRootCA: Adding 0xb352b1523915d000 C=JP, O=SECOM Trust Systems CO.,LTD., OU=Security Communication RootCA2
1a6c.532c: supR3HardenedWinIsDesiredRootCA: Adding 0x362d8807333b600 C=US, O=DigiCert, Inc., CN=DigiCert CS RSA4096 Root G5
1a6c.532c: supR3HardenedWinIsDesiredRootCA: Adding 0xb28612a94b4dad00 O=Entrust.net, OU=www.entrust.net/CPS_2048 incorp. by ref. (limits liab.), OU=(c) 1999 Entrust.net Limited, CN=Entrust.net Certification Authority (2048)
1a6c.532c: supR3HardenedWinIsDesiredRootCA: Adding 0xe87add30c52db600 C=BE, O=GlobalSign nv-sa, CN=GlobalSign Code Signing Root R45
1a6c.532c: supR3HardenedWinIsDesiredRootCA: Adding 0x357a29080824af00 C=US, O=VeriSign, Inc., OU=VeriSign Trust Network, OU=(c) 2006 VeriSign, Inc. - For authorized use only, CN=VeriSign Class 3 Public Primary Certification Authority - G5
1a6c.532c: supR3HardenedWinIsDesiredRootCA: Adding 0x59faf1086271bf00 C=US, ST=Arizona, L=Scottsdale, O=GoDaddy.com, Inc., CN=Go Daddy Root Certificate Authority - G2
1a6c.532c: supR3HardenedWinIsDesiredRootCA: Adding 0x3401b15e3761c700 C=US, O=VeriSign, Inc., OU=VeriSign Trust Network, OU=(c) 2008 VeriSign, Inc. - For authorized use only, CN=VeriSign Universal Root Certification Authority
1a6c.532c: supR3HardenedWinIsDesiredRootCA: Adding 0xc30e361765128000 C=US, ST=New Jersey, L=Jersey City, O=The USERTRUST Network, CN=USERTrust RSA Certification Authority
1a6c.532c: supR3HardenedWinIsDesiredRootCA: Adding 0x4297e24fc722b300 C=ES, O=Agencia Catalana de Certificacio (NIF Q-0801176-I), OU=Serveis Publics de Certificacio, OU=Vegeu https://www.catcert.net/verarrel (c)03, OU=Jerarquia Entitats de Certificacio Catalanes, CN=EC-ACC
1a6c.532c: supR3HardenedWinIsDesiredRootCA: Adding 0x491857ead79dde00 C=US, O=The Go Daddy Group, Inc., OU=Go Daddy Class 2 Certification Authority
1a6c.532c: supR3HardenedWinIsDesiredRootCA: Adding 0xc2ba72a37dfbe300 C=PL, O=Unizeto Technologies S.A., OU=Certum Certification Authority, CN=Certum Trusted Network CA
1a6c.532c: supR3HardenedWinIsDesiredRootCA: Adding 0x8043e4ce150ead00 C=US, O=DigiCert Inc, OU=www.digicert.com, CN=DigiCert Assured ID Root CA
1a6c.532c: supR3HardenedWinIsDesiredRootCA: Adding 0xf2e6331af7b700 C=SE, O=AddTrust AB, OU=AddTrust External TTP Network, CN=AddTrust External CA Root
1a6c.532c: supR3HardenedWinRetrieveTrustedRootCAs: cAdded=58
1a6c.532c: SUPR3HardenedMain: Load Runtime...
1a6c.532c: supR3HardenedMonitor_LdrLoadDll: returns rcNt=0x0 hMod=00007fff9c300000 'C:\WINDOWS\system32\rsaenh.dll'
1a6c.532c: supR3HardenedMonitor_LdrLoadDll: returns rcNt=0x0 hMod=00007fff9db90000 'C:\WINDOWS\System32\crypt32.dll'
1a6c.532c: supR3HardenedWinVerifyCacheScheduleImports: Import todo: #1 'rpcrt4.dll'.
1a6c.532c: supR3HardenedWinVerifyCacheScheduleImports: Import todo: #13 'vcruntime140.dll'.
1a6c.532c: supR3HardenedWinVerifyCacheScheduleImports: Import todo: #14 'vcruntime140_1.dll'.
1a6c.532c: supR3HardenedWinVerifyCacheScheduleImports: Import todo: #15 'msvcp140.dll'.
1a6c.532c: supR3HardenedWinVerifyCacheScheduleImports: Import todo: #16 'ws2_32.dll'.
1a6c.532c: supHardenedWinVerifyImageByHandle: -> 0 (\Device\HarddiskVolume3\Program Files\Oracle\VirtualBox\VBoxRT.dll) WinVerifyTrust
1a6c.532c: supR3HardenedWinVerifyCacheInsert: \Device\HarddiskVolume3\Program Files\Oracle\VirtualBox\VBoxRT.dll
1a6c.532c: supR3HardenedWinVerifyCacheProcessImportTodos: Processing 'ws2_32.dll'...
1a6c.532c: supR3HardenedWinVerifyCacheProcessImportTodos: 'ws2_32.dll' -> '\Device\HarddiskVolume3\Windows\System32\ws2_32.dll' [rcNtRedir=0xc0150008]
1a6c.532c: supR3HardenedMonitor_LdrLoadDll: returns rcNt=0x0 hMod=00007fff9c300000 'C:\WINDOWS\system32\rsaenh.dll'
1a6c.532c: supR3HardenedScreenImage/LdrLoadDll: cache hit (VINF_SUCCESS) on \Device\HarddiskVolume3\Windows\System32\crypt32.dll
1a6c.532c: supR3HardenedMonitor_LdrLoadDll: pName=C:\WINDOWS\System32\crypt32.dll (Input=crypt32.dll, rcNtResolve=0xc0150008) *pfFlags=0x0 pwszSearchPath=0000000000000001:<flags> [calling]
1a6c.532c: supR3HardenedMonitor_LdrLoadDll: returns rcNt=0x0 hMod=00007fff9db90000 'C:\WINDOWS\System32\crypt32.dll'
1a6c.532c: supR3HardenedWinVerifyCacheScheduleImports: Import todo: #29 'rpcrt4.dll'.
1a6c.532c: supHardenedWinVerifyImageByHandle: -> 0 (\Device\HarddiskVolume3\Windows\System32\ws2_32.dll) WinVerifyTrust
1a6c.532c: supR3HardenedWinVerifyCacheInsert: \Device\HarddiskVolume3\Windows\System32\ws2_32.dll
1a6c.532c: supR3HardenedWinVerifyCacheProcessImportTodos: Processing 'msvcp140.dll'...
1a6c.532c: supR3HardenedWinVerifyCacheProcessImportTodos: 'msvcp140.dll' -> '\Device\HarddiskVolume3\Windows\System32\msvcp140.dll' [rcNtRedir=0xc0150008]
1a6c.532c: supR3HardenedWinVerifyCacheProcessImportTodos: Processing 'rpcrt4.dll'...
1a6c.532c: supR3HardenedWinVerifyCacheProcessImportTodos: 'rpcrt4.dll' -> '\Device\HarddiskVolume3\Windows\System32\rpcrt4.dll' [rcNtRedir=0xc0150008]
1a6c.532c: supR3HardenedScreenImage/Imports: cache hit (VINF_SUCCESS) on \Device\HarddiskVolume3\Windows\System32\rpcrt4.dll
1a6c.532c: supR3HardenedMonitor_LdrLoadDll: returns rcNt=0x0 hMod=00007fff9c300000 'C:\WINDOWS\system32\rsaenh.dll'
1a6c.532c: supR3HardenedMonitor_LdrLoadDll: returns rcNt=0x0 hMod=00007fff9db90000 'C:\WINDOWS\System32\crypt32.dll'
1a6c.532c: supR3HardenedWinVerifyCacheScheduleImports: Import todo: #0 'vcruntime140.dll'.
1a6c.532c: supR3HardenedWinVerifyCacheScheduleImports: Import todo: #1 'vcruntime140_1.dll'.
1a6c.532c: supHardenedWinVerifyImageByHandle: -> 0 (\Device\HarddiskVolume3\Windows\System32\msvcp140.dll) WinVerifyTrust
1a6c.532c: supR3HardenedWinVerifyCacheInsert: \Device\HarddiskVolume3\Windows\System32\msvcp140.dll
1a6c.532c: supR3HardenedWinVerifyCacheProcessImportTodos: Processing 'vcruntime140_1.dll'...
1a6c.532c: supR3HardenedWinVerifyCacheProcessImportTodos: 'vcruntime140_1.dll' -> '\Device\HarddiskVolume3\Windows\System32\vcruntime140_1.dll' [rcNtRedir=0xc0150008]
1a6c.532c: supR3HardenedScreenImage/LdrLoadDll: cache hit (VINF_SUCCESS) on \Device\HarddiskVolume3\Windows\System32\rsaenh.dll
1a6c.532c: supR3HardenedWinVerifyCacheProcessImportTodos: Processing 'vcruntime140_1.dll'...
1a6c.532c: supR3HardenedWinVerifyCacheProcessImportTodos: 'vcruntime140_1.dll' -> '\Device\HarddiskVolume3\Windows\System32\vcruntime140_1.dll' [rcNtRedir=0xc0150008]
1a6c.532c: Detected WinVerifyTrust recursion: rc=VINF_SUCCESS '\Device\HarddiskVolume3\Windows\System32\vcruntime140_1.dll'.
1a6c.532c: supR3HardenedWinVerifyCacheScheduleImports: Import todo: #3 'vcruntime140.dll'.
1a6c.532c: supHardenedWinVerifyImageByHandle: -> 0 (\Device\HarddiskVolume3\Windows\System32\vcruntime140_1.dll)
1a6c.532c: supR3HardenedWinVerifyCacheInsert: \Device\HarddiskVolume3\Windows\System32\vcruntime140_1.dll
1a6c.532c: supR3HardenedWinVerifyCacheProcessImportTodos: Processing 'vcruntime140.dll'...
1a6c.532c: supR3HardenedWinVerifyCacheProcessImportTodos: 'vcruntime140.dll' -> '\Device\HarddiskVolume3\Windows\System32\vcruntime140.dll' [rcNtRedir=0xc0150008]
1a6c.532c: Detected WinVerifyTrust recursion: rc=VINF_SUCCESS '\Device\HarddiskVolume3\Windows\System32\vcruntime140.dll'.
1a6c.532c: supHardenedWinVerifyImageByHandle: -> 0 (\Device\HarddiskVolume3\Windows\System32\vcruntime140.dll)
1a6c.532c: supR3HardenedWinVerifyCacheInsert: \Device\HarddiskVolume3\Windows\System32\vcruntime140.dll
1a6c.532c: supR3HardenedWinVerifyCacheProcessImportTodos: Processing 'vcruntime140.dll'...
1a6c.532c: supR3HardenedWinVerifyCacheProcessImportTodos: 'vcruntime140.dll' -> '\Device\HarddiskVolume3\Windows\System32\vcruntime140.dll' [rcNtRedir=0xc0150008]
1a6c.532c: supR3HardenedScreenImage/Imports: cache hit (VINF_SUCCESS) on \Device\HarddiskVolume3\Windows\System32\vcruntime140.dll [lacks WinVerifyTrust]
1a6c.532c: supR3HardenedMonitor_LdrLoadDll: pName=C:\WINDOWS\system32\rsaenh.dll (rcNtResolve=0xc0150008) *pfFlags=0x0 pwszSearchPath=0000000000000001:<flags> [calling]
1a6c.532c: supR3HardenedMonitor_LdrLoadDll: returns rcNt=0x0 hMod=00007fff9c300000 'C:\WINDOWS\system32\rsaenh.dll'
1a6c.532c: supR3HardenedMonitor_LdrLoadDll: returns rcNt=0x0 hMod=00007fff9db90000 'C:\WINDOWS\System32\crypt32.dll'
1a6c.532c: supR3HardenedWinVerifyCacheScheduleImports: Import todo: #3 'vcruntime140.dll'.
1a6c.532c: supHardenedWinVerifyImageByHandle: -> 0 (\Device\HarddiskVolume3\Windows\System32\vcruntime140_1.dll) WinVerifyTrust
1a6c.532c: supR3HardenedWinVerifyCacheProcessImportTodos: Processing 'vcruntime140.dll'...
1a6c.532c: supR3HardenedWinVerifyCacheProcessImportTodos: 'vcruntime140.dll' -> '\Device\HarddiskVolume3\Windows\System32\vcruntime140.dll' [rcNtRedir=0xc0150008]
1a6c.532c: supR3HardenedScreenImage/Imports: cache hit (VINF_SUCCESS) on \Device\HarddiskVolume3\Windows\System32\vcruntime140.dll [redoing WinVerifyTrust]
1a6c.532c: supR3HardenedWinVerifyCacheProcessImportTodos: Processing 'vcruntime140.dll'...
1a6c.532c: supR3HardenedWinVerifyCacheProcessImportTodos: 'vcruntime140.dll' -> '\Device\HarddiskVolume3\Windows\System32\vcruntime140.dll' [rcNtRedir=0xc0150008]
1a6c.532c: supR3HardenedScreenImage/Imports: cache hit (VINF_SUCCESS) on \Device\HarddiskVolume3\Windows\System32\vcruntime140.dll [lacks WinVerifyTrust]
1a6c.532c: supR3HardenedMonitor_LdrLoadDll: returns rcNt=0x0 hMod=00007fff9c300000 'C:\WINDOWS\system32\rsaenh.dll'
1a6c.532c: supR3HardenedMonitor_LdrLoadDll: returns rcNt=0x0 hMod=00007fff9db90000 'C:\WINDOWS\System32\crypt32.dll'
1a6c.532c: supR3HardenedScreenImage/Imports: 0 (was 0) fWinVerifyTrust=1 for '\Device\HarddiskVolume3\Windows\System32\vcruntime140.dll'
1a6c.532c: supR3HardenedWinVerifyCacheProcessImportTodos: Processing 'rpcrt4.dll'...
1a6c.532c: supR3HardenedWinVerifyCacheProcessImportTodos: 'rpcrt4.dll' -> '\Device\HarddiskVolume3\Windows\System32\rpcrt4.dll' [rcNtRedir=0xc0150008]
1a6c.532c: supR3HardenedScreenImage/Imports: cache hit (VINF_SUCCESS) on \Device\HarddiskVolume3\Windows\System32\rpcrt4.dll
1a6c.532c: supR3HardenedMonitor_LdrLoadDll: pName=C:\Program Files\Oracle\VirtualBox\VBoxRT.dll (rcNtResolve=0xc0150008) *pfFlags=0x0 pwszSearchPath=0000000000000a01:<flags> [calling]
1a6c.532c: supR3HardenedScreenImage/NtCreateSection: cache hit (VINF_SUCCESS) on \Device\HarddiskVolume3\Program Files\Oracle\VirtualBox\VBoxRT.dll
1a6c.532c: supR3HardenedScreenImage/NtCreateSection: cache hit (VINF_SUCCESS) on \Device\HarddiskVolume3\Windows\System32\vcruntime140.dll
1a6c.532c: supR3HardenedScreenImage/NtCreateSection: cache hit (VINF_SUCCESS) on \Device\HarddiskVolume3\Windows\System32\vcruntime140_1.dll [avoiding WinVerifyTrust]
1a6c.532c: supR3HardenedScreenImage/NtCreateSection: cache hit (VINF_SUCCESS) on \Device\HarddiskVolume3\Windows\System32\msvcp140.dll
1a6c.532c: supR3HardenedDllNotificationCallback: load   00007fff6ec20000 LB 0x0001e000 C:\WINDOWS\SYSTEM32\VCRUNTIME140.dll [fFlags=0x0]
1a6c.532c: supR3HardenedScreenImage/LdrLoadDll: cache hit (VINF_SUCCESS) on \Device\HarddiskVolume3\Windows\System32\vcruntime140.dll
1a6c.532c: supR3HardenedDllNotificationCallback: load   00007fff6ec10000 LB 0x0000b000 C:\WINDOWS\SYSTEM32\VCRUNTIME140_1.dll [fFlags=0x0]
1a6c.532c: supR3HardenedScreenImage/LdrLoadDll: cache hit (VINF_SUCCESS) on \Device\HarddiskVolume3\Windows\System32\vcruntime140_1.dll [avoiding WinVerifyTrust]
1a6c.532c: supR3HardenedDllNotificationCallback: load   00007fff6c0d0000 LB 0x00088000 C:\WINDOWS\SYSTEM32\MSVCP140.dll [fFlags=0x0]
1a6c.532c: supR3HardenedScreenImage/LdrLoadDll: cache hit (VINF_SUCCESS) on \Device\HarddiskVolume3\Windows\System32\msvcp140.dll
1a6c.532c: supR3HardenedDllNotificationCallback: load   00007fff9f0d0000 LB 0x00080000 C:\WINDOWS\System32\WS2_32.dll [fFlags=0x0]
1a6c.532c: supR3HardenedScreenImage/LdrLoadDll: cache hit (VINF_SUCCESS) on \Device\HarddiskVolume3\Windows\System32\ws2_32.dll
1a6c.532c: supR3HardenedDllNotificationCallback: load   00007fff09540000 LB 0x00786000 C:\Program Files\Oracle\VirtualBox\VBoxRT.dll [fFlags=0x0]
1a6c.532c: supR3HardenedScreenImage/LdrLoadDll: cache hit (VINF_SUCCESS) on \Device\HarddiskVolume3\Program Files\Oracle\VirtualBox\VBoxRT.dll
1a6c.532c: Detected loader lock ownership: rc=VINF_SUCCESS '\Device\HarddiskVolume3\Windows\System32\vcruntime140_1.dll'.
1a6c.532c: supR3HardenedWinVerifyCacheProcessWvtTodos: 0 (was 0) fWinVerifyTrust=0 for '\Device\HarddiskVolume3\Windows\System32\vcruntime140_1.dll' [rescheduled]
1a6c.532c: supR3HardenedScreenImage/LdrLoadDll: cache hit (VINF_SUCCESS) on \Device\HarddiskVolume3\Program Files\Oracle\VirtualBox\VBoxRT.dll
1a6c.532c: supR3HardenedMonitor_LdrLoadDll: pName=C:\Program Files\Oracle\VirtualBox\VBoxRT.dll (rcNtResolve=0xc0150008) *pfFlags=0x0 pwszSearchPath=0000000000000001:<flags> [calling]
1a6c.532c: supR3HardenedMonitor_LdrLoadDll: returns rcNt=0x0 hMod=00007fff09540000 'C:\Program Files\Oracle\VirtualBox\VBoxRT.dll'
1a6c.532c: Detected loader lock ownership: rc=VINF_SUCCESS '\Device\HarddiskVolume3\Windows\System32\vcruntime140_1.dll'.
1a6c.532c: supR3HardenedWinVerifyCacheProcessWvtTodos: 0 (was 0) fWinVerifyTrust=0 for '\Device\HarddiskVolume3\Windows\System32\vcruntime140_1.dll' [rescheduled]
1a6c.532c: Detected loader lock ownership: rc=VINF_SUCCESS '\Device\HarddiskVolume3\Windows\System32\vcruntime140_1.dll'.
1a6c.532c: supR3HardenedWinVerifyCacheProcessWvtTodos: 0 (was 0) fWinVerifyTrust=0 for '\Device\HarddiskVolume3\Windows\System32\vcruntime140_1.dll' [rescheduled]
1a6c.532c: supR3HardenedScreenImage/LdrLoadDll: cache hit (VINF_SUCCESS) on \Device\HarddiskVolume3\Program Files\Oracle\VirtualBox\VBoxRT.dll
1a6c.532c: supR3HardenedMonitor_LdrLoadDll: pName=C:\Program Files\Oracle\VirtualBox\VBoxRT.dll (rcNtResolve=0xc0150008) *pfFlags=0x0 pwszSearchPath=0000000000000001:<flags> [calling]
1a6c.532c: supR3HardenedMonitor_LdrLoadDll: returns rcNt=0x0 hMod=00007fff09540000 'C:\Program Files\Oracle\VirtualBox\VBoxRT.dll'
1a6c.532c: Detected loader lock ownership: rc=VINF_SUCCESS '\Device\HarddiskVolume3\Windows\System32\vcruntime140_1.dll'.
1a6c.532c: supR3HardenedWinVerifyCacheProcessWvtTodos: 0 (was 0) fWinVerifyTrust=0 for '\Device\HarddiskVolume3\Windows\System32\vcruntime140_1.dll' [rescheduled]
1a6c.532c: Detected loader lock ownership: rc=VINF_SUCCESS '\Device\HarddiskVolume3\Windows\System32\vcruntime140_1.dll'.
1a6c.532c: supR3HardenedWinVerifyCacheProcessWvtTodos: 0 (was 0) fWinVerifyTrust=0 for '\Device\HarddiskVolume3\Windows\System32\vcruntime140_1.dll' [rescheduled]
1a6c.532c: supR3HardenedScreenImage/LdrLoadDll: cache hit (VINF_SUCCESS) on \Device\HarddiskVolume3\Program Files\Oracle\VirtualBox\VBoxRT.dll
1a6c.532c: supR3HardenedMonitor_LdrLoadDll: pName=C:\Program Files\Oracle\VirtualBox\VBoxRT.dll (rcNtResolve=0xc0150008) *pfFlags=0x0 pwszSearchPath=0000000000000001:<flags> [calling]
1a6c.532c: supR3HardenedMonitor_LdrLoadDll: returns rcNt=0x0 hMod=00007fff09540000 'C:\Program Files\Oracle\VirtualBox\VBoxRT.dll'
1a6c.532c: Detected loader lock ownership: rc=VINF_SUCCESS '\Device\HarddiskVolume3\Windows\System32\vcruntime140_1.dll'.
1a6c.532c: supR3HardenedWinVerifyCacheProcessWvtTodos: 0 (was 0) fWinVerifyTrust=0 for '\Device\HarddiskVolume3\Windows\System32\vcruntime140_1.dll' [rescheduled]
1a6c.532c: Detected loader lock ownership: rc=VINF_SUCCESS '\Device\HarddiskVolume3\Windows\System32\vcruntime140_1.dll'.
1a6c.532c: supR3HardenedWinVerifyCacheProcessWvtTodos: 0 (was 0) fWinVerifyTrust=0 for '\Device\HarddiskVolume3\Windows\System32\vcruntime140_1.dll' [rescheduled]
1a6c.532c: supR3HardenedScreenImage/LdrLoadDll: cache hit (VINF_SUCCESS) on \Device\HarddiskVolume3\Program Files\Oracle\VirtualBox\VBoxRT.dll
1a6c.532c: supR3HardenedMonitor_LdrLoadDll: pName=C:\Program Files\Oracle\VirtualBox\VBoxRT.dll (rcNtResolve=0xc0150008) *pfFlags=0x0 pwszSearchPath=0000000000000001:<flags> [calling]
1a6c.532c: supR3HardenedMonitor_LdrLoadDll: returns rcNt=0x0 hMod=00007fff09540000 'C:\Program Files\Oracle\VirtualBox\VBoxRT.dll'
1a6c.532c: Detected loader lock ownership: rc=VINF_SUCCESS '\Device\HarddiskVolume3\Windows\System32\vcruntime140_1.dll'.
1a6c.532c: supR3HardenedWinVerifyCacheProcessWvtTodos: 0 (was 0) fWinVerifyTrust=0 for '\Device\HarddiskVolume3\Windows\System32\vcruntime140_1.dll' [rescheduled]
1a6c.532c: Detected loader lock ownership: rc=VINF_SUCCESS '\Device\HarddiskVolume3\Windows\System32\vcruntime140_1.dll'.
1a6c.532c: supR3HardenedWinVerifyCacheProcessWvtTodos: 0 (was 0) fWinVerifyTrust=0 for '\Device\HarddiskVolume3\Windows\System32\vcruntime140_1.dll' [rescheduled]
1a6c.532c: supR3HardenedScreenImage/LdrLoadDll: cache hit (VINF_SUCCESS) on \Device\HarddiskVolume3\Program Files\Oracle\VirtualBox\VBoxRT.dll
1a6c.532c: supR3HardenedMonitor_LdrLoadDll: pName=C:\Program Files\Oracle\VirtualBox\VBoxRT.dll (rcNtResolve=0xc0150008) *pfFlags=0x0 pwszSearchPath=0000000000000001:<flags> [calling]
1a6c.532c: supR3HardenedMonitor_LdrLoadDll: returns rcNt=0x0 hMod=00007fff09540000 'C:\Program Files\Oracle\VirtualBox\VBoxRT.dll'
1a6c.532c: Detected loader lock ownership: rc=VINF_SUCCESS '\Device\HarddiskVolume3\Windows\System32\vcruntime140_1.dll'.
1a6c.532c: supR3HardenedWinVerifyCacheProcessWvtTodos: 0 (was 0) fWinVerifyTrust=0 for '\Device\HarddiskVolume3\Windows\System32\vcruntime140_1.dll' [rescheduled]
1a6c.532c: Detected loader lock ownership: rc=VINF_SUCCESS '\Device\HarddiskVolume3\Windows\System32\vcruntime140_1.dll'.
1a6c.532c: supR3HardenedWinVerifyCacheProcessWvtTodos: 0 (was 0) fWinVerifyTrust=0 for '\Device\HarddiskVolume3\Windows\System32\vcruntime140_1.dll' [rescheduled]
1a6c.532c: supR3HardenedScreenImage/LdrLoadDll: cache hit (VINF_SUCCESS) on \Device\HarddiskVolume3\Program Files\Oracle\VirtualBox\VBoxRT.dll
1a6c.532c: supR3HardenedMonitor_LdrLoadDll: pName=C:\Program Files\Oracle\VirtualBox\VBoxRT.dll (rcNtResolve=0xc0150008) *pfFlags=0x0 pwszSearchPath=0000000000000001:<flags> [calling]
1a6c.532c: supR3HardenedMonitor_LdrLoadDll: returns rcNt=0x0 hMod=00007fff09540000 'C:\Program Files\Oracle\VirtualBox\VBoxRT.dll'
1a6c.532c: Detected loader lock ownership: rc=VINF_SUCCESS '\Device\HarddiskVolume3\Windows\System32\vcruntime140_1.dll'.
1a6c.532c: supR3HardenedWinVerifyCacheProcessWvtTodos: 0 (was 0) fWinVerifyTrust=0 for '\Device\HarddiskVolume3\Windows\System32\vcruntime140_1.dll' [rescheduled]
1a6c.532c: Detected loader lock ownership: rc=VINF_SUCCESS '\Device\HarddiskVolume3\Windows\System32\vcruntime140_1.dll'.
1a6c.532c: supR3HardenedWinVerifyCacheProcessWvtTodos: 0 (was 0) fWinVerifyTrust=0 for '\Device\HarddiskVolume3\Windows\System32\vcruntime140_1.dll' [rescheduled]
1a6c.532c: supR3HardenedMonitor_LdrLoadDll: returns rcNt=0x0 hMod=00007fff09540000 'C:\Program Files\Oracle\VirtualBox\VBoxRT.dll'
1a6c.532c: Detected loader lock ownership: rc=VINF_SUCCESS '\Device\HarddiskVolume3\Windows\System32\vcruntime140_1.dll'.
1a6c.532c: supR3HardenedWinVerifyCacheProcessWvtTodos: 0 (was 0) fWinVerifyTrust=0 for '\Device\HarddiskVolume3\Windows\System32\vcruntime140_1.dll' [rescheduled]
1a6c.532c: Detected loader lock ownership: rc=VINF_SUCCESS '\Device\HarddiskVolume3\Windows\System32\vcruntime140_1.dll'.
1a6c.532c: supR3HardenedWinVerifyCacheProcessWvtTodos: 0 (was 0) fWinVerifyTrust=0 for '\Device\HarddiskVolume3\Windows\System32\vcruntime140_1.dll' [rescheduled]
1a6c.532c: supR3HardenedMonitor_LdrLoadDll: returns rcNt=0x0 hMod=00007fff09540000 'C:\Program Files\Oracle\VirtualBox\VBoxRT.dll'
1a6c.532c: Detected loader lock ownership: rc=VINF_SUCCESS '\Device\HarddiskVolume3\Windows\System32\vcruntime140_1.dll'.
1a6c.532c: supR3HardenedWinVerifyCacheProcessWvtTodos: 0 (was 0) fWinVerifyTrust=0 for '\Device\HarddiskVolume3\Windows\System32\vcruntime140_1.dll' [rescheduled]
1a6c.532c: Detected loader lock ownership: rc=VINF_SUCCESS '\Device\HarddiskVolume3\Windows\System32\vcruntime140_1.dll'.
1a6c.532c: supR3HardenedWinVerifyCacheProcessWvtTodos: 0 (was 0) fWinVerifyTrust=0 for '\Device\HarddiskVolume3\Windows\System32\vcruntime140_1.dll' [rescheduled]
1a6c.532c: supR3HardenedMonitor_LdrLoadDll: returns rcNt=0x0 hMod=00007fff09540000 'C:\Program Files\Oracle\VirtualBox\VBoxRT.dll'
1a6c.532c: Detected loader lock ownership: rc=VINF_SUCCESS '\Device\HarddiskVolume3\Windows\System32\vcruntime140_1.dll'.
1a6c.532c: supR3HardenedWinVerifyCacheProcessWvtTodos: 0 (was 0) fWinVerifyTrust=0 for '\Device\HarddiskVolume3\Windows\System32\vcruntime140_1.dll' [rescheduled]
1a6c.532c: Detected loader lock ownership: rc=VINF_SUCCESS '\Device\HarddiskVolume3\Windows\System32\vcruntime140_1.dll'.
1a6c.532c: supR3HardenedWinVerifyCacheProcessWvtTodos: 0 (was 0) fWinVerifyTrust=0 for '\Device\HarddiskVolume3\Windows\System32\vcruntime140_1.dll' [rescheduled]
1a6c.532c: supR3HardenedMonitor_LdrLoadDll: returns rcNt=0x0 hMod=00007fff09540000 'C:\Program Files\Oracle\VirtualBox\VBoxRT.dll'
1a6c.532c: Detected loader lock ownership: rc=VINF_SUCCESS '\Device\HarddiskVolume3\Windows\System32\vcruntime140_1.dll'.
1a6c.532c: supR3HardenedWinVerifyCacheProcessWvtTodos: 0 (was 0) fWinVerifyTrust=0 for '\Device\HarddiskVolume3\Windows\System32\vcruntime140_1.dll' [rescheduled]
1a6c.532c: Detected loader lock ownership: rc=VINF_SUCCESS '\Device\HarddiskVolume3\Windows\System32\vcruntime140_1.dll'.
1a6c.532c: supR3HardenedWinVerifyCacheProcessWvtTodos: 0 (was 0) fWinVerifyTrust=0 for '\Device\HarddiskVolume3\Windows\System32\vcruntime140_1.dll' [rescheduled]
1a6c.532c: supR3HardenedMonitor_LdrLoadDll: returns rcNt=0x0 hMod=00007fff09540000 'C:\Program Files\Oracle\VirtualBox\VBoxRT.dll'
1a6c.532c: Detected loader lock ownership: rc=VINF_SUCCESS '\Device\HarddiskVolume3\Windows\System32\vcruntime140_1.dll'.
1a6c.532c: supR3HardenedWinVerifyCacheProcessWvtTodos: 0 (was 0) fWinVerifyTrust=0 for '\Device\HarddiskVolume3\Windows\System32\vcruntime140_1.dll' [rescheduled]
1a6c.532c: Detected loader lock ownership: rc=VINF_SUCCESS '\Device\HarddiskVolume3\Windows\System32\vcruntime140_1.dll'.
1a6c.532c: supR3HardenedWinVerifyCacheProcessWvtTodos: 0 (was 0) fWinVerifyTrust=0 for '\Device\HarddiskVolume3\Windows\System32\vcruntime140_1.dll' [rescheduled]
1a6c.532c: supR3HardenedMonitor_LdrLoadDll: returns rcNt=0x0 hMod=00007fff09540000 'C:\Program Files\Oracle\VirtualBox\VBoxRT.dll'
1a6c.532c: Detected loader lock ownership: rc=VINF_SUCCESS '\Device\HarddiskVolume3\Windows\System32\vcruntime140_1.dll'.
1a6c.532c: supR3HardenedWinVerifyCacheProcessWvtTodos: 0 (was 0) fWinVerifyTrust=0 for '\Device\HarddiskVolume3\Windows\System32\vcruntime140_1.dll' [rescheduled]
1a6c.532c: Detected loader lock ownership: rc=VINF_SUCCESS '\Device\HarddiskVolume3\Windows\System32\vcruntime140_1.dll'.
1a6c.532c: supR3HardenedWinVerifyCacheProcessWvtTodos: 0 (was 0) fWinVerifyTrust=0 for '\Device\HarddiskVolume3\Windows\System32\vcruntime140_1.dll' [rescheduled]
1a6c.532c: supR3HardenedMonitor_LdrLoadDll: returns rcNt=0x0 hMod=00007fff09540000 'C:\Program Files\Oracle\VirtualBox\VBoxRT.dll'
1a6c.532c: Detected loader lock ownership: rc=VINF_SUCCESS '\Device\HarddiskVolume3\Windows\System32\vcruntime140_1.dll'.
1a6c.532c: supR3HardenedWinVerifyCacheProcessWvtTodos: 0 (was 0) fWinVerifyTrust=0 for '\Device\HarddiskVolume3\Windows\System32\vcruntime140_1.dll' [rescheduled]
1a6c.532c: Detected loader lock ownership: rc=VINF_SUCCESS '\Device\HarddiskVolume3\Windows\System32\vcruntime140_1.dll'.
1a6c.532c: supR3HardenedWinVerifyCacheProcessWvtTodos: 0 (was 0) fWinVerifyTrust=0 for '\Device\HarddiskVolume3\Windows\System32\vcruntime140_1.dll' [rescheduled]
1a6c.532c: supR3HardenedScreenImage/LdrLoadDll: cache hit (VINF_SUCCESS) on \Device\HarddiskVolume3\Program Files\Oracle\VirtualBox\VBoxRT.dll
1a6c.532c: supR3HardenedMonitor_LdrLoadDll: pName=C:\Program Files\Oracle\VirtualBox\VBoxRT.dll (rcNtResolve=0xc0150008) *pfFlags=0x0 pwszSearchPath=0000000000000001:<flags> [calling]
1a6c.532c: supR3HardenedMonitor_LdrLoadDll: returns rcNt=0x0 hMod=00007fff09540000 'C:\Program Files\Oracle\VirtualBox\VBoxRT.dll'
1a6c.532c: Detected loader lock ownership: rc=VINF_SUCCESS '\Device\HarddiskVolume3\Windows\System32\vcruntime140_1.dll'.
1a6c.532c: supR3HardenedWinVerifyCacheProcessWvtTodos: 0 (was 0) fWinVerifyTrust=0 for '\Device\HarddiskVolume3\Windows\System32\vcruntime140_1.dll' [rescheduled]
1a6c.532c: Detected loader lock ownership: rc=VINF_SUCCESS '\Device\HarddiskVolume3\Windows\System32\vcruntime140_1.dll'.
1a6c.532c: supR3HardenedWinVerifyCacheProcessWvtTodos: 0 (was 0) fWinVerifyTrust=0 for '\Device\HarddiskVolume3\Windows\System32\vcruntime140_1.dll' [rescheduled]
1a6c.532c: supR3HardenedMonitor_LdrLoadDll: returns rcNt=0x0 hMod=00007fff09540000 'C:\Program Files\Oracle\VirtualBox\VBoxRT.dll'
1a6c.532c: Detected loader lock ownership: rc=VINF_SUCCESS '\Device\HarddiskVolume3\Windows\System32\vcruntime140_1.dll'.
1a6c.532c: supR3HardenedWinVerifyCacheProcessWvtTodos: 0 (was 0) fWinVerifyTrust=0 for '\Device\HarddiskVolume3\Windows\System32\vcruntime140_1.dll' [rescheduled]
1a6c.532c: Detected loader lock ownership: rc=VINF_SUCCESS '\Device\HarddiskVolume3\Windows\System32\vcruntime140_1.dll'.
1a6c.532c: supR3HardenedWinVerifyCacheProcessWvtTodos: 0 (was 0) fWinVerifyTrust=0 for '\Device\HarddiskVolume3\Windows\System32\vcruntime140_1.dll' [rescheduled]
1a6c.532c: supR3HardenedMonitor_LdrLoadDll: returns rcNt=0x0 hMod=00007fff09540000 'C:\Program Files\Oracle\VirtualBox\VBoxRT.dll'
1a6c.532c: Detected loader lock ownership: rc=VINF_SUCCESS '\Device\HarddiskVolume3\Windows\System32\vcruntime140_1.dll'.
1a6c.532c: supR3HardenedWinVerifyCacheProcessWvtTodos: 0 (was 0) fWinVerifyTrust=0 for '\Device\HarddiskVolume3\Windows\System32\vcruntime140_1.dll' [rescheduled]
1a6c.532c: Detected loader lock ownership: rc=VINF_SUCCESS '\Device\HarddiskVolume3\Windows\System32\vcruntime140_1.dll'.
1a6c.532c: supR3HardenedWinVerifyCacheProcessWvtTodos: 0 (was 0) fWinVerifyTrust=0 for '\Device\HarddiskVolume3\Windows\System32\vcruntime140_1.dll' [rescheduled]
1a6c.532c: supR3HardenedMonitor_LdrLoadDll: returns rcNt=0x0 hMod=00007fff09540000 'C:\Program Files\Oracle\VirtualBox\VBoxRT.dll'
1a6c.532c: Detected loader lock ownership: rc=VINF_SUCCESS '\Device\HarddiskVolume3\Windows\System32\vcruntime140_1.dll'.
1a6c.532c: supR3HardenedWinVerifyCacheProcessWvtTodos: 0 (was 0) fWinVerifyTrust=0 for '\Device\HarddiskVolume3\Windows\System32\vcruntime140_1.dll' [rescheduled]
1a6c.532c: Detected loader lock ownership: rc=VINF_SUCCESS '\Device\HarddiskVolume3\Windows\System32\vcruntime140_1.dll'.
1a6c.532c: supR3HardenedWinVerifyCacheProcessWvtTodos: 0 (was 0) fWinVerifyTrust=0 for '\Device\HarddiskVolume3\Windows\System32\vcruntime140_1.dll' [rescheduled]
1a6c.532c: supR3HardenedMonitor_LdrLoadDll: returns rcNt=0x0 hMod=00007fff09540000 'C:\Program Files\Oracle\VirtualBox\VBoxRT.dll'
1a6c.532c: Detected loader lock ownership: rc=VINF_SUCCESS '\Device\HarddiskVolume3\Windows\System32\vcruntime140_1.dll'.
1a6c.532c: supR3HardenedWinVerifyCacheProcessWvtTodos: 0 (was 0) fWinVerifyTrust=0 for '\Device\HarddiskVolume3\Windows\System32\vcruntime140_1.dll' [rescheduled]
1a6c.532c: Detected loader lock ownership: rc=VINF_SUCCESS '\Device\HarddiskVolume3\Windows\System32\vcruntime140_1.dll'.
1a6c.532c: supR3HardenedWinVerifyCacheProcessWvtTodos: 0 (was 0) fWinVerifyTrust=0 for '\Device\HarddiskVolume3\Windows\System32\vcruntime140_1.dll' [rescheduled]
1a6c.532c: supR3HardenedMonitor_LdrLoadDll: returns rcNt=0x0 hMod=00007fff09540000 'C:\Program Files\Oracle\VirtualBox\VBoxRT.dll'
1a6c.532c: Detected loader lock ownership: rc=VINF_SUCCESS '\Device\HarddiskVolume3\Windows\System32\vcruntime140_1.dll'.
1a6c.532c: supR3HardenedWinVerifyCacheProcessWvtTodos: 0 (was 0) fWinVerifyTrust=0 for '\Device\HarddiskVolume3\Windows\System32\vcruntime140_1.dll' [rescheduled]
1a6c.532c: Detected loader lock ownership: rc=VINF_SUCCESS '\Device\HarddiskVolume3\Windows\System32\vcruntime140_1.dll'.
1a6c.532c: supR3HardenedWinVerifyCacheProcessWvtTodos: 0 (was 0) fWinVerifyTrust=0 for '\Device\HarddiskVolume3\Windows\System32\vcruntime140_1.dll' [rescheduled]
1a6c.532c: supR3HardenedMonitor_LdrLoadDll: returns rcNt=0x0 hMod=00007fff09540000 'C:\Program Files\Oracle\VirtualBox\VBoxRT.dll'
1a6c.532c: Detected loader lock ownership: rc=VINF_SUCCESS '\Device\HarddiskVolume3\Windows\System32\vcruntime140_1.dll'.
1a6c.532c: supR3HardenedWinVerifyCacheProcessWvtTodos: 0 (was 0) fWinVerifyTrust=0 for '\Device\HarddiskVolume3\Windows\System32\vcruntime140_1.dll' [rescheduled]
1a6c.532c: Detected loader lock ownership: rc=VINF_SUCCESS '\Device\HarddiskVolume3\Windows\System32\vcruntime140_1.dll'.
1a6c.532c: supR3HardenedWinVerifyCacheProcessWvtTodos: 0 (was 0) fWinVerifyTrust=0 for '\Device\HarddiskVolume3\Windows\System32\vcruntime140_1.dll' [rescheduled]
1a6c.532c: supR3HardenedMonitor_LdrLoadDll: returns rcNt=0x0 hMod=00007fff09540000 'C:\Program Files\Oracle\VirtualBox\VBoxRT.dll'
1a6c.532c: Detected loader lock ownership: rc=VINF_SUCCESS '\Device\HarddiskVolume3\Windows\System32\vcruntime140_1.dll'.
1a6c.532c: supR3HardenedWinVerifyCacheProcessWvtTodos: 0 (was 0) fWinVerifyTrust=0 for '\Device\HarddiskVolume3\Windows\System32\vcruntime140_1.dll' [rescheduled]
1a6c.532c: Detected loader lock ownership: rc=VINF_SUCCESS '\Device\HarddiskVolume3\Windows\System32\vcruntime140_1.dll'.
1a6c.532c: supR3HardenedWinVerifyCacheProcessWvtTodos: 0 (was 0) fWinVerifyTrust=0 for '\Device\HarddiskVolume3\Windows\System32\vcruntime140_1.dll' [rescheduled]
1a6c.532c: supR3HardenedMonitor_LdrLoadDll: returns rcNt=0x0 hMod=00007fff09540000 'C:\Program Files\Oracle\VirtualBox\VBoxRT.dll'
1a6c.532c: Detected loader lock ownership: rc=VINF_SUCCESS '\Device\HarddiskVolume3\Windows\System32\vcruntime140_1.dll'.
1a6c.532c: supR3HardenedWinVerifyCacheProcessWvtTodos: 0 (was 0) fWinVerifyTrust=0 for '\Device\HarddiskVolume3\Windows\System32\vcruntime140_1.dll' [rescheduled]
1a6c.532c: Detected loader lock ownership: rc=VINF_SUCCESS '\Device\HarddiskVolume3\Windows\System32\vcruntime140_1.dll'.
1a6c.532c: supR3HardenedWinVerifyCacheProcessWvtTodos: 0 (was 0) fWinVerifyTrust=0 for '\Device\HarddiskVolume3\Windows\System32\vcruntime140_1.dll' [rescheduled]
1a6c.532c: supR3HardenedMonitor_LdrLoadDll: returns rcNt=0x0 hMod=00007fff09540000 'C:\Program Files\Oracle\VirtualBox\VBoxRT.dll'
1a6c.532c: Detected loader lock ownership: rc=VINF_SUCCESS '\Device\HarddiskVolume3\Windows\System32\vcruntime140_1.dll'.
1a6c.532c: supR3HardenedWinVerifyCacheProcessWvtTodos: 0 (was 0) fWinVerifyTrust=0 for '\Device\HarddiskVolume3\Windows\System32\vcruntime140_1.dll' [rescheduled]
1a6c.532c: Detected loader lock ownership: rc=VINF_SUCCESS '\Device\HarddiskVolume3\Windows\System32\vcruntime140_1.dll'.
1a6c.532c: supR3HardenedWinVerifyCacheProcessWvtTodos: 0 (was 0) fWinVerifyTrust=0 for '\Device\HarddiskVolume3\Windows\System32\vcruntime140_1.dll' [rescheduled]
1a6c.532c: supR3HardenedMonitor_LdrLoadDll: returns rcNt=0x0 hMod=00007fff09540000 'C:\Program Files\Oracle\VirtualBox\VBoxRT.dll'
1a6c.532c: Detected loader lock ownership: rc=VINF_SUCCESS '\Device\HarddiskVolume3\Windows\System32\vcruntime140_1.dll'.
1a6c.532c: supR3HardenedWinVerifyCacheProcessWvtTodos: 0 (was 0) fWinVerifyTrust=0 for '\Device\HarddiskVolume3\Windows\System32\vcruntime140_1.dll' [rescheduled]
1a6c.532c: Detected loader lock ownership: rc=VINF_SUCCESS '\Device\HarddiskVolume3\Windows\System32\vcruntime140_1.dll'.
1a6c.532c: supR3HardenedWinVerifyCacheProcessWvtTodos: 0 (was 0) fWinVerifyTrust=0 for '\Device\HarddiskVolume3\Windows\System32\vcruntime140_1.dll' [rescheduled]
1a6c.532c: supR3HardenedMonitor_LdrLoadDll: returns rcNt=0x0 hMod=00007fff09540000 'C:\Program Files\Oracle\VirtualBox\VBoxRT.dll'
1a6c.532c: Detected loader lock ownership: rc=VINF_SUCCESS '\Device\HarddiskVolume3\Windows\System32\vcruntime140_1.dll'.
1a6c.532c: supR3HardenedWinVerifyCacheProcessWvtTodos: 0 (was 0) fWinVerifyTrust=0 for '\Device\HarddiskVolume3\Windows\System32\vcruntime140_1.dll' [rescheduled]
1a6c.532c: Detected loader lock ownership: rc=VINF_SUCCESS '\Device\HarddiskVolume3\Windows\System32\vcruntime140_1.dll'.
1a6c.532c: supR3HardenedWinVerifyCacheProcessWvtTodos: 0 (was 0) fWinVerifyTrust=0 for '\Device\HarddiskVolume3\Windows\System32\vcruntime140_1.dll' [rescheduled]
1a6c.532c: supR3HardenedMonitor_LdrLoadDll: returns rcNt=0x0 hMod=00007fff09540000 'C:\Program Files\Oracle\VirtualBox\VBoxRT.dll'
1a6c.532c: Detected loader lock ownership: rc=VINF_SUCCESS '\Device\HarddiskVolume3\Windows\System32\vcruntime140_1.dll'.
1a6c.532c: supR3HardenedWinVerifyCacheProcessWvtTodos: 0 (was 0) fWinVerifyTrust=0 for '\Device\HarddiskVolume3\Windows\System32\vcruntime140_1.dll' [rescheduled]
1a6c.532c: Detected loader lock ownership: rc=VINF_SUCCESS '\Device\HarddiskVolume3\Windows\System32\vcruntime140_1.dll'.
1a6c.532c: supR3HardenedWinVerifyCacheProcessWvtTodos: 0 (was 0) fWinVerifyTrust=0 for '\Device\HarddiskVolume3\Windows\System32\vcruntime140_1.dll' [rescheduled]
1a6c.532c: supR3HardenedMonitor_LdrLoadDll: returns rcNt=0x0 hMod=00007fff09540000 'C:\Program Files\Oracle\VirtualBox\VBoxRT.dll'
1a6c.532c: Detected loader lock ownership: rc=VINF_SUCCESS '\Device\HarddiskVolume3\Windows\System32\vcruntime140_1.dll'.
1a6c.532c: supR3HardenedWinVerifyCacheProcessWvtTodos: 0 (was 0) fWinVerifyTrust=0 for '\Device\HarddiskVolume3\Windows\System32\vcruntime140_1.dll' [rescheduled]
1a6c.532c: Detected loader lock ownership: rc=VINF_SUCCESS '\Device\HarddiskVolume3\Windows\System32\vcruntime140_1.dll'.
1a6c.532c: supR3HardenedWinVerifyCacheProcessWvtTodos: 0 (was 0) fWinVerifyTrust=0 for '\Device\HarddiskVolume3\Windows\System32\vcruntime140_1.dll' [rescheduled]
1a6c.532c: supR3HardenedMonitor_LdrLoadDll: returns rcNt=0x0 hMod=00007fff09540000 'C:\Program Files\Oracle\VirtualBox\VBoxRT.dll'
1a6c.532c: Detected loader lock ownership: rc=VINF_SUCCESS '\Device\HarddiskVolume3\Windows\System32\vcruntime140_1.dll'.
1a6c.532c: supR3HardenedWinVerifyCacheProcessWvtTodos: 0 (was 0) fWinVerifyTrust=0 for '\Device\HarddiskVolume3\Windows\System32\vcruntime140_1.dll' [rescheduled]
1a6c.532c: Detected loader lock ownership: rc=VINF_SUCCESS '\Device\HarddiskVolume3\Windows\System32\vcruntime140_1.dll'.
1a6c.532c: supR3HardenedWinVerifyCacheProcessWvtTodos: 0 (was 0) fWinVerifyTrust=0 for '\Device\HarddiskVolume3\Windows\System32\vcruntime140_1.dll' [rescheduled]
1a6c.532c: supR3HardenedMonitor_LdrLoadDll: returns rcNt=0x0 hMod=00007fff09540000 'C:\Program Files\Oracle\VirtualBox\VBoxRT.dll'
1a6c.532c: Detected loader lock ownership: rc=VINF_SUCCESS '\Device\HarddiskVolume3\Windows\System32\vcruntime140_1.dll'.
1a6c.532c: supR3HardenedWinVerifyCacheProcessWvtTodos: 0 (was 0) fWinVerifyTrust=0 for '\Device\HarddiskVolume3\Windows\System32\vcruntime140_1.dll' [rescheduled]
1a6c.532c: Detected loader lock ownership: rc=VINF_SUCCESS '\Device\HarddiskVolume3\Windows\System32\vcruntime140_1.dll'.
1a6c.532c: supR3HardenedWinVerifyCacheProcessWvtTodos: 0 (was 0) fWinVerifyTrust=0 for '\Device\HarddiskVolume3\Windows\System32\vcruntime140_1.dll' [rescheduled]
1a6c.532c: supR3HardenedScreenImage/LdrLoadDll: cache hit (VINF_SUCCESS) on \Device\HarddiskVolume3\Program Files\Oracle\VirtualBox\VBoxRT.dll
1a6c.532c: supR3HardenedMonitor_LdrLoadDll: pName=C:\Program Files\Oracle\VirtualBox\VBoxRT.dll (rcNtResolve=0xc0150008) *pfFlags=0x0 pwszSearchPath=0000000000000001:<flags> [calling]
1a6c.532c: supR3HardenedMonitor_LdrLoadDll: returns rcNt=0x0 hMod=00007fff09540000 'C:\Program Files\Oracle\VirtualBox\VBoxRT.dll'
1a6c.532c: Detected loader lock ownership: rc=VINF_SUCCESS '\Device\HarddiskVolume3\Windows\System32\vcruntime140_1.dll'.
1a6c.532c: supR3HardenedWinVerifyCacheProcessWvtTodos: 0 (was 0) fWinVerifyTrust=0 for '\Device\HarddiskVolume3\Windows\System32\vcruntime140_1.dll' [rescheduled]
1a6c.532c: Detected loader lock ownership: rc=VINF_SUCCESS '\Device\HarddiskVolume3\Windows\System32\vcruntime140_1.dll'.
1a6c.532c: supR3HardenedWinVerifyCacheProcessWvtTodos: 0 (was 0) fWinVerifyTrust=0 for '\Device\HarddiskVolume3\Windows\System32\vcruntime140_1.dll' [rescheduled]
1a6c.532c: supR3HardenedMonitor_LdrLoadDll: returns rcNt=0x0 hMod=00007fff09540000 'C:\Program Files\Oracle\VirtualBox\VBoxRT.dll'
1a6c.532c: Detected loader lock ownership: rc=VINF_SUCCESS '\Device\HarddiskVolume3\Windows\System32\vcruntime140_1.dll'.
1a6c.532c: supR3HardenedWinVerifyCacheProcessWvtTodos: 0 (was 0) fWinVerifyTrust=0 for '\Device\HarddiskVolume3\Windows\System32\vcruntime140_1.dll' [rescheduled]
1a6c.532c: Detected loader lock ownership: rc=VINF_SUCCESS '\Device\HarddiskVolume3\Windows\System32\vcruntime140_1.dll'.
1a6c.532c: supR3HardenedWinVerifyCacheProcessWvtTodos: 0 (was 0) fWinVerifyTrust=0 for '\Device\HarddiskVolume3\Windows\System32\vcruntime140_1.dll' [rescheduled]
1a6c.532c: supR3HardenedMonitor_LdrLoadDll: returns rcNt=0x0 hMod=00007fff09540000 'C:\Program Files\Oracle\VirtualBox\VBoxRT.dll'
1a6c.532c: Detected loader lock ownership: rc=VINF_SUCCESS '\Device\HarddiskVolume3\Windows\System32\vcruntime140_1.dll'.
1a6c.532c: supR3HardenedWinVerifyCacheProcessWvtTodos: 0 (was 0) fWinVerifyTrust=0 for '\Device\HarddiskVolume3\Windows\System32\vcruntime140_1.dll' [rescheduled]
1a6c.532c: supR3HardenedMonitor_LdrLoadDll: returns rcNt=0x0 hMod=00007fff09540000 'C:\Program Files\Oracle\VirtualBox\VBoxRT.dll'
1a6c.532c: supR3HardenedMonitor_LdrLoadDll: returns rcNt=0x0 hMod=00007fff9c300000 'C:\WINDOWS\system32\rsaenh.dll'
1a6c.532c: supR3HardenedMonitor_LdrLoadDll: returns rcNt=0x0 hMod=00007fff9db90000 'C:\WINDOWS\System32\crypt32.dll'
1a6c.532c: supR3HardenedWinVerifyCacheProcessWvtTodos: 0 (was 0) fWinVerifyTrust=1 for '\Device\HarddiskVolume3\Windows\System32\vcruntime140_1.dll'
1a6c.532c: supR3HardenedScreenImage/LdrLoadDll: cache hit (VINF_SUCCESS) on \Device\HarddiskVolume3\Windows\System32\wintrust.dll
1a6c.532c: supR3HardenedMonitor_LdrLoadDll: pName=C:\WINDOWS\system32\Wintrust.dll (rcNtResolve=0xc0150008) *pfFlags=0x0 pwszSearchPath=0000000000000801:<flags> [calling]
1a6c.532c: supR3HardenedMonitor_LdrLoadDll: returns rcNt=0x0 hMod=00007fff9d980000 'C:\WINDOWS\system32\Wintrust.dll'
1a6c.532c: supR3HardenedMonitor_LdrLoadDll: returns rcNt=0x0 hMod=00007fff9c300000 'C:\WINDOWS\system32\rsaenh.dll'
1a6c.532c: supR3HardenedMonitor_LdrLoadDll: returns rcNt=0x0 hMod=00007fff9db90000 'C:\WINDOWS\System32\crypt32.dll'
1a6c.532c: supR3HardenedMonitor_LdrLoadDll: returns rcNt=0x0 hMod=00007fff9c300000 'C:\WINDOWS\system32\rsaenh.dll'
1a6c.532c: supR3HardenedMonitor_LdrLoadDll: returns rcNt=0x0 hMod=00007fff9db90000 'C:\WINDOWS\System32\crypt32.dll'
1a6c.532c: supR3HardenedMonitor_LdrLoadDll: returns rcNt=0x0 hMod=00007fff9db90000 'C:\WINDOWS\system32\crypt32.dll'
1a6c.532c: SUPR3HardenedMain: Load TrustedMain...
1a6c.f8c: supR3HardenedIsApiSetDll: ApiSetQueryApiSetPresence(api-ms-win-appmodel-runtime-l1-1-2) -> 0x0, fPresent=1
1a6c.f8c: supR3HardenedMonitor_LdrLoadDll: pName=api-ms-win-appmodel-runtime-l1-1-2 (rcNtResolve=0x0) *pfFlags=0x0 pwszSearchPath=0000000000000801:<flags> [calling]
1a6c.f8c: supR3HardenedWinVerifyCacheScheduleImports: Import todo: #8 'msvcrt.dll'.
1a6c.f8c: supHardenedWinVerifyImageByHandle: -> 0 (\Device\HarddiskVolume3\Windows\System32\kernel.appcore.dll)
1a6c.f8c: supR3HardenedWinVerifyCacheInsert: \Device\HarddiskVolume3\Windows\System32\kernel.appcore.dll
1a6c.f8c: supR3HardenedDllNotificationCallback: load   00007fff9c3a0000 LB 0x0001b000 C:\WINDOWS\SYSTEM32\kernel.appcore.dll [fFlags=0x0]
1a6c.f8c: supR3HardenedScreenImage/LdrLoadDll: cache hit (VINF_SUCCESS) on \Device\HarddiskVolume3\Windows\System32\kernel.appcore.dll [avoiding WinVerifyTrust]
1a6c.f8c: supR3HardenedMonitor_LdrLoadDll: returns rcNt=0x0 hMod=00007fff9c3a0000 'api-ms-win-appmodel-runtime-l1-1-2'
1a6c.f8c: supR3HardenedWinVerifyCacheProcessImportTodos: Processing 'msvcrt.dll'...
1a6c.f8c: supR3HardenedWinVerifyCacheProcessImportTodos: 'msvcrt.dll' -> '\Device\HarddiskVolume3\Windows\System32\msvcrt.dll' [rcNtRedir=0xc0150008]
1a6c.f8c: supR3HardenedScreenImage/Imports: cache hit (VINF_SUCCESS) on \Device\HarddiskVolume3\Windows\System32\msvcrt.dll
1a6c.f8c: supR3HardenedMonitor_LdrLoadDll: returns rcNt=0x0 hMod=00007fff9c300000 'C:\WINDOWS\system32\rsaenh.dll'
1a6c.f8c: supR3HardenedMonitor_LdrLoadDll: returns rcNt=0x0 hMod=00007fff9db90000 'C:\WINDOWS\System32\crypt32.dll'
1a6c.f8c: supR3HardenedWinVerifyCacheProcessWvtTodos: 0 (was 0) fWinVerifyTrust=1 for '\Device\HarddiskVolume3\Windows\System32\kernel.appcore.dll'
1a6c.532c: supR3HardenedMonitor_LdrLoadDll: returns rcNt=0x0 hMod=00007fff9c300000 'C:\WINDOWS\system32\rsaenh.dll'
1a6c.532c: supR3HardenedMonitor_LdrLoadDll: returns rcNt=0x0 hMod=00007fff9db90000 'C:\WINDOWS\System32\crypt32.dll'
1a6c.532c: supR3HardenedWinVerifyCacheScheduleImports: Import todo: #0 'uicommon.dll'.
1a6c.532c: supR3HardenedWinVerifyCacheScheduleImports: Import todo: #1 'qt6corevbox.dll'.
1a6c.532c: supR3HardenedWinVerifyCacheScheduleImports: Import todo: #2 'qt6guivbox.dll'.
1a6c.532c: supR3HardenedWinVerifyCacheScheduleImports: Import todo: #3 'qt6widgetsvbox.dll'.
1a6c.532c: supR3HardenedWinVerifyCacheScheduleImports: Import todo: #5 'user32.dll'.
1a6c.532c: supR3HardenedWinVerifyCacheScheduleImports: Import todo: #6 'advapi32.dll'.
1a6c.532c: supR3HardenedWinVerifyCacheScheduleImports: Import todo: #7 'ole32.dll'.
1a6c.532c: supR3HardenedWinVerifyCacheScheduleImports: Import todo: #8 'oleaut32.dll'.
1a6c.532c: supR3HardenedWinVerifyCacheScheduleImports: Import todo: #9 'winmm.dll'.
1a6c.532c: supR3HardenedWinVerifyCacheScheduleImports: Import todo: #14 'vboxrt.dll'.
1a6c.532c: supR3HardenedWinVerifyCacheScheduleImports: Import todo: #15 'vcruntime140.dll'.
1a6c.532c: supR3HardenedWinVerifyCacheScheduleImports: Import todo: #16 'vcruntime140_1.dll'.
1a6c.532c: supR3HardenedWinVerifyCacheScheduleImports: Import todo: #17 'msvcp140.dll'.
1a6c.532c: supHardenedWinVerifyImageByHandle: -> 0 (\Device\HarddiskVolume3\Program Files\Oracle\VirtualBox\VirtualBoxVM.dll) WinVerifyTrust
1a6c.532c: supR3HardenedWinVerifyCacheInsert: \Device\HarddiskVolume3\Program Files\Oracle\VirtualBox\VirtualBoxVM.dll
1a6c.532c: supR3HardenedWinVerifyCacheProcessImportTodos: Processing 'msvcp140.dll'...
1a6c.532c: supR3HardenedWinVerifyCacheProcessImportTodos: 'msvcp140.dll' -> '\Device\HarddiskVolume3\Windows\System32\msvcp140.dll' [rcNtRedir=0xc0150008]
1a6c.532c: supR3HardenedScreenImage/Imports: cache hit (VINF_SUCCESS) on \Device\HarddiskVolume3\Windows\System32\msvcp140.dll
1a6c.532c: supR3HardenedWinVerifyCacheProcessImportTodos: Processing 'vcruntime140_1.dll'...
1a6c.532c: supR3HardenedWinVerifyCacheProcessImportTodos: 'vcruntime140_1.dll' -> '\Device\HarddiskVolume3\Windows\System32\vcruntime140_1.dll' [rcNtRedir=0xc0150008]
1a6c.532c: supR3HardenedScreenImage/Imports: cache hit (VINF_SUCCESS) on \Device\HarddiskVolume3\Windows\System32\vcruntime140_1.dll
1a6c.532c: supR3HardenedWinVerifyCacheProcessImportTodos: Processing 'vcruntime140.dll'...
1a6c.532c: supR3HardenedWinVerifyCacheProcessImportTodos: 'vcruntime140.dll' -> '\Device\HarddiskVolume3\Windows\System32\vcruntime140.dll' [rcNtRedir=0xc0150008]
1a6c.532c: supR3HardenedScreenImage/Imports: cache hit (VINF_SUCCESS) on \Device\HarddiskVolume3\Windows\System32\vcruntime140.dll
1a6c.532c: supR3HardenedWinVerifyCacheProcessImportTodos: Processing 'vboxrt.dll'...
1a6c.532c: supR3HardenedWinVerifyCacheProcessImportTodos: 'vboxrt.dll' -> '\Device\HarddiskVolume3\Program Files\Oracle\VirtualBox\vboxrt.dll' [rcNtRedir=0xc0150008]
1a6c.532c: supR3HardenedWinVerifyCacheProcessImportTodos: Processing 'winmm.dll'...
1a6c.532c: supR3HardenedWinVerifyCacheProcessImportTodos: 'winmm.dll' -> '\Device\HarddiskVolume3\Windows\System32\winmm.dll' [rcNtRedir=0xc0150008]
1a6c.532c: supR3HardenedMonitor_LdrLoadDll: returns rcNt=0x0 hMod=00007fff9c300000 'C:\WINDOWS\system32\rsaenh.dll'
1a6c.532c: supR3HardenedMonitor_LdrLoadDll: returns rcNt=0x0 hMod=00007fff9db90000 'C:\WINDOWS\System32\crypt32.dll'
1a6c.532c: supHardenedWinVerifyImageByHandle: -> 0 (\Device\HarddiskVolume3\Windows\System32\winmm.dll) WinVerifyTrust
1a6c.532c: supR3HardenedWinVerifyCacheInsert: \Device\HarddiskVolume3\Windows\System32\winmm.dll
1a6c.532c: supR3HardenedWinVerifyCacheProcessImportTodos: Processing 'oleaut32.dll'...
1a6c.532c: supR3HardenedWinVerifyCacheProcessImportTodos: 'oleaut32.dll' -> '\Device\HarddiskVolume3\Windows\System32\oleaut32.dll' [rcNtRedir=0xc0150008]
1a6c.532c: supR3HardenedMonitor_LdrLoadDll: returns rcNt=0x0 hMod=00007fff9c300000 'C:\WINDOWS\system32\rsaenh.dll'
1a6c.532c: supR3HardenedMonitor_LdrLoadDll: returns rcNt=0x0 hMod=00007fff9db90000 'C:\WINDOWS\System32\crypt32.dll'
1a6c.532c: supR3HardenedWinVerifyCacheScheduleImports: Import todo: #0 'msvcp_win.dll'.
1a6c.532c: supR3HardenedWinVerifyCacheScheduleImports: Import todo: #5 'combase.dll'.
1a6c.532c: supR3HardenedWinVerifyCacheScheduleImports: Import todo: #26 'rpcrt4.dll'.
1a6c.532c: supHardenedWinVerifyImageByHandle: -> 0 (\Device\HarddiskVolume3\Windows\System32\oleaut32.dll) WinVerifyTrust
1a6c.532c: supR3HardenedWinVerifyCacheInsert: \Device\HarddiskVolume3\Windows\System32\oleaut32.dll
1a6c.532c: supR3HardenedWinVerifyCacheProcessImportTodos: Processing 'ole32.dll'...
1a6c.532c: supR3HardenedWinVerifyCacheProcessImportTodos: 'ole32.dll' -> '\Device\HarddiskVolume3\Windows\System32\ole32.dll' [rcNtRedir=0xc0150008]
1a6c.532c: supR3HardenedWinVerifyCacheProcessImportTodos: Processing 'rpcrt4.dll'...
1a6c.532c: supR3HardenedWinVerifyCacheProcessImportTodos: 'rpcrt4.dll' -> '\Device\HarddiskVolume3\Windows\System32\rpcrt4.dll' [rcNtRedir=0xc0150008]
1a6c.532c: supR3HardenedScreenImage/Imports: cache hit (VINF_SUCCESS) on \Device\HarddiskVolume3\Windows\System32\rpcrt4.dll
1a6c.532c: supR3HardenedWinVerifyCacheProcessImportTodos: Processing 'combase.dll'...
1a6c.532c: supR3HardenedWinVerifyCacheProcessImportTodos: 'combase.dll' -> '\Device\HarddiskVolume3\Windows\System32\combase.dll' [rcNtRedir=0xc0150008]
1a6c.532c: Detected WinVerifyTrust recursion: rc=VINF_SUCCESS '\Device\HarddiskVolume3\Windows\System32\combase.dll'.
1a6c.532c: supR3HardenedWinVerifyCacheScheduleImports: Import todo: #3 'rpcrt4.dll'.
1a6c.532c: supHardenedWinVerifyImageByHandle: -> 0 (\Device\HarddiskVolume3\Windows\System32\combase.dll)
1a6c.532c: supR3HardenedWinVerifyCacheInsert: \Device\HarddiskVolume3\Windows\System32\combase.dll
1a6c.532c: supR3HardenedWinVerifyCacheProcessImportTodos: Processing 'msvcp_win.dll'...
1a6c.532c: supR3HardenedWinVerifyCacheProcessImportTodos: 'msvcp_win.dll' -> '\Device\HarddiskVolume3\Windows\System32\msvcp_win.dll' [rcNtRedir=0xc0150008]
1a6c.532c: supR3HardenedScreenImage/Imports: cache hit (VINF_SUCCESS) on \Device\HarddiskVolume3\Windows\System32\msvcp_win.dll
1a6c.532c: supR3HardenedWinVerifyCacheProcessImportTodos: Processing 'rpcrt4.dll'...
1a6c.532c: supR3HardenedWinVerifyCacheProcessImportTodos: 'rpcrt4.dll' -> '\Device\HarddiskVolume3\Windows\System32\rpcrt4.dll' [rcNtRedir=0xc0150008]
1a6c.532c: supR3HardenedScreenImage/Imports: cache hit (VINF_SUCCESS) on \Device\HarddiskVolume3\Windows\System32\rpcrt4.dll
1a6c.532c: supR3HardenedMonitor_LdrLoadDll: returns rcNt=0x0 hMod=00007fff9c300000 'C:\WINDOWS\system32\rsaenh.dll'
1a6c.532c: supR3HardenedMonitor_LdrLoadDll: returns rcNt=0x0 hMod=00007fff9db90000 'C:\WINDOWS\System32\crypt32.dll'
1a6c.532c: supR3HardenedWinVerifyCacheScheduleImports: Import todo: #0 'msvcp_win.dll'.
1a6c.532c: supR3HardenedWinVerifyCacheScheduleImports: Import todo: #44 'gdi32.dll'.
1a6c.532c: supR3HardenedWinVerifyCacheScheduleImports: Import todo: #45 'user32.dll'.
1a6c.532c: supR3HardenedWinVerifyCacheScheduleImports: Import todo: #46 'combase.dll'.
1a6c.532c: supHardenedWinVerifyImageByHandle: -> 0 (\Device\HarddiskVolume3\Windows\System32\ole32.dll) WinVerifyTrust
1a6c.532c: supR3HardenedWinVerifyCacheInsert: \Device\HarddiskVolume3\Windows\System32\ole32.dll
1a6c.532c: supR3HardenedWinVerifyCacheProcessImportTodos: Processing 'advapi32.dll'...
1a6c.532c: supR3HardenedWinVerifyCacheProcessImportTodos: 'advapi32.dll' -> '\Device\HarddiskVolume3\Windows\System32\advapi32.dll' [rcNtRedir=0xc0150008]
1a6c.532c: supR3HardenedScreenImage/Imports: cache hit (VINF_SUCCESS) on \Device\HarddiskVolume3\Windows\System32\advapi32.dll
1a6c.532c: supR3HardenedWinVerifyCacheProcessImportTodos: Processing 'user32.dll'...
1a6c.532c: supR3HardenedWinVerifyCacheProcessImportTodos: 'user32.dll' -> '\Device\HarddiskVolume3\Windows\System32\user32.dll' [rcNtRedir=0xc0150008]
1a6c.532c: supR3HardenedWinVerifyCacheProcessImportTodos: Processing 'combase.dll'...
1a6c.532c: supR3HardenedWinVerifyCacheProcessImportTodos: 'combase.dll' -> '\Device\HarddiskVolume3\Windows\System32\combase.dll' [rcNtRedir=0xc0150008]
1a6c.532c: supR3HardenedScreenImage/Imports: cache hit (VINF_SUCCESS) on \Device\HarddiskVolume3\Windows\System32\combase.dll [lacks WinVerifyTrust]
1a6c.532c: supR3HardenedWinVerifyCacheProcessImportTodos: Processing 'user32.dll'...
1a6c.532c: supR3HardenedWinVerifyCacheProcessImportTodos: 'user32.dll' -> '\Device\HarddiskVolume3\Windows\System32\user32.dll' [rcNtRedir=0xc0150008]
1a6c.532c: Detected WinVerifyTrust recursion: rc=VINF_SUCCESS '\Device\HarddiskVolume3\Windows\System32\user32.dll'.
1a6c.532c: supR3HardenedWinVerifyCacheScheduleImports: Import todo: #0 'win32u.dll'.
1a6c.532c: supR3HardenedWinVerifyCacheScheduleImports: Import todo: #39 'gdi32.dll'.
1a6c.532c: supHardenedWinVerifyImageByHandle: -> 0 (\Device\HarddiskVolume3\Windows\System32\user32.dll)
1a6c.532c: supR3HardenedWinVerifyCacheInsert: \Device\HarddiskVolume3\Windows\System32\user32.dll
1a6c.532c: supR3HardenedWinVerifyCacheProcessImportTodos: Processing 'gdi32.dll'...
1a6c.532c: supR3HardenedWinVerifyCacheProcessImportTodos: 'gdi32.dll' -> '\Device\HarddiskVolume3\Windows\System32\gdi32.dll' [rcNtRedir=0xc0150008]
1a6c.532c: Detected WinVerifyTrust recursion: rc=VINF_SUCCESS '\Device\HarddiskVolume3\Windows\System32\gdi32.dll'.
1a6c.532c: supR3HardenedWinVerifyCacheScheduleImports: Import todo: #9 'win32u.dll'.
1a6c.532c: supHardenedWinVerifyImageByHandle: -> 0 (\Device\HarddiskVolume3\Windows\System32\gdi32.dll)
1a6c.532c: supR3HardenedWinVerifyCacheInsert: \Device\HarddiskVolume3\Windows\System32\gdi32.dll
1a6c.532c: supR3HardenedWinVerifyCacheProcessImportTodos: Processing 'msvcp_win.dll'...
1a6c.532c: supR3HardenedWinVerifyCacheProcessImportTodos: 'msvcp_win.dll' -> '\Device\HarddiskVolume3\Windows\System32\msvcp_win.dll' [rcNtRedir=0xc0150008]
1a6c.532c: supR3HardenedScreenImage/Imports: cache hit (VINF_SUCCESS) on \Device\HarddiskVolume3\Windows\System32\msvcp_win.dll
1a6c.532c: supR3HardenedWinVerifyCacheProcessImportTodos: Processing 'win32u.dll'...
1a6c.532c: supR3HardenedWinVerifyCacheProcessImportTodos: 'win32u.dll' -> '\Device\HarddiskVolume3\Windows\System32\win32u.dll' [rcNtRedir=0xc0150008]
1a6c.532c: Detected WinVerifyTrust recursion: rc=VINF_SUCCESS '\Device\HarddiskVolume3\Windows\System32\win32u.dll'.
1a6c.532c: supHardenedWinVerifyImageByHandle: -> 0 (\Device\HarddiskVolume3\Windows\System32\win32u.dll)
1a6c.532c: supR3HardenedWinVerifyCacheInsert: \Device\HarddiskVolume3\Windows\System32\win32u.dll
1a6c.532c: supR3HardenedWinVerifyCacheProcessImportTodos: Processing 'gdi32.dll'...
1a6c.532c: supR3HardenedWinVerifyCacheProcessImportTodos: 'gdi32.dll' -> '\Device\HarddiskVolume3\Windows\System32\gdi32.dll' [rcNtRedir=0xc0150008]
1a6c.532c: supR3HardenedScreenImage/Imports: cache hit (VINF_SUCCESS) on \Device\HarddiskVolume3\Windows\System32\gdi32.dll [lacks WinVerifyTrust]
1a6c.532c: supR3HardenedWinVerifyCacheProcessImportTodos: Processing 'win32u.dll'...
1a6c.532c: supR3HardenedWinVerifyCacheProcessImportTodos: 'win32u.dll' -> '\Device\HarddiskVolume3\Windows\System32\win32u.dll' [rcNtRedir=0xc0150008]
1a6c.532c: supR3HardenedScreenImage/Imports: cache hit (VINF_SUCCESS) on \Device\HarddiskVolume3\Windows\System32\win32u.dll [lacks WinVerifyTrust]
1a6c.532c: supR3HardenedMonitor_LdrLoadDll: returns rcNt=0x0 hMod=00007fff9c300000 'C:\WINDOWS\system32\rsaenh.dll'
1a6c.532c: supR3HardenedMonitor_LdrLoadDll: returns rcNt=0x0 hMod=00007fff9db90000 'C:\WINDOWS\System32\crypt32.dll'
1a6c.532c: supR3HardenedWinVerifyCacheScheduleImports: Import todo: #0 'win32u.dll'.
1a6c.532c: supR3HardenedWinVerifyCacheScheduleImports: Import todo: #39 'gdi32.dll'.
1a6c.532c: supHardenedWinVerifyImageByHandle: -> 0 (\Device\HarddiskVolume3\Windows\System32\user32.dll) WinVerifyTrust
1a6c.532c: supR3HardenedWinVerifyCacheProcessImportTodos: Processing 'qt6widgetsvbox.dll'...
1a6c.532c: supR3HardenedWinVerifyCacheProcessImportTodos: 'qt6widgetsvbox.dll' -> '\Device\HarddiskVolume3\Program Files\Oracle\VirtualBox\qt6widgetsvbox.dll' [rcNtRedir=0xc0150008]
1a6c.532c: supR3HardenedWinVerifyCacheProcessImportTodos: Processing 'gdi32.dll'...
1a6c.532c: supR3HardenedWinVerifyCacheProcessImportTodos: 'gdi32.dll' -> '\Device\HarddiskVolume3\Windows\System32\gdi32.dll' [rcNtRedir=0xc0150008]
1a6c.532c: supR3HardenedScreenImage/Imports: cache hit (VINF_SUCCESS) on \Device\HarddiskVolume3\Windows\System32\gdi32.dll [lacks WinVerifyTrust]
1a6c.532c: supR3HardenedWinVerifyCacheProcessImportTodos: Processing 'win32u.dll'...
1a6c.532c: supR3HardenedWinVerifyCacheProcessImportTodos: 'win32u.dll' -> '\Device\HarddiskVolume3\Windows\System32\win32u.dll' [rcNtRedir=0xc0150008]
1a6c.532c: supR3HardenedScreenImage/Imports: cache hit (VINF_SUCCESS) on \Device\HarddiskVolume3\Windows\System32\win32u.dll [lacks WinVerifyTrust]
1a6c.532c: supR3HardenedMonitor_LdrLoadDll: returns rcNt=0x0 hMod=00007fff9c300000 'C:\WINDOWS\system32\rsaenh.dll'
1a6c.532c: supR3HardenedMonitor_LdrLoadDll: returns rcNt=0x0 hMod=00007fff9db90000 'C:\WINDOWS\System32\crypt32.dll'
1a6c.532c: supR3HardenedWinVerifyCacheScheduleImports: Import todo: #0 'dwmapi.dll'.
1a6c.532c: supR3HardenedWinVerifyCacheScheduleImports: Import todo: #1 'uxtheme.dll'.
1a6c.532c: supR3HardenedWinVerifyCacheScheduleImports: Import todo: #2 'qt6guivbox.dll'.
1a6c.532c: supR3HardenedWinVerifyCacheScheduleImports: Import todo: #3 'qt6corevbox.dll'.
1a6c.532c: supR3HardenedWinVerifyCacheScheduleImports: Import todo: #5 'user32.dll'.
1a6c.532c: supR3HardenedWinVerifyCacheScheduleImports: Import todo: #6 'gdi32.dll'.
1a6c.532c: supR3HardenedWinVerifyCacheScheduleImports: Import todo: #7 'msvcp140.dll'.
1a6c.532c: supR3HardenedWinVerifyCacheScheduleImports: Import todo: #8 'msvcp140_1.dll'.
1a6c.532c: supR3HardenedWinVerifyCacheScheduleImports: Import todo: #9 'vcruntime140.dll'.
1a6c.532c: supR3HardenedWinVerifyCacheScheduleImports: Import todo: #10 'vcruntime140_1.dll'.
1a6c.532c: supHardenedWinVerifyImageByHandle: -> 0 (\Device\HarddiskVolume3\Program Files\Oracle\VirtualBox\Qt6WidgetsVBox.dll) WinVerifyTrust
1a6c.532c: supR3HardenedWinVerifyCacheInsert: \Device\HarddiskVolume3\Program Files\Oracle\VirtualBox\Qt6WidgetsVBox.dll
1a6c.532c: supR3HardenedWinVerifyCacheProcessImportTodos: Processing 'qt6guivbox.dll'...
1a6c.532c: supR3HardenedWinVerifyCacheProcessImportTodos: 'qt6guivbox.dll' -> '\Device\HarddiskVolume3\Program Files\Oracle\VirtualBox\qt6guivbox.dll' [rcNtRedir=0xc0150008]
1a6c.532c: supR3HardenedWinVerifyCacheProcessImportTodos: Processing 'vcruntime140_1.dll'...
1a6c.532c: supR3HardenedWinVerifyCacheProcessImportTodos: 'vcruntime140_1.dll' -> '\Device\HarddiskVolume3\Windows\System32\vcruntime140_1.dll' [rcNtRedir=0xc0150008]
1a6c.532c: supR3HardenedScreenImage/Imports: cache hit (VINF_SUCCESS) on \Device\HarddiskVolume3\Windows\System32\vcruntime140_1.dll
1a6c.532c: supR3HardenedWinVerifyCacheProcessImportTodos: Processing 'vcruntime140.dll'...
1a6c.532c: supR3HardenedWinVerifyCacheProcessImportTodos: 'vcruntime140.dll' -> '\Device\HarddiskVolume3\Windows\System32\vcruntime140.dll' [rcNtRedir=0xc0150008]
1a6c.532c: supR3HardenedScreenImage/Imports: cache hit (VINF_SUCCESS) on \Device\HarddiskVolume3\Windows\System32\vcruntime140.dll
1a6c.532c: supR3HardenedWinVerifyCacheProcessImportTodos: Processing 'msvcp140_1.dll'...
1a6c.532c: supR3HardenedWinVerifyCacheProcessImportTodos: 'msvcp140_1.dll' -> '\Device\HarddiskVolume3\Windows\System32\msvcp140_1.dll' [rcNtRedir=0xc0150008]
1a6c.532c: Detected WinVerifyTrust recursion: rc=VINF_SUCCESS '\Device\HarddiskVolume3\Windows\System32\msvcp140_1.dll'.
1a6c.532c: supR3HardenedWinVerifyCacheScheduleImports: Import todo: #0 'msvcp140.dll'.
1a6c.532c: supR3HardenedWinVerifyCacheScheduleImports: Import todo: #1 'vcruntime140.dll'.
1a6c.532c: supHardenedWinVerifyImageByHandle: -> 0 (\Device\HarddiskVolume3\Windows\System32\msvcp140_1.dll)
1a6c.532c: supR3HardenedWinVerifyCacheInsert: \Device\HarddiskVolume3\Windows\System32\msvcp140_1.dll
1a6c.532c: supR3HardenedWinVerifyCacheProcessImportTodos: Processing 'msvcp140.dll'...
1a6c.532c: supR3HardenedWinVerifyCacheProcessImportTodos: 'msvcp140.dll' -> '\Device\HarddiskVolume3\Windows\System32\msvcp140.dll' [rcNtRedir=0xc0150008]
1a6c.532c: supR3HardenedScreenImage/Imports: cache hit (VINF_SUCCESS) on \Device\HarddiskVolume3\Windows\System32\msvcp140.dll
1a6c.532c: supR3HardenedWinVerifyCacheProcessImportTodos: Processing 'gdi32.dll'...
1a6c.532c: supR3HardenedWinVerifyCacheProcessImportTodos: 'gdi32.dll' -> '\Device\HarddiskVolume3\Windows\System32\gdi32.dll' [rcNtRedir=0xc0150008]
1a6c.532c: supR3HardenedScreenImage/Imports: cache hit (VINF_SUCCESS) on \Device\HarddiskVolume3\Windows\System32\gdi32.dll [lacks WinVerifyTrust]
1a6c.532c: supR3HardenedWinVerifyCacheProcessImportTodos: Processing 'user32.dll'...
1a6c.532c: supR3HardenedWinVerifyCacheProcessImportTodos: 'user32.dll' -> '\Device\HarddiskVolume3\Windows\System32\user32.dll' [rcNtRedir=0xc0150008]
1a6c.532c: supR3HardenedScreenImage/Imports: cache hit (VINF_SUCCESS) on \Device\HarddiskVolume3\Windows\System32\user32.dll [lacks WinVerifyTrust]
1a6c.532c: supR3HardenedWinVerifyCacheProcessImportTodos: Processing 'qt6corevbox.dll'...
1a6c.532c: supR3HardenedWinVerifyCacheProcessImportTodos: 'qt6corevbox.dll' -> '\Device\HarddiskVolume3\Program Files\Oracle\VirtualBox\qt6corevbox.dll' [rcNtRedir=0xc0150008]
1a6c.532c: Detected WinVerifyTrust recursion: rc=VINF_SUCCESS '\Device\HarddiskVolume3\Program Files\Oracle\VirtualBox\Qt6CoreVBox.dll'.
1a6c.532c: supR3HardenedWinVerifyCacheScheduleImports: Import todo: #1 'mpr.dll'.
1a6c.532c: supR3HardenedWinVerifyCacheScheduleImports: Import todo: #2 'userenv.dll'.
1a6c.532c: supR3HardenedWinVerifyCacheScheduleImports: Import todo: #3 'advapi32.dll'.
1a6c.532c: supR3HardenedWinVerifyCacheScheduleImports: Import todo: #4 'authz.dll'.
1a6c.532c: supR3HardenedWinVerifyCacheScheduleImports: Import todo: #6 'netapi32.dll'.
1a6c.532c: supR3HardenedWinVerifyCacheScheduleImports: Import todo: #7 'ole32.dll'.
1a6c.532c: supR3HardenedWinVerifyCacheScheduleImports: Import todo: #8 'shell32.dll'.
1a6c.532c: supR3HardenedWinVerifyCacheScheduleImports: Import todo: #9 'user32.dll'.
1a6c.532c: supR3HardenedWinVerifyCacheScheduleImports: Import todo: #10 'version.dll'.
1a6c.532c: supR3HardenedWinVerifyCacheScheduleImports: Import todo: #11 'winmm.dll'.
1a6c.532c: supR3HardenedWinVerifyCacheScheduleImports: Import todo: #12 'ws2_32.dll'.
1a6c.532c: supR3HardenedWinVerifyCacheScheduleImports: Import todo: #13 'msvcp140.dll'.
1a6c.532c: supR3HardenedWinVerifyCacheScheduleImports: Import todo: #14 'msvcp140_1.dll'.
1a6c.532c: supR3HardenedWinVerifyCacheScheduleImports: Import todo: #15 'vcruntime140_1.dll'.
1a6c.532c: supR3HardenedWinVerifyCacheScheduleImports: Import todo: #16 'vcruntime140.dll'.
1a6c.532c: supHardenedWinVerifyImageByHandle: -> 0 (\Device\HarddiskVolume3\Program Files\Oracle\VirtualBox\Qt6CoreVBox.dll)
1a6c.532c: supR3HardenedWinVerifyCacheInsert: \Device\HarddiskVolume3\Program Files\Oracle\VirtualBox\Qt6CoreVBox.dll
1a6c.532c: supR3HardenedWinVerifyCacheProcessImportTodos: Processing 'qt6guivbox.dll'...
1a6c.532c: supR3HardenedWinVerifyCacheProcessImportTodos: 'qt6guivbox.dll' -> '\Device\HarddiskVolume3\Program Files\Oracle\VirtualBox\qt6guivbox.dll' [rcNtRedir=0xc0150008]
1a6c.532c: Detected WinVerifyTrust recursion: rc=VINF_SUCCESS '\Device\HarddiskVolume3\Program Files\Oracle\VirtualBox\Qt6GuiVBox.dll'.
1a6c.532c: supR3HardenedWinVerifyCacheScheduleImports: Import todo: #0 'd3d11.dll'.
1a6c.532c: supR3HardenedWinVerifyCacheScheduleImports: Import todo: #1 'dxgi.dll'.
1a6c.532c: supR3HardenedWinVerifyCacheScheduleImports: Import todo: #2 'd3d12.dll'.
1a6c.532c: supR3HardenedWinVerifyCacheScheduleImports: Import todo: #3 'gdi32.dll'.
1a6c.532c: supR3HardenedWinVerifyCacheScheduleImports: Import todo: #4 'ole32.dll'.
1a6c.532c: supR3HardenedWinVerifyCacheScheduleImports: Import todo: #5 'shell32.dll'.
1a6c.532c: supR3HardenedWinVerifyCacheScheduleImports: Import todo: #6 'user32.dll'.
1a6c.532c: supR3HardenedWinVerifyCacheScheduleImports: Import todo: #7 'uxtheme.dll'.
1a6c.532c: supR3HardenedWinVerifyCacheScheduleImports: Import todo: #8 'dwrite.dll'.
1a6c.532c: supR3HardenedWinVerifyCacheScheduleImports: Import todo: #9 'qt6corevbox.dll'.
1a6c.532c: supR3HardenedWinVerifyCacheScheduleImports: Import todo: #11 'msvcp140.dll'.
1a6c.532c: supR3HardenedWinVerifyCacheScheduleImports: Import todo: #12 'msvcp140_1.dll'.
1a6c.532c: supR3HardenedWinVerifyCacheScheduleImports: Import todo: #13 'msvcp140_2.dll'.
1a6c.532c: supR3HardenedWinVerifyCacheScheduleImports: Import todo: #14 'vcruntime140.dll'.
1a6c.532c: supR3HardenedWinVerifyCacheScheduleImports: Import todo: #15 'vcruntime140_1.dll'.
1a6c.532c: supHardenedWinVerifyImageByHandle: -> 0 (\Device\HarddiskVolume3\Program Files\Oracle\VirtualBox\Qt6GuiVBox.dll)
1a6c.532c: supR3HardenedWinVerifyCacheInsert: \Device\HarddiskVolume3\Program Files\Oracle\VirtualBox\Qt6GuiVBox.dll
1a6c.532c: supR3HardenedWinVerifyCacheProcessImportTodos: Processing 'uxtheme.dll'...
1a6c.532c: supR3HardenedWinVerifyCacheProcessImportTodos: 'uxtheme.dll' -> '\Device\HarddiskVolume3\Windows\System32\uxtheme.dll' [rcNtRedir=0xc0150008]
1a6c.532c: Detected WinVerifyTrust recursion: rc=22900 '\Device\HarddiskVolume3\Windows\System32\uxtheme.dll'.
1a6c.532c: supR3HardenedWinVerifyCacheScheduleImports: Import todo: #39 'gdi32.dll'.
1a6c.532c: supR3HardenedWinVerifyCacheScheduleImports: Import todo: #40 'user32.dll'.
1a6c.532c: supHardenedWinVerifyImageByHandle: -> 22900 (\Device\HarddiskVolume3\Windows\System32\uxtheme.dll)
1a6c.532c: supR3HardenedWinVerifyCacheInsert: \Device\HarddiskVolume3\Windows\System32\uxtheme.dll
1a6c.532c: supR3HardenedWinVerifyCacheProcessImportTodos: Processing 'dwmapi.dll'...
1a6c.532c: supR3HardenedWinVerifyCacheProcessImportTodos: 'dwmapi.dll' -> '\Device\HarddiskVolume3\Windows\System32\dwmapi.dll' [rcNtRedir=0xc0150008]
1a6c.532c: Detected WinVerifyTrust recursion: rc=VINF_SUCCESS '\Device\HarddiskVolume3\Windows\System32\dwmapi.dll'.
1a6c.532c: supR3HardenedWinVerifyCacheScheduleImports: Import todo: #24 'win32u.dll'.
1a6c.532c: supR3HardenedWinVerifyCacheScheduleImports: Import todo: #25 'user32.dll'.
1a6c.532c: supR3HardenedWinVerifyCacheScheduleImports: Import todo: #26 'gdi32.dll'.
1a6c.532c: supHardenedWinVerifyImageByHandle: -> 0 (\Device\HarddiskVolume3\Windows\System32\dwmapi.dll)
1a6c.532c: supR3HardenedWinVerifyCacheInsert: \Device\HarddiskVolume3\Windows\System32\dwmapi.dll
1a6c.532c: supR3HardenedWinVerifyCacheProcessImportTodos: Processing 'gdi32.dll'...
1a6c.532c: supR3HardenedWinVerifyCacheProcessImportTodos: 'gdi32.dll' -> '\Device\HarddiskVolume3\Windows\System32\gdi32.dll' [rcNtRedir=0xc0150008]
1a6c.532c: supR3HardenedScreenImage/Imports: cache hit (VINF_SUCCESS) on \Device\HarddiskVolume3\Windows\System32\gdi32.dll [lacks WinVerifyTrust]
1a6c.532c: supR3HardenedWinVerifyCacheProcessImportTodos: Processing 'user32.dll'...
1a6c.532c: supR3HardenedWinVerifyCacheProcessImportTodos: 'user32.dll' -> '\Device\HarddiskVolume3\Windows\System32\user32.dll' [rcNtRedir=0xc0150008]
1a6c.532c: supR3HardenedScreenImage/Imports: cache hit (VINF_SUCCESS) on \Device\HarddiskVolume3\Windows\System32\user32.dll [lacks WinVerifyTrust]
1a6c.532c: supR3HardenedWinVerifyCacheProcessImportTodos: Processing 'win32u.dll'...
1a6c.532c: supR3HardenedWinVerifyCacheProcessImportTodos: 'win32u.dll' -> '\Device\HarddiskVolume3\Windows\System32\win32u.dll' [rcNtRedir=0xc0150008]
1a6c.532c: supR3HardenedScreenImage/Imports: cache hit (VINF_SUCCESS) on \Device\HarddiskVolume3\Windows\System32\win32u.dll [lacks WinVerifyTrust]
1a6c.532c: supR3HardenedWinVerifyCacheProcessImportTodos: Processing 'user32.dll'...
1a6c.532c: supR3HardenedWinVerifyCacheProcessImportTodos: 'user32.dll' -> '\Device\HarddiskVolume3\Windows\System32\user32.dll' [rcNtRedir=0xc0150008]
1a6c.532c: supR3HardenedScreenImage/Imports: cache hit (VINF_SUCCESS) on \Device\HarddiskVolume3\Windows\System32\user32.dll [lacks WinVerifyTrust]
1a6c.532c: supR3HardenedWinVerifyCacheProcessImportTodos: Processing 'gdi32.dll'...
1a6c.532c: supR3HardenedWinVerifyCacheProcessImportTodos: 'gdi32.dll' -> '\Device\HarddiskVolume3\Windows\System32\gdi32.dll' [rcNtRedir=0xc0150008]
1a6c.532c: supR3HardenedScreenImage/Imports: cache hit (VINF_SUCCESS) on \Device\HarddiskVolume3\Windows\System32\gdi32.dll [lacks WinVerifyTrust]
1a6c.532c: supR3HardenedWinVerifyCacheProcessImportTodos: Processing 'vcruntime140_1.dll'...
1a6c.532c: supR3HardenedWinVerifyCacheProcessImportTodos: 'vcruntime140_1.dll' -> '\Device\HarddiskVolume3\Windows\System32\vcruntime140_1.dll' [rcNtRedir=0xc0150008]
1a6c.532c: supR3HardenedScreenImage/Imports: cache hit (VINF_SUCCESS) on \Device\HarddiskVolume3\Windows\System32\vcruntime140_1.dll
1a6c.532c: supR3HardenedWinVerifyCacheProcessImportTodos: Processing 'vcruntime140.dll'...
1a6c.532c: supR3HardenedWinVerifyCacheProcessImportTodos: 'vcruntime140.dll' -> '\Device\HarddiskVolume3\Windows\System32\vcruntime140.dll' [rcNtRedir=0xc0150008]
1a6c.532c: supR3HardenedScreenImage/Imports: cache hit (VINF_SUCCESS) on \Device\HarddiskVolume3\Windows\System32\vcruntime140.dll
1a6c.532c: supR3HardenedWinVerifyCacheProcessImportTodos: Processing 'msvcp140_2.dll'...
1a6c.532c: supR3HardenedWinVerifyCacheProcessImportTodos: 'msvcp140_2.dll' -> '\Device\HarddiskVolume3\Windows\System32\msvcp140_2.dll' [rcNtRedir=0xc0150008]
1a6c.532c: Detected WinVerifyTrust recursion: rc=VINF_SUCCESS '\Device\HarddiskVolume3\Windows\System32\msvcp140_2.dll'.
1a6c.532c: supR3HardenedWinVerifyCacheScheduleImports: Import todo: #0 'msvcp140.dll'.
1a6c.532c: supR3HardenedWinVerifyCacheScheduleImports: Import todo: #1 'vcruntime140.dll'.
1a6c.532c: supR3HardenedWinVerifyCacheScheduleImports: Import todo: #2 'vcruntime140_1.dll'.
1a6c.532c: supHardenedWinVerifyImageByHandle: -> 0 (\Device\HarddiskVolume3\Windows\System32\msvcp140_2.dll)
1a6c.532c: supR3HardenedWinVerifyCacheInsert: \Device\HarddiskVolume3\Windows\System32\msvcp140_2.dll
1a6c.532c: supR3HardenedWinVerifyCacheProcessImportTodos: Processing 'msvcp140_1.dll'...
1a6c.532c: supR3HardenedWinVerifyCacheProcessImportTodos: 'msvcp140_1.dll' -> '\Device\HarddiskVolume3\Windows\System32\msvcp140_1.dll' [rcNtRedir=0xc0150008]
1a6c.532c: supR3HardenedScreenImage/Imports: cache hit (VINF_SUCCESS) on \Device\HarddiskVolume3\Windows\System32\msvcp140_1.dll [lacks WinVerifyTrust]
1a6c.532c: supR3HardenedWinVerifyCacheProcessImportTodos: Processing 'msvcp140.dll'...
1a6c.532c: supR3HardenedWinVerifyCacheProcessImportTodos: 'msvcp140.dll' -> '\Device\HarddiskVolume3\Windows\System32\msvcp140.dll' [rcNtRedir=0xc0150008]
1a6c.532c: supR3HardenedScreenImage/Imports: cache hit (VINF_SUCCESS) on \Device\HarddiskVolume3\Windows\System32\msvcp140.dll
1a6c.532c: supR3HardenedWinVerifyCacheProcessImportTodos: Processing 'qt6corevbox.dll'...
1a6c.532c: supR3HardenedWinVerifyCacheProcessImportTodos: 'qt6corevbox.dll' -> '\Device\HarddiskVolume3\Program Files\Oracle\VirtualBox\qt6corevbox.dll' [rcNtRedir=0xc0150008]
1a6c.532c: supR3HardenedScreenImage/Imports: cache hit (VINF_SUCCESS) on \Device\HarddiskVolume3\Program Files\Oracle\VirtualBox\Qt6CoreVBox.dll [lacks WinVerifyTrust]
1a6c.532c: supR3HardenedWinVerifyCacheProcessImportTodos: Processing 'dwrite.dll'...
1a6c.532c: supR3HardenedWinVerifyCacheProcessImportTodos: 'dwrite.dll' -> '\Device\HarddiskVolume3\Windows\System32\dwrite.dll' [rcNtRedir=0xc0150008]
1a6c.532c: Detected WinVerifyTrust recursion: rc=22900 '\Device\HarddiskVolume3\Windows\System32\DWrite.dll'.
1a6c.532c: supR3HardenedWinVerifyCacheScheduleImports: Import todo: #22 'rpcrt4.dll'.
1a6c.532c: supR3HardenedWinVerifyCacheScheduleImports: Import todo: #28 'msvcp_win.dll'.
1a6c.532c: supHardenedWinVerifyImageByHandle: -> 22900 (\Device\HarddiskVolume3\Windows\System32\DWrite.dll)
1a6c.532c: supR3HardenedWinVerifyCacheInsert: \Device\HarddiskVolume3\Windows\System32\DWrite.dll
1a6c.532c: supR3HardenedWinVerifyCacheProcessImportTodos: Processing 'uxtheme.dll'...
1a6c.532c: supR3HardenedWinVerifyCacheProcessImportTodos: 'uxtheme.dll' -> '\Device\HarddiskVolume3\Windows\System32\uxtheme.dll' [rcNtRedir=0xc0150008]
1a6c.532c: supR3HardenedScreenImage/Imports: cache hit (22900) on \Device\HarddiskVolume3\Windows\System32\uxtheme.dll [lacks WinVerifyTrust]
1a6c.532c: supR3HardenedWinVerifyCacheProcessImportTodos: Processing 'user32.dll'...
1a6c.532c: supR3HardenedWinVerifyCacheProcessImportTodos: 'user32.dll' -> '\Device\HarddiskVolume3\Windows\System32\user32.dll' [rcNtRedir=0xc0150008]
1a6c.532c: supR3HardenedScreenImage/Imports: cache hit (VINF_SUCCESS) on \Device\HarddiskVolume3\Windows\System32\user32.dll [lacks WinVerifyTrust]
1a6c.532c: supR3HardenedWinVerifyCacheProcessImportTodos: Processing 'shell32.dll'...
1a6c.532c: supR3HardenedWinVerifyCacheProcessImportTodos: 'shell32.dll' -> '\Device\HarddiskVolume3\Windows\System32\shell32.dll' [rcNtRedir=0xc0150008]
1a6c.532c: Detected WinVerifyTrust recursion: rc=VINF_SUCCESS '\Device\HarddiskVolume3\Windows\System32\shell32.dll'.
1a6c.532c: supR3HardenedWinVerifyCacheScheduleImports: Import todo: #0 'msvcp_win.dll'.
1a6c.532c: supR3HardenedWinVerifyCacheScheduleImports: Import todo: #72 'user32.dll'.
1a6c.532c: supR3HardenedWinVerifyCacheScheduleImports: Import todo: #74 'gdi32.dll'.
1a6c.532c: supHardenedWinVerifyImageByHandle: -> 0 (\Device\HarddiskVolume3\Windows\System32\shell32.dll)
1a6c.532c: supR3HardenedWinVerifyCacheInsert: \Device\HarddiskVolume3\Windows\System32\shell32.dll
1a6c.532c: supR3HardenedWinVerifyCacheProcessImportTodos: Processing 'ole32.dll'...
1a6c.532c: supR3HardenedWinVerifyCacheProcessImportTodos: 'ole32.dll' -> '\Device\HarddiskVolume3\Windows\System32\ole32.dll' [rcNtRedir=0xc0150008]
1a6c.532c: supR3HardenedScreenImage/Imports: cache hit (VINF_SUCCESS) on \Device\HarddiskVolume3\Windows\System32\ole32.dll
1a6c.532c: supR3HardenedWinVerifyCacheProcessImportTodos: Processing 'gdi32.dll'...
1a6c.532c: supR3HardenedWinVerifyCacheProcessImportTodos: 'gdi32.dll' -> '\Device\HarddiskVolume3\Windows\System32\gdi32.dll' [rcNtRedir=0xc0150008]
1a6c.532c: supR3HardenedScreenImage/Imports: cache hit (VINF_SUCCESS) on \Device\HarddiskVolume3\Windows\System32\gdi32.dll [lacks WinVerifyTrust]
1a6c.532c: supR3HardenedWinVerifyCacheProcessImportTodos: Processing 'd3d12.dll'...
1a6c.532c: supR3HardenedWinVerifyCacheProcessImportTodos: 'd3d12.dll' -> '\Device\HarddiskVolume3\Windows\System32\d3d12.dll' [rcNtRedir=0xc0150008]
1a6c.532c: Detected WinVerifyTrust recursion: rc=VINF_SUCCESS '\Device\HarddiskVolume3\Windows\System32\D3D12.dll'.
1a6c.532c: supR3HardenedWinVerifyCacheScheduleImports: Import todo: #0 'msvcp_win.dll'.
1a6c.532c: supHardenedWinVerifyImageByHandle: -> 0 (\Device\HarddiskVolume3\Windows\System32\D3D12.dll)
1a6c.532c: supR3HardenedWinVerifyCacheInsert: \Device\HarddiskVolume3\Windows\System32\D3D12.dll
1a6c.532c: supR3HardenedWinVerifyCacheProcessImportTodos: Processing 'dxgi.dll'...
1a6c.532c: supR3HardenedWinVerifyCacheProcessImportTodos: 'dxgi.dll' -> '\Device\HarddiskVolume3\Windows\System32\dxgi.dll' [rcNtRedir=0xc0150008]
1a6c.532c: Detected WinVerifyTrust recursion: rc=VINF_SUCCESS '\Device\HarddiskVolume3\Windows\System32\dxgi.dll'.
1a6c.532c: supR3HardenedWinVerifyCacheScheduleImports: Import todo: #0 'msvcp_win.dll'.
1a6c.532c: supR3HardenedWinVerifyCacheScheduleImports: Import todo: #6 'win32u.dll'.
1a6c.532c: supHardenedWinVerifyImageByHandle: -> 0 (\Device\HarddiskVolume3\Windows\System32\dxgi.dll)
1a6c.532c: supR3HardenedWinVerifyCacheInsert: \Device\HarddiskVolume3\Windows\System32\dxgi.dll
1a6c.532c: supR3HardenedWinVerifyCacheProcessImportTodos: Processing 'd3d11.dll'...
1a6c.532c: supR3HardenedWinVerifyCacheProcessImportTodos: 'd3d11.dll' -> '\Device\HarddiskVolume3\Windows\System32\d3d11.dll' [rcNtRedir=0xc0150008]
1a6c.532c: Detected WinVerifyTrust recursion: rc=VINF_SUCCESS '\Device\HarddiskVolume3\Windows\System32\d3d11.dll'.
1a6c.532c: supR3HardenedWinVerifyCacheScheduleImports: Import todo: #0 'msvcp_win.dll'.
1a6c.532c: supR3HardenedWinVerifyCacheScheduleImports: Import todo: #29 'dxgi.dll'.
1a6c.532c: supR3HardenedWinVerifyCacheScheduleImports: Import todo: #31 'win32u.dll'.
1a6c.532c: supHardenedWinVerifyImageByHandle: -> 0 (\Device\HarddiskVolume3\Windows\System32\d3d11.dll)
1a6c.532c: supR3HardenedWinVerifyCacheInsert: \Device\HarddiskVolume3\Windows\System32\d3d11.dll
1a6c.532c: supR3HardenedWinVerifyCacheProcessImportTodos: Processing 'vcruntime140.dll'...
1a6c.532c: supR3HardenedWinVerifyCacheProcessImportTodos: 'vcruntime140.dll' -> '\Device\HarddiskVolume3\Windows\System32\vcruntime140.dll' [rcNtRedir=0xc0150008]
1a6c.532c: supR3HardenedWinVerifyCacheProcessImportTodos: Processing 'vcruntime140_1.dll'...
1a6c.532c: supR3HardenedWinVerifyCacheProcessImportTodos: 'vcruntime140_1.dll' -> '\Device\HarddiskVolume3\Windows\System32\vcruntime140_1.dll' [rcNtRedir=0xc0150008]
1a6c.532c: supR3HardenedScreenImage/Imports: cache hit (VINF_SUCCESS) on \Device\HarddiskVolume3\Windows\System32\vcruntime140_1.dll
1a6c.532c: supR3HardenedWinVerifyCacheProcessImportTodos: Processing 'msvcp140_1.dll'...
1a6c.532c: supR3HardenedWinVerifyCacheProcessImportTodos: 'msvcp140_1.dll' -> '\Device\HarddiskVolume3\Windows\System32\msvcp140_1.dll' [rcNtRedir=0xc0150008]
1a6c.532c: supR3HardenedScreenImage/Imports: cache hit (VINF_SUCCESS) on \Device\HarddiskVolume3\Windows\System32\msvcp140_1.dll [lacks WinVerifyTrust]
1a6c.532c: supR3HardenedWinVerifyCacheProcessImportTodos: Processing 'msvcp140.dll'...
1a6c.532c: supR3HardenedWinVerifyCacheProcessImportTodos: 'msvcp140.dll' -> '\Device\HarddiskVolume3\Windows\System32\msvcp140.dll' [rcNtRedir=0xc0150008]
1a6c.532c: supR3HardenedScreenImage/Imports: cache hit (VINF_SUCCESS) on \Device\HarddiskVolume3\Windows\System32\msvcp140.dll
1a6c.532c: supR3HardenedWinVerifyCacheProcessImportTodos: Processing 'ws2_32.dll'...
1a6c.532c: supR3HardenedWinVerifyCacheProcessImportTodos: 'ws2_32.dll' -> '\Device\HarddiskVolume3\Windows\System32\ws2_32.dll' [rcNtRedir=0xc0150008]
1a6c.532c: supR3HardenedScreenImage/Imports: cache hit (VINF_SUCCESS) on \Device\HarddiskVolume3\Windows\System32\ws2_32.dll
1a6c.532c: supR3HardenedWinVerifyCacheProcessImportTodos: Processing 'winmm.dll'...
1a6c.532c: supR3HardenedWinVerifyCacheProcessImportTodos: 'winmm.dll' -> '\Device\HarddiskVolume3\Windows\System32\winmm.dll' [rcNtRedir=0xc0150008]
1a6c.532c: supR3HardenedScreenImage/Imports: cache hit (VINF_SUCCESS) on \Device\HarddiskVolume3\Windows\System32\winmm.dll
1a6c.532c: supR3HardenedWinVerifyCacheProcessImportTodos: Processing 'version.dll'...
1a6c.532c: supR3HardenedWinVerifyCacheProcessImportTodos: 'version.dll' -> '\Device\HarddiskVolume3\Windows\System32\version.dll' [rcNtRedir=0xc0150008]
1a6c.532c: Detected WinVerifyTrust recursion: rc=VINF_SUCCESS '\Device\HarddiskVolume3\Windows\System32\version.dll'.
1a6c.532c: supR3HardenedWinVerifyCacheScheduleImports: Import todo: #0 'msvcrt.dll'.
1a6c.532c: supHardenedWinVerifyImageByHandle: -> 0 (\Device\HarddiskVolume3\Windows\System32\version.dll)
1a6c.532c: supR3HardenedWinVerifyCacheInsert: \Device\HarddiskVolume3\Windows\System32\version.dll
1a6c.532c: supR3HardenedWinVerifyCacheProcessImportTodos: Processing 'user32.dll'...
1a6c.532c: supR3HardenedWinVerifyCacheProcessImportTodos: 'user32.dll' -> '\Device\HarddiskVolume3\Windows\System32\user32.dll' [rcNtRedir=0xc0150008]
1a6c.532c: supR3HardenedScreenImage/Imports: cache hit (VINF_SUCCESS) on \Device\HarddiskVolume3\Windows\System32\user32.dll [lacks WinVerifyTrust]
1a6c.532c: supR3HardenedWinVerifyCacheProcessImportTodos: Processing 'shell32.dll'...
1a6c.532c: supR3HardenedWinVerifyCacheProcessImportTodos: 'shell32.dll' -> '\Device\HarddiskVolume3\Windows\System32\shell32.dll' [rcNtRedir=0xc0150008]
1a6c.532c: supR3HardenedScreenImage/Imports: cache hit (VINF_SUCCESS) on \Device\HarddiskVolume3\Windows\System32\shell32.dll [lacks WinVerifyTrust]
1a6c.532c: supR3HardenedWinVerifyCacheProcessImportTodos: Processing 'ole32.dll'...
1a6c.532c: supR3HardenedWinVerifyCacheProcessImportTodos: 'ole32.dll' -> '\Device\HarddiskVolume3\Windows\System32\ole32.dll' [rcNtRedir=0xc0150008]
1a6c.532c: supR3HardenedScreenImage/Imports: cache hit (VINF_SUCCESS) on \Device\HarddiskVolume3\Windows\System32\ole32.dll
1a6c.532c: supR3HardenedWinVerifyCacheProcessImportTodos: Processing 'netapi32.dll'...
1a6c.532c: supR3HardenedWinVerifyCacheProcessImportTodos: 'netapi32.dll' -> '\Device\HarddiskVolume3\Windows\System32\netapi32.dll' [rcNtRedir=0xc0150008]
1a6c.532c: Detected WinVerifyTrust recursion: rc=VINF_SUCCESS '\Device\HarddiskVolume3\Windows\System32\netapi32.dll'.
1a6c.532c: supR3HardenedWinVerifyCacheScheduleImports: Import todo: #0 'msvcrt.dll'.
1a6c.532c: supHardenedWinVerifyImageByHandle: -> 0 (\Device\HarddiskVolume3\Windows\System32\netapi32.dll)
1a6c.532c: supR3HardenedWinVerifyCacheInsert: \Device\HarddiskVolume3\Windows\System32\netapi32.dll
1a6c.532c: supR3HardenedWinVerifyCacheProcessImportTodos: Processing 'authz.dll'...
1a6c.532c: supR3HardenedWinVerifyCacheProcessImportTodos: 'authz.dll' -> '\Device\HarddiskVolume3\Windows\System32\authz.dll' [rcNtRedir=0xc0150008]
1a6c.532c: Detected WinVerifyTrust recursion: rc=22900 '\Device\HarddiskVolume3\Windows\System32\authz.dll'.
1a6c.532c: supHardenedWinVerifyImageByHandle: -> 22900 (\Device\HarddiskVolume3\Windows\System32\authz.dll)
1a6c.532c: supR3HardenedWinVerifyCacheInsert: \Device\HarddiskVolume3\Windows\System32\authz.dll
1a6c.532c: supR3HardenedWinVerifyCacheProcessImportTodos: Processing 'advapi32.dll'...
1a6c.532c: supR3HardenedWinVerifyCacheProcessImportTodos: 'advapi32.dll' -> '\Device\HarddiskVolume3\Windows\System32\advapi32.dll' [rcNtRedir=0xc0150008]
1a6c.532c: supR3HardenedScreenImage/Imports: cache hit (VINF_SUCCESS) on \Device\HarddiskVolume3\Windows\System32\advapi32.dll
1a6c.532c: supR3HardenedWinVerifyCacheProcessImportTodos: Processing 'userenv.dll'...
1a6c.532c: supR3HardenedWinVerifyCacheProcessImportTodos: 'userenv.dll' -> '\Device\HarddiskVolume3\Windows\System32\userenv.dll' [rcNtRedir=0xc0150008]
1a6c.532c: Detected WinVerifyTrust recursion: rc=VINF_SUCCESS '\Device\HarddiskVolume3\Windows\System32\userenv.dll'.
1a6c.532c: supR3HardenedWinVerifyCacheScheduleImports: Import todo: #15 'rpcrt4.dll'.
1a6c.532c: supHardenedWinVerifyImageByHandle: -> 0 (\Device\HarddiskVolume3\Windows\System32\userenv.dll)
1a6c.532c: supR3HardenedWinVerifyCacheInsert: \Device\HarddiskVolume3\Windows\System32\userenv.dll
1a6c.532c: supR3HardenedWinVerifyCacheProcessImportTodos: Processing 'mpr.dll'...
1a6c.532c: supR3HardenedWinVerifyCacheProcessImportTodos: 'mpr.dll' -> '\Device\HarddiskVolume3\Windows\System32\mpr.dll' [rcNtRedir=0xc0150008]
1a6c.532c: Detected WinVerifyTrust recursion: rc=VINF_SUCCESS '\Device\HarddiskVolume3\Windows\System32\mpr.dll'.
1a6c.532c: supHardenedWinVerifyImageByHandle: -> 0 (\Device\HarddiskVolume3\Windows\System32\mpr.dll)
1a6c.532c: supR3HardenedWinVerifyCacheInsert: \Device\HarddiskVolume3\Windows\System32\mpr.dll
1a6c.532c: supR3HardenedWinVerifyCacheProcessImportTodos: Processing 'vcruntime140.dll'...
1a6c.532c: supR3HardenedWinVerifyCacheProcessImportTodos: 'vcruntime140.dll' -> '\Device\HarddiskVolume3\Windows\System32\vcruntime140.dll' [rcNtRedir=0xc0150008]
1a6c.532c: supR3HardenedWinVerifyCacheProcessImportTodos: Processing 'msvcp140.dll'...
1a6c.532c: supR3HardenedWinVerifyCacheProcessImportTodos: 'msvcp140.dll' -> '\Device\HarddiskVolume3\Windows\System32\msvcp140.dll' [rcNtRedir=0xc0150008]
1a6c.532c: supR3HardenedScreenImage/Imports: cache hit (VINF_SUCCESS) on \Device\HarddiskVolume3\Windows\System32\msvcp140.dll
1a6c.532c: supR3HardenedWinVerifyCacheProcessImportTodos: Processing 'rpcrt4.dll'...
1a6c.532c: supR3HardenedWinVerifyCacheProcessImportTodos: 'rpcrt4.dll' -> '\Device\HarddiskVolume3\Windows\System32\rpcrt4.dll' [rcNtRedir=0xc0150008]
1a6c.532c: supR3HardenedWinVerifyCacheProcessImportTodos: Processing 'msvcrt.dll'...
1a6c.532c: supR3HardenedWinVerifyCacheProcessImportTodos: 'msvcrt.dll' -> '\Device\HarddiskVolume3\Windows\System32\msvcrt.dll' [rcNtRedir=0xc0150008]
1a6c.532c: supR3HardenedScreenImage/Imports: cache hit (VINF_SUCCESS) on \Device\HarddiskVolume3\Windows\System32\msvcrt.dll
1a6c.532c: supR3HardenedWinVerifyCacheProcessImportTodos: Processing 'msvcrt.dll'...
1a6c.532c: supR3HardenedWinVerifyCacheProcessImportTodos: 'msvcrt.dll' -> '\Device\HarddiskVolume3\Windows\System32\msvcrt.dll' [rcNtRedir=0xc0150008]
1a6c.532c: supR3HardenedScreenImage/Imports: cache hit (VINF_SUCCESS) on \Device\HarddiskVolume3\Windows\System32\msvcrt.dll
1a6c.532c: supR3HardenedWinVerifyCacheProcessImportTodos: Processing 'win32u.dll'...
1a6c.532c: supR3HardenedWinVerifyCacheProcessImportTodos: 'win32u.dll' -> '\Device\HarddiskVolume3\Windows\System32\win32u.dll' [rcNtRedir=0xc0150008]
1a6c.532c: supR3HardenedScreenImage/Imports: cache hit (VINF_SUCCESS) on \Device\HarddiskVolume3\Windows\System32\win32u.dll [lacks WinVerifyTrust]
1a6c.532c: supR3HardenedWinVerifyCacheProcessImportTodos: Processing 'dxgi.dll'...
1a6c.532c: supR3HardenedWinVerifyCacheProcessImportTodos: 'dxgi.dll' -> '\Device\HarddiskVolume3\Windows\System32\dxgi.dll' [rcNtRedir=0xc0150008]
1a6c.532c: supR3HardenedScreenImage/Imports: cache hit (VINF_SUCCESS) on \Device\HarddiskVolume3\Windows\System32\dxgi.dll [lacks WinVerifyTrust]
1a6c.532c: supR3HardenedWinVerifyCacheProcessImportTodos: Processing 'msvcp_win.dll'...
1a6c.532c: supR3HardenedWinVerifyCacheProcessImportTodos: 'msvcp_win.dll' -> '\Device\HarddiskVolume3\Windows\System32\msvcp_win.dll' [rcNtRedir=0xc0150008]
1a6c.532c: supR3HardenedScreenImage/Imports: cache hit (VINF_SUCCESS) on \Device\HarddiskVolume3\Windows\System32\msvcp_win.dll
1a6c.532c: supR3HardenedWinVerifyCacheProcessImportTodos: Processing 'win32u.dll'...
1a6c.532c: supR3HardenedWinVerifyCacheProcessImportTodos: 'win32u.dll' -> '\Device\HarddiskVolume3\Windows\System32\win32u.dll' [rcNtRedir=0xc0150008]
1a6c.532c: supR3HardenedScreenImage/Imports: cache hit (VINF_SUCCESS) on \Device\HarddiskVolume3\Windows\System32\win32u.dll [lacks WinVerifyTrust]
1a6c.532c: supR3HardenedWinVerifyCacheProcessImportTodos: Processing 'msvcp_win.dll'...
1a6c.532c: supR3HardenedWinVerifyCacheProcessImportTodos: 'msvcp_win.dll' -> '\Device\HarddiskVolume3\Windows\System32\msvcp_win.dll' [rcNtRedir=0xc0150008]
1a6c.532c: supR3HardenedScreenImage/Imports: cache hit (VINF_SUCCESS) on \Device\HarddiskVolume3\Windows\System32\msvcp_win.dll
1a6c.532c: supR3HardenedWinVerifyCacheProcessImportTodos: Processing 'msvcp_win.dll'...
1a6c.532c: supR3HardenedWinVerifyCacheProcessImportTodos: 'msvcp_win.dll' -> '\Device\HarddiskVolume3\Windows\System32\msvcp_win.dll' [rcNtRedir=0xc0150008]
1a6c.532c: supR3HardenedScreenImage/Imports: cache hit (VINF_SUCCESS) on \Device\HarddiskVolume3\Windows\System32\msvcp_win.dll
1a6c.532c: supR3HardenedWinVerifyCacheProcessImportTodos: Processing 'gdi32.dll'...
1a6c.532c: supR3HardenedWinVerifyCacheProcessImportTodos: 'gdi32.dll' -> '\Device\HarddiskVolume3\Windows\System32\gdi32.dll' [rcNtRedir=0xc0150008]
1a6c.532c: supR3HardenedScreenImage/Imports: cache hit (VINF_SUCCESS) on \Device\HarddiskVolume3\Windows\System32\gdi32.dll [lacks WinVerifyTrust]
1a6c.532c: supR3HardenedWinVerifyCacheProcessImportTodos: Processing 'user32.dll'...
1a6c.532c: supR3HardenedWinVerifyCacheProcessImportTodos: 'user32.dll' -> '\Device\HarddiskVolume3\Windows\System32\user32.dll' [rcNtRedir=0xc0150008]
1a6c.532c: supR3HardenedScreenImage/Imports: cache hit (VINF_SUCCESS) on \Device\HarddiskVolume3\Windows\System32\user32.dll [lacks WinVerifyTrust]
1a6c.532c: supR3HardenedWinVerifyCacheProcessImportTodos: Processing 'msvcp_win.dll'...
1a6c.532c: supR3HardenedWinVerifyCacheProcessImportTodos: 'msvcp_win.dll' -> '\Device\HarddiskVolume3\Windows\System32\msvcp_win.dll' [rcNtRedir=0xc0150008]
1a6c.532c: supR3HardenedScreenImage/Imports: cache hit (VINF_SUCCESS) on \Device\HarddiskVolume3\Windows\System32\msvcp_win.dll
1a6c.532c: supR3HardenedWinVerifyCacheProcessImportTodos: Processing 'msvcp_win.dll'...
1a6c.532c: supR3HardenedWinVerifyCacheProcessImportTodos: 'msvcp_win.dll' -> '\Device\HarddiskVolume3\Windows\System32\msvcp_win.dll' [rcNtRedir=0xc0150008]
1a6c.532c: supR3HardenedScreenImage/Imports: cache hit (VINF_SUCCESS) on \Device\HarddiskVolume3\Windows\System32\msvcp_win.dll
1a6c.532c: supR3HardenedWinVerifyCacheProcessImportTodos: Processing 'rpcrt4.dll'...
1a6c.532c: supR3HardenedWinVerifyCacheProcessImportTodos: 'rpcrt4.dll' -> '\Device\HarddiskVolume3\Windows\System32\rpcrt4.dll' [rcNtRedir=0xc0150008]
1a6c.532c: supR3HardenedWinVerifyCacheProcessImportTodos: Processing 'vcruntime140_1.dll'...
1a6c.532c: supR3HardenedWinVerifyCacheProcessImportTodos: 'vcruntime140_1.dll' -> '\Device\HarddiskVolume3\Windows\System32\vcruntime140_1.dll' [rcNtRedir=0xc0150008]
1a6c.532c: supR3HardenedScreenImage/Imports: cache hit (VINF_SUCCESS) on \Device\HarddiskVolume3\Windows\System32\vcruntime140_1.dll
1a6c.532c: supR3HardenedWinVerifyCacheProcessImportTodos: Processing 'vcruntime140.dll'...
1a6c.532c: supR3HardenedWinVerifyCacheProcessImportTodos: 'vcruntime140.dll' -> '\Device\HarddiskVolume3\Windows\System32\vcruntime140.dll' [rcNtRedir=0xc0150008]
1a6c.532c: supR3HardenedWinVerifyCacheProcessImportTodos: Processing 'msvcp140.dll'...
1a6c.532c: supR3HardenedWinVerifyCacheProcessImportTodos: 'msvcp140.dll' -> '\Device\HarddiskVolume3\Windows\System32\msvcp140.dll' [rcNtRedir=0xc0150008]
1a6c.532c: supR3HardenedScreenImage/Imports: cache hit (VINF_SUCCESS) on \Device\HarddiskVolume3\Windows\System32\msvcp140.dll
1a6c.532c: supR3HardenedMonitor_LdrLoadDll: returns rcNt=0x0 hMod=00007fff9c300000 'C:\WINDOWS\system32\rsaenh.dll'
1a6c.532c: supR3HardenedMonitor_LdrLoadDll: returns rcNt=0x0 hMod=00007fff9db90000 'C:\WINDOWS\System32\crypt32.dll'
1a6c.532c: supR3HardenedWinVerifyCacheScheduleImports: Import todo: #0 'd3d11.dll'.
1a6c.532c: supR3HardenedWinVerifyCacheScheduleImports: Import todo: #1 'dxgi.dll'.
1a6c.532c: supR3HardenedWinVerifyCacheScheduleImports: Import todo: #2 'd3d12.dll'.
1a6c.532c: supR3HardenedWinVerifyCacheScheduleImports: Import todo: #3 'gdi32.dll'.
1a6c.532c: supR3HardenedWinVerifyCacheScheduleImports: Import todo: #4 'ole32.dll'.
1a6c.532c: supR3HardenedWinVerifyCacheScheduleImports: Import todo: #5 'shell32.dll'.
1a6c.532c: supR3HardenedWinVerifyCacheScheduleImports: Import todo: #6 'user32.dll'.
1a6c.532c: supR3HardenedWinVerifyCacheScheduleImports: Import todo: #7 'uxtheme.dll'.
1a6c.532c: supR3HardenedWinVerifyCacheScheduleImports: Import todo: #8 'dwrite.dll'.
1a6c.532c: supR3HardenedWinVerifyCacheScheduleImports: Import todo: #9 'qt6corevbox.dll'.
1a6c.532c: supR3HardenedWinVerifyCacheScheduleImports: Import todo: #11 'msvcp140.dll'.
1a6c.532c: supR3HardenedWinVerifyCacheScheduleImports: Import todo: #12 'msvcp140_1.dll'.
1a6c.532c: supR3HardenedWinVerifyCacheScheduleImports: Import todo: #13 'msvcp140_2.dll'.
1a6c.532c: supR3HardenedWinVerifyCacheScheduleImports: Import todo: #14 'vcruntime140.dll'.
1a6c.532c: supR3HardenedWinVerifyCacheScheduleImports: Import todo: #15 'vcruntime140_1.dll'.
1a6c.532c: supHardenedWinVerifyImageByHandle: -> 0 (\Device\HarddiskVolume3\Program Files\Oracle\VirtualBox\Qt6GuiVBox.dll) WinVerifyTrust
1a6c.532c: supR3HardenedWinVerifyCacheProcessImportTodos: Processing 'qt6corevbox.dll'...
1a6c.532c: supR3HardenedWinVerifyCacheProcessImportTodos: 'qt6corevbox.dll' -> '\Device\HarddiskVolume3\Program Files\Oracle\VirtualBox\qt6corevbox.dll' [rcNtRedir=0xc0150008]
1a6c.532c: supR3HardenedScreenImage/Imports: cache hit (VINF_SUCCESS) on \Device\HarddiskVolume3\Program Files\Oracle\VirtualBox\Qt6CoreVBox.dll [redoing WinVerifyTrust]
1a6c.532c: supR3HardenedWinVerifyCacheProcessImportTodos: Processing 'vcruntime140_1.dll'...
1a6c.532c: supR3HardenedWinVerifyCacheProcessImportTodos: 'vcruntime140_1.dll' -> '\Device\HarddiskVolume3\Windows\System32\vcruntime140_1.dll' [rcNtRedir=0xc0150008]
1a6c.532c: supR3HardenedScreenImage/Imports: cache hit (VINF_SUCCESS) on \Device\HarddiskVolume3\Windows\System32\vcruntime140_1.dll
1a6c.532c: supR3HardenedWinVerifyCacheProcessImportTodos: Processing 'vcruntime140.dll'...
1a6c.532c: supR3HardenedWinVerifyCacheProcessImportTodos: 'vcruntime140.dll' -> '\Device\HarddiskVolume3\Windows\System32\vcruntime140.dll' [rcNtRedir=0xc0150008]
1a6c.532c: supR3HardenedWinVerifyCacheProcessImportTodos: Processing 'msvcp140_2.dll'...
1a6c.532c: supR3HardenedWinVerifyCacheProcessImportTodos: 'msvcp140_2.dll' -> '\Device\HarddiskVolume3\Windows\System32\msvcp140_2.dll' [rcNtRedir=0xc0150008]
1a6c.532c: supR3HardenedScreenImage/Imports: cache hit (VINF_SUCCESS) on \Device\HarddiskVolume3\Windows\System32\msvcp140_2.dll [lacks WinVerifyTrust]
1a6c.532c: supR3HardenedWinVerifyCacheProcessImportTodos: Processing 'msvcp140_1.dll'...
1a6c.532c: supR3HardenedWinVerifyCacheProcessImportTodos: 'msvcp140_1.dll' -> '\Device\HarddiskVolume3\Windows\System32\msvcp140_1.dll' [rcNtRedir=0xc0150008]
1a6c.532c: supR3HardenedScreenImage/Imports: cache hit (VINF_SUCCESS) on \Device\HarddiskVolume3\Windows\System32\msvcp140_1.dll [lacks WinVerifyTrust]
1a6c.532c: supR3HardenedWinVerifyCacheProcessImportTodos: Processing 'msvcp140.dll'...
1a6c.532c: supR3HardenedWinVerifyCacheProcessImportTodos: 'msvcp140.dll' -> '\Device\HarddiskVolume3\Windows\System32\msvcp140.dll' [rcNtRedir=0xc0150008]
1a6c.532c: supR3HardenedWinVerifyCacheProcessImportTodos: Processing 'qt6corevbox.dll'...
1a6c.532c: supR3HardenedWinVerifyCacheProcessImportTodos: 'qt6corevbox.dll' -> '\Device\HarddiskVolume3\Program Files\Oracle\VirtualBox\qt6corevbox.dll' [rcNtRedir=0xc0150008]
1a6c.532c: supR3HardenedScreenImage/Imports: cache hit (VINF_SUCCESS) on \Device\HarddiskVolume3\Program Files\Oracle\VirtualBox\Qt6CoreVBox.dll [lacks WinVerifyTrust]
1a6c.532c: supR3HardenedWinVerifyCacheProcessImportTodos: Processing 'dwrite.dll'...
1a6c.532c: supR3HardenedWinVerifyCacheProcessImportTodos: 'dwrite.dll' -> '\Device\HarddiskVolume3\Windows\System32\dwrite.dll' [rcNtRedir=0xc0150008]
1a6c.532c: supR3HardenedScreenImage/Imports: cache hit (22900) on \Device\HarddiskVolume3\Windows\System32\DWrite.dll [lacks WinVerifyTrust]
1a6c.532c: supR3HardenedWinVerifyCacheProcessImportTodos: Processing 'uxtheme.dll'...
1a6c.532c: supR3HardenedWinVerifyCacheProcessImportTodos: 'uxtheme.dll' -> '\Device\HarddiskVolume3\Windows\System32\uxtheme.dll' [rcNtRedir=0xc0150008]
1a6c.532c: supR3HardenedScreenImage/Imports: cache hit (22900) on \Device\HarddiskVolume3\Windows\System32\uxtheme.dll [lacks WinVerifyTrust]
1a6c.532c: supR3HardenedWinVerifyCacheProcessImportTodos: Processing 'user32.dll'...
1a6c.532c: supR3HardenedWinVerifyCacheProcessImportTodos: 'user32.dll' -> '\Device\HarddiskVolume3\Windows\System32\user32.dll' [rcNtRedir=0xc0150008]
1a6c.532c: supR3HardenedScreenImage/Imports: cache hit (VINF_SUCCESS) on \Device\HarddiskVolume3\Windows\System32\user32.dll [lacks WinVerifyTrust]
1a6c.532c: supR3HardenedWinVerifyCacheProcessImportTodos: Processing 'shell32.dll'...
1a6c.532c: supR3HardenedWinVerifyCacheProcessImportTodos: 'shell32.dll' -> '\Device\HarddiskVolume3\Windows\System32\shell32.dll' [rcNtRedir=0xc0150008]
1a6c.532c: supR3HardenedScreenImage/Imports: cache hit (VINF_SUCCESS) on \Device\HarddiskVolume3\Windows\System32\shell32.dll [lacks WinVerifyTrust]
1a6c.532c: supR3HardenedWinVerifyCacheProcessImportTodos: Processing 'ole32.dll'...
1a6c.532c: supR3HardenedWinVerifyCacheProcessImportTodos: 'ole32.dll' -> '\Device\HarddiskVolume3\Windows\System32\ole32.dll' [rcNtRedir=0xc0150008]
1a6c.532c: supR3HardenedScreenImage/Imports: cache hit (VINF_SUCCESS) on \Device\HarddiskVolume3\Windows\System32\ole32.dll
1a6c.532c: supR3HardenedWinVerifyCacheProcessImportTodos: Processing 'gdi32.dll'...
1a6c.532c: supR3HardenedWinVerifyCacheProcessImportTodos: 'gdi32.dll' -> '\Device\HarddiskVolume3\Windows\System32\gdi32.dll' [rcNtRedir=0xc0150008]
1a6c.532c: supR3HardenedScreenImage/Imports: cache hit (VINF_SUCCESS) on \Device\HarddiskVolume3\Windows\System32\gdi32.dll [lacks WinVerifyTrust]
1a6c.532c: supR3HardenedWinVerifyCacheProcessImportTodos: Processing 'd3d12.dll'...
1a6c.532c: supR3HardenedWinVerifyCacheProcessImportTodos: 'd3d12.dll' -> '\Device\HarddiskVolume3\Windows\System32\d3d12.dll' [rcNtRedir=0xc0150008]
1a6c.532c: supR3HardenedScreenImage/Imports: cache hit (VINF_SUCCESS) on \Device\HarddiskVolume3\Windows\System32\D3D12.dll [lacks WinVerifyTrust]
1a6c.532c: supR3HardenedWinVerifyCacheProcessImportTodos: Processing 'dxgi.dll'...
1a6c.532c: supR3HardenedWinVerifyCacheProcessImportTodos: 'dxgi.dll' -> '\Device\HarddiskVolume3\Windows\System32\dxgi.dll' [rcNtRedir=0xc0150008]
1a6c.532c: supR3HardenedScreenImage/Imports: cache hit (VINF_SUCCESS) on \Device\HarddiskVolume3\Windows\System32\dxgi.dll [lacks WinVerifyTrust]
1a6c.532c: supR3HardenedWinVerifyCacheProcessImportTodos: Processing 'd3d11.dll'...
1a6c.532c: supR3HardenedWinVerifyCacheProcessImportTodos: 'd3d11.dll' -> '\Device\HarddiskVolume3\Windows\System32\d3d11.dll' [rcNtRedir=0xc0150008]
1a6c.532c: supR3HardenedScreenImage/Imports: cache hit (VINF_SUCCESS) on \Device\HarddiskVolume3\Windows\System32\d3d11.dll [lacks WinVerifyTrust]
1a6c.532c: supR3HardenedMonitor_LdrLoadDll: returns rcNt=0x0 hMod=00007fff9c300000 'C:\WINDOWS\system32\rsaenh.dll'
1a6c.532c: supR3HardenedMonitor_LdrLoadDll: returns rcNt=0x0 hMod=00007fff9db90000 'C:\WINDOWS\System32\crypt32.dll'
1a6c.532c: supR3HardenedScreenImage/Imports: 0 (was 0) fWinVerifyTrust=1 for '\Device\HarddiskVolume3\Program Files\Oracle\VirtualBox\Qt6CoreVBox.dll'
1a6c.532c: supR3HardenedWinVerifyCacheProcessImportTodos: Processing 'uicommon.dll'...
1a6c.532c: supR3HardenedWinVerifyCacheProcessImportTodos: 'uicommon.dll' -> '\Device\HarddiskVolume3\Program Files\Oracle\VirtualBox\uicommon.dll' [rcNtRedir=0xc0150008]
1a6c.532c: supR3HardenedMonitor_LdrLoadDll: returns rcNt=0x0 hMod=00007fff9c300000 'C:\WINDOWS\system32\rsaenh.dll'
1a6c.532c: supR3HardenedMonitor_LdrLoadDll: returns rcNt=0x0 hMod=00007fff9db90000 'C:\WINDOWS\System32\crypt32.dll'
1a6c.532c: supR3HardenedWinVerifyCacheScheduleImports: Import todo: #0 'qt6corevbox.dll'.
1a6c.532c: supR3HardenedWinVerifyCacheScheduleImports: Import todo: #1 'qt6guivbox.dll'.
1a6c.532c: supR3HardenedWinVerifyCacheScheduleImports: Import todo: #2 'qt6widgetsvbox.dll'.
1a6c.532c: supR3HardenedWinVerifyCacheScheduleImports: Import todo: #3 'qt6helpvbox.dll'.
1a6c.532c: supR3HardenedWinVerifyCacheScheduleImports: Import todo: #4 'qt6statemachinevbox.dll'.
1a6c.532c: supR3HardenedWinVerifyCacheScheduleImports: Import todo: #11 'user32.dll'.
1a6c.532c: supR3HardenedWinVerifyCacheScheduleImports: Import todo: #12 'ole32.dll'.
1a6c.532c: supR3HardenedWinVerifyCacheScheduleImports: Import todo: #13 'oleaut32.dll'.
1a6c.532c: supR3HardenedWinVerifyCacheScheduleImports: Import todo: #14 'vboxrt.dll'.
1a6c.532c: supR3HardenedWinVerifyCacheScheduleImports: Import todo: #15 'vcruntime140.dll'.
1a6c.532c: supR3HardenedWinVerifyCacheScheduleImports: Import todo: #16 'vcruntime140_1.dll'.
1a6c.532c: supR3HardenedWinVerifyCacheScheduleImports: Import todo: #17 'msvcp140.dll'.
1a6c.532c: supR3HardenedWinVerifyCacheScheduleImports: Import todo: #18 'advapi32.dll'.
1a6c.532c: supR3HardenedWinVerifyCacheScheduleImports: Import todo: #19 'rpcrt4.dll'.
1a6c.532c: supHardenedWinVerifyImageByHandle: -> 0 (\Device\HarddiskVolume3\Program Files\Oracle\VirtualBox\UICommon.dll) WinVerifyTrust
1a6c.532c: supR3HardenedWinVerifyCacheInsert: \Device\HarddiskVolume3\Program Files\Oracle\VirtualBox\UICommon.dll
1a6c.532c: supR3HardenedWinVerifyCacheProcessImportTodos: Processing 'rpcrt4.dll'...
1a6c.532c: supR3HardenedWinVerifyCacheProcessImportTodos: 'rpcrt4.dll' -> '\Device\HarddiskVolume3\Windows\System32\rpcrt4.dll' [rcNtRedir=0xc0150008]
1a6c.532c: supR3HardenedWinVerifyCacheProcessImportTodos: Processing 'advapi32.dll'...
1a6c.532c: supR3HardenedWinVerifyCacheProcessImportTodos: 'advapi32.dll' -> '\Device\HarddiskVolume3\Windows\System32\advapi32.dll' [rcNtRedir=0xc0150008]
1a6c.532c: supR3HardenedScreenImage/Imports: cache hit (VINF_SUCCESS) on \Device\HarddiskVolume3\Windows\System32\advapi32.dll
1a6c.532c: supR3HardenedWinVerifyCacheProcessImportTodos: Processing 'msvcp140.dll'...
1a6c.532c: supR3HardenedWinVerifyCacheProcessImportTodos: 'msvcp140.dll' -> '\Device\HarddiskVolume3\Windows\System32\msvcp140.dll' [rcNtRedir=0xc0150008]
1a6c.532c: supR3HardenedWinVerifyCacheProcessImportTodos: Processing 'vcruntime140_1.dll'...
1a6c.532c: supR3HardenedWinVerifyCacheProcessImportTodos: 'vcruntime140_1.dll' -> '\Device\HarddiskVolume3\Windows\System32\vcruntime140_1.dll' [rcNtRedir=0xc0150008]
1a6c.532c: supR3HardenedWinVerifyCacheProcessImportTodos: Processing 'vcruntime140.dll'...
1a6c.532c: supR3HardenedWinVerifyCacheProcessImportTodos: 'vcruntime140.dll' -> '\Device\HarddiskVolume3\Windows\System32\vcruntime140.dll' [rcNtRedir=0xc0150008]
1a6c.532c: supR3HardenedWinVerifyCacheProcessImportTodos: Processing 'vboxrt.dll'...
1a6c.532c: supR3HardenedWinVerifyCacheProcessImportTodos: 'vboxrt.dll' -> '\Device\HarddiskVolume3\Program Files\Oracle\VirtualBox\vboxrt.dll' [rcNtRedir=0xc0150008]
1a6c.532c: supR3HardenedWinVerifyCacheProcessImportTodos: Processing 'oleaut32.dll'...
1a6c.532c: supR3HardenedWinVerifyCacheProcessImportTodos: 'oleaut32.dll' -> '\Device\HarddiskVolume3\Windows\System32\oleaut32.dll' [rcNtRedir=0xc0150008]
1a6c.532c: supR3HardenedScreenImage/Imports: cache hit (VINF_SUCCESS) on \Device\HarddiskVolume3\Windows\System32\oleaut32.dll
1a6c.532c: supR3HardenedWinVerifyCacheProcessImportTodos: Processing 'ole32.dll'...
1a6c.532c: supR3HardenedWinVerifyCacheProcessImportTodos: 'ole32.dll' -> '\Device\HarddiskVolume3\Windows\System32\ole32.dll' [rcNtRedir=0xc0150008]
1a6c.532c: supR3HardenedScreenImage/Imports: cache hit (VINF_SUCCESS) on \Device\HarddiskVolume3\Windows\System32\ole32.dll
1a6c.532c: supR3HardenedWinVerifyCacheProcessImportTodos: Processing 'user32.dll'...
1a6c.532c: supR3HardenedWinVerifyCacheProcessImportTodos: 'user32.dll' -> '\Device\HarddiskVolume3\Windows\System32\user32.dll' [rcNtRedir=0xc0150008]
1a6c.532c: supR3HardenedScreenImage/Imports: cache hit (VINF_SUCCESS) on \Device\HarddiskVolume3\Windows\System32\user32.dll [redoing WinVerifyTrust]
1a6c.532c: supR3HardenedMonitor_LdrLoadDll: returns rcNt=0x0 hMod=00007fff9c300000 'C:\WINDOWS\system32\rsaenh.dll'
1a6c.532c: supR3HardenedMonitor_LdrLoadDll: returns rcNt=0x0 hMod=00007fff9db90000 'C:\WINDOWS\System32\crypt32.dll'
1a6c.532c: supR3HardenedScreenImage/Imports: 0 (was 0) fWinVerifyTrust=1 for '\Device\HarddiskVolume3\Windows\System32\user32.dll'
1a6c.532c: supR3HardenedWinVerifyCacheProcessImportTodos: Processing 'qt6statemachinevbox.dll'...
1a6c.532c: supR3HardenedWinVerifyCacheProcessImportTodos: 'qt6statemachinevbox.dll' -> '\Device\HarddiskVolume3\Program Files\Oracle\VirtualBox\qt6statemachinevbox.dll' [rcNtRedir=0xc0150008]
1a6c.532c: supR3HardenedMonitor_LdrLoadDll: returns rcNt=0x0 hMod=00007fff9c300000 'C:\WINDOWS\system32\rsaenh.dll'
1a6c.532c: supR3HardenedMonitor_LdrLoadDll: returns rcNt=0x0 hMod=00007fff9db90000 'C:\WINDOWS\System32\crypt32.dll'
1a6c.532c: supR3HardenedWinVerifyCacheScheduleImports: Import todo: #0 'qt6guivbox.dll'.
1a6c.532c: supR3HardenedWinVerifyCacheScheduleImports: Import todo: #1 'qt6corevbox.dll'.
1a6c.532c: supR3HardenedWinVerifyCacheScheduleImports: Import todo: #2 'vcruntime140.dll'.
1a6c.532c: supHardenedWinVerifyImageByHandle: -> 0 (\Device\HarddiskVolume3\Program Files\Oracle\VirtualBox\Qt6StateMachineVBox.dll) WinVerifyTrust
1a6c.532c: supR3HardenedWinVerifyCacheInsert: \Device\HarddiskVolume3\Program Files\Oracle\VirtualBox\Qt6StateMachineVBox.dll
1a6c.532c: supR3HardenedWinVerifyCacheProcessImportTodos: Processing 'qt6helpvbox.dll'...
1a6c.532c: supR3HardenedWinVerifyCacheProcessImportTodos: 'qt6helpvbox.dll' -> '\Device\HarddiskVolume3\Program Files\Oracle\VirtualBox\qt6helpvbox.dll' [rcNtRedir=0xc0150008]
1a6c.532c: supR3HardenedWinVerifyCacheProcessImportTodos: Processing 'vcruntime140.dll'...
1a6c.532c: supR3HardenedWinVerifyCacheProcessImportTodos: 'vcruntime140.dll' -> '\Device\HarddiskVolume3\Windows\System32\vcruntime140.dll' [rcNtRedir=0xc0150008]
1a6c.532c: supR3HardenedWinVerifyCacheProcessImportTodos: Processing 'qt6corevbox.dll'...
1a6c.532c: supR3HardenedWinVerifyCacheProcessImportTodos: 'qt6corevbox.dll' -> '\Device\HarddiskVolume3\Program Files\Oracle\VirtualBox\qt6corevbox.dll' [rcNtRedir=0xc0150008]
1a6c.532c: supR3HardenedScreenImage/Imports: cache hit (VINF_SUCCESS) on \Device\HarddiskVolume3\Program Files\Oracle\VirtualBox\Qt6CoreVBox.dll
1a6c.532c: supR3HardenedWinVerifyCacheProcessImportTodos: Processing 'qt6guivbox.dll'...
1a6c.532c: supR3HardenedWinVerifyCacheProcessImportTodos: 'qt6guivbox.dll' -> '\Device\HarddiskVolume3\Program Files\Oracle\VirtualBox\qt6guivbox.dll' [rcNtRedir=0xc0150008]
1a6c.532c: supR3HardenedScreenImage/Imports: cache hit (VINF_SUCCESS) on \Device\HarddiskVolume3\Program Files\Oracle\VirtualBox\Qt6GuiVBox.dll [lacks WinVerifyTrust]
1a6c.532c: supR3HardenedMonitor_LdrLoadDll: returns rcNt=0x0 hMod=00007fff9c300000 'C:\WINDOWS\system32\rsaenh.dll'
1a6c.532c: supR3HardenedMonitor_LdrLoadDll: returns rcNt=0x0 hMod=00007fff9db90000 'C:\WINDOWS\System32\crypt32.dll'
1a6c.532c: supR3HardenedWinVerifyCacheScheduleImports: Import todo: #0 'qt6sqlvbox.dll'.
1a6c.532c: supR3HardenedWinVerifyCacheScheduleImports: Import todo: #1 'qt6widgetsvbox.dll'.
1a6c.532c: supR3HardenedWinVerifyCacheScheduleImports: Import todo: #2 'qt6guivbox.dll'.
1a6c.532c: supR3HardenedWinVerifyCacheScheduleImports: Import todo: #3 'qt6corevbox.dll'.
1a6c.532c: supR3HardenedWinVerifyCacheScheduleImports: Import todo: #4 'msvcp140.dll'.
1a6c.532c: supR3HardenedWinVerifyCacheScheduleImports: Import todo: #5 'vcruntime140.dll'.
1a6c.532c: supR3HardenedWinVerifyCacheScheduleImports: Import todo: #6 'vcruntime140_1.dll'.
1a6c.532c: supHardenedWinVerifyImageByHandle: -> 0 (\Device\HarddiskVolume3\Program Files\Oracle\VirtualBox\Qt6HelpVBox.dll) WinVerifyTrust
1a6c.532c: supR3HardenedWinVerifyCacheInsert: \Device\HarddiskVolume3\Program Files\Oracle\VirtualBox\Qt6HelpVBox.dll
1a6c.532c: supR3HardenedWinVerifyCacheProcessImportTodos: Processing 'qt6widgetsvbox.dll'...
1a6c.532c: supR3HardenedWinVerifyCacheProcessImportTodos: 'qt6widgetsvbox.dll' -> '\Device\HarddiskVolume3\Program Files\Oracle\VirtualBox\qt6widgetsvbox.dll' [rcNtRedir=0xc0150008]
1a6c.532c: supR3HardenedScreenImage/Imports: cache hit (VINF_SUCCESS) on \Device\HarddiskVolume3\Program Files\Oracle\VirtualBox\Qt6WidgetsVBox.dll
1a6c.532c: supR3HardenedWinVerifyCacheProcessImportTodos: Processing 'qt6guivbox.dll'...
1a6c.532c: supR3HardenedWinVerifyCacheProcessImportTodos: 'qt6guivbox.dll' -> '\Device\HarddiskVolume3\Program Files\Oracle\VirtualBox\qt6guivbox.dll' [rcNtRedir=0xc0150008]
1a6c.532c: supR3HardenedScreenImage/Imports: cache hit (VINF_SUCCESS) on \Device\HarddiskVolume3\Program Files\Oracle\VirtualBox\Qt6GuiVBox.dll [redoing WinVerifyTrust]
1a6c.532c: supR3HardenedWinVerifyCacheProcessImportTodos: Processing 'vcruntime140_1.dll'...
1a6c.532c: supR3HardenedWinVerifyCacheProcessImportTodos: 'vcruntime140_1.dll' -> '\Device\HarddiskVolume3\Windows\System32\vcruntime140_1.dll' [rcNtRedir=0xc0150008]
1a6c.532c: supR3HardenedWinVerifyCacheProcessImportTodos: Processing 'vcruntime140.dll'...
1a6c.532c: supR3HardenedWinVerifyCacheProcessImportTodos: 'vcruntime140.dll' -> '\Device\HarddiskVolume3\Windows\System32\vcruntime140.dll' [rcNtRedir=0xc0150008]
1a6c.532c: supR3HardenedWinVerifyCacheProcessImportTodos: Processing 'msvcp140.dll'...
1a6c.532c: supR3HardenedWinVerifyCacheProcessImportTodos: 'msvcp140.dll' -> '\Device\HarddiskVolume3\Windows\System32\msvcp140.dll' [rcNtRedir=0xc0150008]
1a6c.532c: supR3HardenedWinVerifyCacheProcessImportTodos: Processing 'qt6corevbox.dll'...
1a6c.532c: supR3HardenedWinVerifyCacheProcessImportTodos: 'qt6corevbox.dll' -> '\Device\HarddiskVolume3\Program Files\Oracle\VirtualBox\qt6corevbox.dll' [rcNtRedir=0xc0150008]
1a6c.532c: supR3HardenedScreenImage/Imports: cache hit (VINF_SUCCESS) on \Device\HarddiskVolume3\Program Files\Oracle\VirtualBox\Qt6CoreVBox.dll
1a6c.532c: supR3HardenedWinVerifyCacheProcessImportTodos: Processing 'qt6guivbox.dll'...
1a6c.532c: supR3HardenedWinVerifyCacheProcessImportTodos: 'qt6guivbox.dll' -> '\Device\HarddiskVolume3\Program Files\Oracle\VirtualBox\qt6guivbox.dll' [rcNtRedir=0xc0150008]
1a6c.532c: supR3HardenedScreenImage/Imports: cache hit (VINF_SUCCESS) on \Device\HarddiskVolume3\Program Files\Oracle\VirtualBox\Qt6GuiVBox.dll [lacks WinVerifyTrust]
1a6c.532c: supR3HardenedWinVerifyCacheProcessImportTodos: Processing 'qt6widgetsvbox.dll'...
1a6c.532c: supR3HardenedWinVerifyCacheProcessImportTodos: 'qt6widgetsvbox.dll' -> '\Device\HarddiskVolume3\Program Files\Oracle\VirtualBox\qt6widgetsvbox.dll' [rcNtRedir=0xc0150008]
1a6c.532c: supR3HardenedScreenImage/Imports: cache hit (VINF_SUCCESS) on \Device\HarddiskVolume3\Program Files\Oracle\VirtualBox\Qt6WidgetsVBox.dll
1a6c.532c: supR3HardenedWinVerifyCacheProcessImportTodos: Processing 'qt6sqlvbox.dll'...
1a6c.532c: supR3HardenedWinVerifyCacheProcessImportTodos: 'qt6sqlvbox.dll' -> '\Device\HarddiskVolume3\Program Files\Oracle\VirtualBox\qt6sqlvbox.dll' [rcNtRedir=0xc0150008]
1a6c.532c: Detected WinVerifyTrust recursion: rc=VINF_SUCCESS '\Device\HarddiskVolume3\Program Files\Oracle\VirtualBox\Qt6SqlVBox.dll'.
1a6c.532c: supR3HardenedWinVerifyCacheScheduleImports: Import todo: #0 'qt6corevbox.dll'.
1a6c.532c: supR3HardenedWinVerifyCacheScheduleImports: Import todo: #1 'msvcp140.dll'.
1a6c.532c: supR3HardenedWinVerifyCacheScheduleImports: Import todo: #2 'vcruntime140.dll'.
1a6c.532c: supR3HardenedWinVerifyCacheScheduleImports: Import todo: #3 'vcruntime140_1.dll'.
1a6c.532c: supHardenedWinVerifyImageByHandle: -> 0 (\Device\HarddiskVolume3\Program Files\Oracle\VirtualBox\Qt6SqlVBox.dll)
1a6c.532c: supR3HardenedWinVerifyCacheInsert: \Device\HarddiskVolume3\Program Files\Oracle\VirtualBox\Qt6SqlVBox.dll
1a6c.532c: supR3HardenedWinVerifyCacheProcessImportTodos: Processing 'vcruntime140_1.dll'...
1a6c.532c: supR3HardenedWinVerifyCacheProcessImportTodos: 'vcruntime140_1.dll' -> '\Device\HarddiskVolume3\Windows\System32\vcruntime140_1.dll' [rcNtRedir=0xc0150008]
1a6c.532c: supR3HardenedWinVerifyCacheProcessImportTodos: Processing 'vcruntime140.dll'...
1a6c.532c: supR3HardenedWinVerifyCacheProcessImportTodos: 'vcruntime140.dll' -> '\Device\HarddiskVolume3\Windows\System32\vcruntime140.dll' [rcNtRedir=0xc0150008]
1a6c.532c: supR3HardenedScreenImage/Imports: cache hit (VINF_SUCCESS) on \Device\HarddiskVolume3\Windows\System32\vcruntime140.dll
1a6c.532c: supR3HardenedWinVerifyCacheProcessImportTodos: Processing 'msvcp140.dll'...
1a6c.532c: supR3HardenedWinVerifyCacheProcessImportTodos: 'msvcp140.dll' -> '\Device\HarddiskVolume3\Windows\System32\msvcp140.dll' [rcNtRedir=0xc0150008]
1a6c.532c: supR3HardenedWinVerifyCacheProcessImportTodos: Processing 'qt6corevbox.dll'...
1a6c.532c: supR3HardenedWinVerifyCacheProcessImportTodos: 'qt6corevbox.dll' -> '\Device\HarddiskVolume3\Program Files\Oracle\VirtualBox\qt6corevbox.dll' [rcNtRedir=0xc0150008]
1a6c.532c: supR3HardenedScreenImage/Imports: cache hit (VINF_SUCCESS) on \Device\HarddiskVolume3\Program Files\Oracle\VirtualBox\Qt6CoreVBox.dll
1a6c.532c: supR3HardenedMonitor_LdrLoadDll: returns rcNt=0x0 hMod=00007fff9c300000 'C:\WINDOWS\system32\rsaenh.dll'
1a6c.532c: supR3HardenedMonitor_LdrLoadDll: returns rcNt=0x0 hMod=00007fff9db90000 'C:\WINDOWS\System32\crypt32.dll'
1a6c.532c: supR3HardenedScreenImage/Imports: 0 (was 0) fWinVerifyTrust=1 for '\Device\HarddiskVolume3\Program Files\Oracle\VirtualBox\Qt6GuiVBox.dll'
1a6c.532c: supR3HardenedWinVerifyCacheProcessImportTodos: Processing 'qt6corevbox.dll'...
1a6c.532c: supR3HardenedWinVerifyCacheProcessImportTodos: 'qt6corevbox.dll' -> '\Device\HarddiskVolume3\Program Files\Oracle\VirtualBox\qt6corevbox.dll' [rcNtRedir=0xc0150008]
1a6c.532c: supR3HardenedScreenImage/Imports: cache hit (VINF_SUCCESS) on \Device\HarddiskVolume3\Program Files\Oracle\VirtualBox\Qt6CoreVBox.dll
1a6c.532c: supR3HardenedMonitor_LdrLoadDll: pName=C:\Program Files\Oracle\VirtualBox\VirtualBoxVM.dll (rcNtResolve=0xc0150008) *pfFlags=0x0 pwszSearchPath=0000000000000a01:<flags> [calling]
1a6c.532c: supR3HardenedScreenImage/NtCreateSection: cache hit (VINF_SUCCESS) on \Device\HarddiskVolume3\Program Files\Oracle\VirtualBox\VirtualBoxVM.dll
1a6c.532c: supR3HardenedScreenImage/NtCreateSection: cache hit (VINF_SUCCESS) on \Device\HarddiskVolume3\Program Files\Oracle\VirtualBox\UICommon.dll
1a6c.532c: supR3HardenedScreenImage/NtCreateSection: cache hit (VINF_SUCCESS) on \Device\HarddiskVolume3\Program Files\Oracle\VirtualBox\Qt6CoreVBox.dll
1a6c.532c: supR3HardenedScreenImage/NtCreateSection: cache hit (VINF_SUCCESS) on \Device\HarddiskVolume3\Program Files\Oracle\VirtualBox\Qt6GuiVBox.dll
1a6c.532c: supR3HardenedScreenImage/NtCreateSection: cache hit (VINF_SUCCESS) on \Device\HarddiskVolume3\Program Files\Oracle\VirtualBox\Qt6WidgetsVBox.dll
1a6c.532c: supR3HardenedScreenImage/NtCreateSection: cache hit (VINF_SUCCESS) on \Device\HarddiskVolume3\Windows\System32\winmm.dll
1a6c.532c: supR3HardenedScreenImage/NtCreateSection: cache hit (VINF_SUCCESS) on \Device\HarddiskVolume3\Program Files\Oracle\VirtualBox\Qt6HelpVBox.dll
1a6c.532c: supR3HardenedScreenImage/NtCreateSection: cache hit (VINF_SUCCESS) on \Device\HarddiskVolume3\Program Files\Oracle\VirtualBox\Qt6StateMachineVBox.dll
1a6c.532c: supR3HardenedScreenImage/NtCreateSection: cache hit (VINF_SUCCESS) on \Device\HarddiskVolume3\Windows\System32\mpr.dll [avoiding WinVerifyTrust]
1a6c.532c: supR3HardenedScreenImage/NtCreateSection: cache hit (VINF_SUCCESS) on \Device\HarddiskVolume3\Windows\System32\userenv.dll [avoiding WinVerifyTrust]
1a6c.532c: supR3HardenedScreenImage/NtCreateSection: cache hit (22900) on \Device\HarddiskVolume3\Windows\System32\authz.dll [avoiding WinVerifyTrust]
1a6c.532c: supR3HardenedScreenImage/NtCreateSection: cache hit (VINF_SUCCESS) on \Device\HarddiskVolume3\Windows\System32\netapi32.dll [avoiding WinVerifyTrust]
1a6c.532c: supR3HardenedScreenImage/NtCreateSection: cache hit (VINF_SUCCESS) on \Device\HarddiskVolume3\Windows\System32\version.dll [avoiding WinVerifyTrust]
1a6c.532c: supR3HardenedScreenImage/NtCreateSection: cache hit (VINF_SUCCESS) on \Device\HarddiskVolume3\Windows\System32\msvcp140_1.dll [avoiding WinVerifyTrust]
1a6c.532c: supR3HardenedScreenImage/NtCreateSection: cache hit (VINF_SUCCESS) on \Device\HarddiskVolume3\Windows\System32\d3d11.dll [avoiding WinVerifyTrust]
1a6c.532c: supR3HardenedScreenImage/NtCreateSection: cache hit (VINF_SUCCESS) on \Device\HarddiskVolume3\Windows\System32\dxgi.dll [avoiding WinVerifyTrust]
1a6c.532c: supR3HardenedScreenImage/NtCreateSection: cache hit (VINF_SUCCESS) on \Device\HarddiskVolume3\Windows\System32\D3D12.dll [avoiding WinVerifyTrust]
1a6c.532c: supR3HardenedScreenImage/NtCreateSection: cache hit (22900) on \Device\HarddiskVolume3\Windows\System32\uxtheme.dll [avoiding WinVerifyTrust]
1a6c.532c: supR3HardenedScreenImage/NtCreateSection: cache hit (22900) on \Device\HarddiskVolume3\Windows\System32\DWrite.dll [avoiding WinVerifyTrust]
1a6c.532c: supR3HardenedScreenImage/NtCreateSection: cache hit (VINF_SUCCESS) on \Device\HarddiskVolume3\Windows\System32\msvcp140_2.dll [avoiding WinVerifyTrust]
1a6c.532c: supR3HardenedScreenImage/NtCreateSection: cache hit (VINF_SUCCESS) on \Device\HarddiskVolume3\Windows\System32\dwmapi.dll [avoiding WinVerifyTrust]
1a6c.532c: supR3HardenedScreenImage/NtCreateSection: cache hit (VINF_SUCCESS) on \Device\HarddiskVolume3\Program Files\Oracle\VirtualBox\Qt6SqlVBox.dll [avoiding WinVerifyTrust]
1a6c.532c: supR3HardenedWinVerifyCacheScheduleImports: Import todo: #12 'rpcrt4.dll'.
1a6c.532c: supHardenedWinVerifyImageByHandle: -> 0 (\Device\HarddiskVolume3\Windows\System32\powrprof.dll)
1a6c.532c: supR3HardenedWinVerifyCacheInsert: \Device\HarddiskVolume3\Windows\System32\powrprof.dll
1a6c.532c: supR3HardenedWinVerifyCacheScheduleImports: Import todo: #3 'rpcrt4.dll'.
1a6c.532c: supHardenedWinVerifyImageByHandle: -> 0 (\Device\HarddiskVolume3\Windows\System32\srvcli.dll)
1a6c.532c: supR3HardenedWinVerifyCacheInsert: \Device\HarddiskVolume3\Windows\System32\srvcli.dll
1a6c.532c: supHardenedWinVerifyImageByHandle: -> 0 (\Device\HarddiskVolume3\Windows\System32\netutils.dll)
1a6c.532c: supR3HardenedWinVerifyCacheInsert: \Device\HarddiskVolume3\Windows\System32\netutils.dll
1a6c.532c: supR3HardenedDllNotificationCallback: load   00007fff78a90000 LB 0x00021000 C:\WINDOWS\SYSTEM32\MPR.dll [fFlags=0x0]
1a6c.532c: supR3HardenedScreenImage/LdrLoadDll: cache hit (VINF_SUCCESS) on \Device\HarddiskVolume3\Windows\System32\mpr.dll [avoiding WinVerifyTrust]
1a6c.532c: supR3HardenedDllNotificationCallback: load   00007fff9c9e0000 LB 0x00033000 C:\WINDOWS\SYSTEM32\USERENV.dll [fFlags=0x0]
1a6c.532c: supR3HardenedScreenImage/LdrLoadDll: cache hit (VINF_SUCCESS) on \Device\HarddiskVolume3\Windows\System32\userenv.dll [avoiding WinVerifyTrust]
1a6c.532c: supR3HardenedDllNotificationCallback: load   00007fff9be10000 LB 0x00050000 C:\WINDOWS\SYSTEM32\AUTHZ.dll [fFlags=0x0]
1a6c.532c: supR3HardenedScreenImage/LdrLoadDll: cache hit (22900) on \Device\HarddiskVolume3\Windows\System32\authz.dll [avoiding WinVerifyTrust]
1a6c.532c: supR3HardenedDllNotificationCallback: load   00007fff7a4f0000 LB 0x0001a000 C:\WINDOWS\SYSTEM32\NETAPI32.dll [fFlags=0x0]
1a6c.532c: supR3HardenedScreenImage/LdrLoadDll: cache hit (VINF_SUCCESS) on \Device\HarddiskVolume3\Windows\System32\netapi32.dll [avoiding WinVerifyTrust]
1a6c.532c: supR3HardenedDllNotificationCallback: load   00007fff9db60000 LB 0x00027000 C:\WINDOWS\System32\win32u.dll [fFlags=0x0]
1a6c.532c: supR3HardenedScreenImage/LdrLoadDll: cache hit (VINF_SUCCESS) on \Device\HarddiskVolume3\Windows\System32\win32u.dll [avoiding WinVerifyTrust]
1a6c.532c: supR3HardenedDllNotificationCallback: load   00007fff9e210000 LB 0x001c7000 C:\WINDOWS\System32\USER32.dll [fFlags=0x0]
1a6c.532c: supR3HardenedDllNotificationCallback: load   00007fff9d850000 LB 0x0012b000 C:\WINDOWS\System32\gdi32full.dll [fFlags=0x0]
1a6c.532c: supR3HardenedWinVerifyCacheScheduleImports: Import todo: #0 'msvcp_win.dll'.
1a6c.532c: supR3HardenedWinVerifyCacheScheduleImports: Import todo: #35 'gdi32.dll'.
1a6c.532c: supR3HardenedWinVerifyCacheScheduleImports: Import todo: #37 'user32.dll'.
1a6c.532c: supR3HardenedWinVerifyCacheScheduleImports: Import todo: #38 'win32u.dll'.
1a6c.532c: supHardenedWinVerifyImageByHandle: -> 0 (\Device\HarddiskVolume3\Windows\System32\gdi32full.dll)
1a6c.532c: supR3HardenedWinVerifyCacheInsert: \Device\HarddiskVolume3\Windows\System32\gdi32full.dll
1a6c.532c: supR3HardenedDllNotificationCallback: load   00007fff9e650000 LB 0x0002b000 C:\WINDOWS\System32\GDI32.dll [fFlags=0x0]
1a6c.532c: supR3HardenedScreenImage/LdrLoadDll: cache hit (VINF_SUCCESS) on \Device\HarddiskVolume3\Windows\System32\gdi32.dll [avoiding WinVerifyTrust]
1a6c.532c: supR3HardenedDllNotificationCallback: load   00007fff9f1d0000 LB 0x00383000 C:\WINDOWS\System32\combase.dll [fFlags=0x0]
1a6c.532c: supR3HardenedScreenImage/LdrLoadDll: cache hit (VINF_SUCCESS) on \Device\HarddiskVolume3\Windows\System32\combase.dll [avoiding WinVerifyTrust]
1a6c.532c: supR3HardenedDllNotificationCallback: load   00007fff9e3e0000 LB 0x00198000 C:\WINDOWS\System32\ole32.dll [fFlags=0x0]
1a6c.532c: supR3HardenedScreenImage/LdrLoadDll: cache hit (VINF_SUCCESS) on \Device\HarddiskVolume3\Windows\System32\ole32.dll
1a6c.532c: supR3HardenedDllNotificationCallback: load   00007fff9fbd0000 LB 0x00784000 C:\WINDOWS\System32\SHELL32.dll [fFlags=0x0]
1a6c.532c: supR3HardenedScreenImage/LdrLoadDll: cache hit (VINF_SUCCESS) on \Device\HarddiskVolume3\Windows\System32\shell32.dll [avoiding WinVerifyTrust]
1a6c.532c: supR3HardenedDllNotificationCallback: load   00007fff83540000 LB 0x0000b000 C:\WINDOWS\SYSTEM32\VERSION.dll [fFlags=0x0]
1a6c.532c: supR3HardenedScreenImage/LdrLoadDll: cache hit (VINF_SUCCESS) on \Device\HarddiskVolume3\Windows\System32\version.dll [avoiding WinVerifyTrust]
1a6c.532c: supR3HardenedDllNotificationCallback: load   00007fff88fb0000 LB 0x00036000 C:\WINDOWS\SYSTEM32\WINMM.dll [fFlags=0x0]
1a6c.532c: supR3HardenedScreenImage/LdrLoadDll: cache hit (VINF_SUCCESS) on \Device\HarddiskVolume3\Windows\System32\winmm.dll
1a6c.532c: supR3HardenedDllNotificationCallback: load   00007fff9a1f0000 LB 0x00009000 C:\WINDOWS\SYSTEM32\MSVCP140_1.dll [fFlags=0x0]
1a6c.532c: supR3HardenedScreenImage/LdrLoadDll: cache hit (VINF_SUCCESS) on \Device\HarddiskVolume3\Windows\System32\msvcp140_1.dll [avoiding WinVerifyTrust]
1a6c.532c: supR3HardenedDllNotificationCallback: load   00007fff7a4c0000 LB 0x00029000 C:\WINDOWS\SYSTEM32\SRVCLI.DLL [fFlags=0x0]
1a6c.532c: supR3HardenedScreenImage/LdrLoadDll: cache hit (VINF_SUCCESS) on \Device\HarddiskVolume3\Windows\System32\srvcli.dll [avoiding WinVerifyTrust]
1a6c.532c: supR3HardenedDllNotificationCallback: load   00007fff9bd40000 LB 0x0000d000 C:\WINDOWS\SYSTEM32\NETUTILS.DLL [fFlags=0x0]
1a6c.532c: supR3HardenedScreenImage/LdrLoadDll: cache hit (VINF_SUCCESS) on \Device\HarddiskVolume3\Windows\System32\netutils.dll [avoiding WinVerifyTrust]
1a6c.532c: supR3HardenedDllNotificationCallback: load   00007fff22080000 LB 0x005c3000 C:\Program Files\Oracle\VirtualBox\Qt6CoreVBox.dll [fFlags=0x0]
1a6c.532c: supR3HardenedDllNotificationCallback: load   00007fff9cee0000 LB 0x0005e000 C:\WINDOWS\SYSTEM32\powrprof.dll [fFlags=0x0]
1a6c.532c: supR3HardenedScreenImage/LdrLoadDll: cache hit (VINF_SUCCESS) on \Device\HarddiskVolume3\Windows\System32\powrprof.dll [avoiding WinVerifyTrust]
1a6c.532c: supR3HardenedDllNotificationCallback: load   00007fff9abd0000 LB 0x0013a000 C:\WINDOWS\SYSTEM32\dxgi.dll [fFlags=0x0]
1a6c.532c: supR3HardenedScreenImage/LdrLoadDll: cache hit (VINF_SUCCESS) on \Device\HarddiskVolume3\Windows\System32\dxgi.dll [avoiding WinVerifyTrust]
1a6c.532c: supR3HardenedDllNotificationCallback: load   00007fff94930000 LB 0x00261000 C:\WINDOWS\SYSTEM32\d3d11.dll [fFlags=0x0]
1a6c.532c: supR3HardenedScreenImage/LdrLoadDll: cache hit (VINF_SUCCESS) on \Device\HarddiskVolume3\Windows\System32\d3d11.dll [avoiding WinVerifyTrust]
1a6c.532c: supR3HardenedDllNotificationCallback: load   00007fff973e0000 LB 0x00025000 C:\WINDOWS\SYSTEM32\d3d12.dll [fFlags=0x0]
1a6c.532c: supR3HardenedScreenImage/LdrLoadDll: cache hit (VINF_SUCCESS) on \Device\HarddiskVolume3\Windows\System32\D3D12.dll [avoiding WinVerifyTrust]
1a6c.532c: supR3HardenedDllNotificationCallback: load   00007fff9a6d0000 LB 0x000aa000 C:\WINDOWS\SYSTEM32\UxTheme.dll [fFlags=0x0]
1a6c.532c: supR3HardenedScreenImage/LdrLoadDll: cache hit (22900) on \Device\HarddiskVolume3\Windows\System32\uxtheme.dll [avoiding WinVerifyTrust]
1a6c.532c: supR3HardenedDllNotificationCallback: load   00007fff94040000 LB 0x00267000 C:\WINDOWS\SYSTEM32\DWrite.dll [fFlags=0x0]
1a6c.532c: supR3HardenedScreenImage/LdrLoadDll: cache hit (22900) on \Device\HarddiskVolume3\Windows\System32\DWrite.dll [avoiding WinVerifyTrust]
1a6c.532c: supR3HardenedDllNotificationCallback: load   00007fff91560000 LB 0x00044000 C:\WINDOWS\SYSTEM32\MSVCP140_2.dll [fFlags=0x0]
1a6c.532c: supR3HardenedScreenImage/LdrLoadDll: cache hit (VINF_SUCCESS) on \Device\HarddiskVolume3\Windows\System32\msvcp140_2.dll [avoiding WinVerifyTrust]
1a6c.532c: supR3HardenedDllNotificationCallback: load   00007fff0d910000 LB 0x0088e000 C:\Program Files\Oracle\VirtualBox\Qt6GuiVBox.dll [fFlags=0x0]
1a6c.532c: supR3HardenedScreenImage/LdrLoadDll: cache hit (VINF_SUCCESS) on \Device\HarddiskVolume3\Program Files\Oracle\VirtualBox\Qt6GuiVBox.dll
1a6c.532c: supR3HardenedDllNotificationCallback: load   00007fff9ad30000 LB 0x0002f000 C:\WINDOWS\SYSTEM32\dwmapi.dll [fFlags=0x0]
1a6c.532c: supR3HardenedScreenImage/LdrLoadDll: cache hit (VINF_SUCCESS) on \Device\HarddiskVolume3\Windows\System32\dwmapi.dll [avoiding WinVerifyTrust]
1a6c.532c: supR3HardenedDllNotificationCallback: load   00007fff0ab30000 LB 0x0062a000 C:\Program Files\Oracle\VirtualBox\Qt6WidgetsVBox.dll [fFlags=0x0]
1a6c.532c: supR3HardenedScreenImage/LdrLoadDll: cache hit (VINF_SUCCESS) on \Device\HarddiskVolume3\Program Files\Oracle\VirtualBox\Qt6WidgetsVBox.dll
1a6c.532c: supR3HardenedDllNotificationCallback: load   00007fff8d070000 LB 0x0004d000 C:\Program Files\Oracle\VirtualBox\Qt6SqlVBox.dll [fFlags=0x0]
1a6c.532c: supR3HardenedScreenImage/LdrLoadDll: cache hit (VINF_SUCCESS) on \Device\HarddiskVolume3\Program Files\Oracle\VirtualBox\Qt6SqlVBox.dll [avoiding WinVerifyTrust]
1a6c.532c: supR3HardenedDllNotificationCallback: load   00007fff8b810000 LB 0x00092000 C:\Program Files\Oracle\VirtualBox\Qt6HelpVBox.dll [fFlags=0x0]
1a6c.532c: supR3HardenedScreenImage/LdrLoadDll: cache hit (VINF_SUCCESS) on \Device\HarddiskVolume3\Program Files\Oracle\VirtualBox\Qt6HelpVBox.dll
1a6c.532c: supR3HardenedDllNotificationCallback: load   00007fff92620000 LB 0x00055000 C:\Program Files\Oracle\VirtualBox\Qt6StateMachineVBox.dll [fFlags=0x0]
1a6c.532c: supR3HardenedScreenImage/LdrLoadDll: cache hit (VINF_SUCCESS) on \Device\HarddiskVolume3\Program Files\Oracle\VirtualBox\Qt6StateMachineVBox.dll
1a6c.532c: supR3HardenedDllNotificationCallback: load   00007fff9ef00000 LB 0x000d9000 C:\WINDOWS\System32\OLEAUT32.dll [fFlags=0x0]
1a6c.532c: supR3HardenedScreenImage/LdrLoadDll: cache hit (VINF_SUCCESS) on \Device\HarddiskVolume3\Windows\System32\oleaut32.dll
1a6c.532c: supR3HardenedDllNotificationCallback: load   00007fff0b160000 LB 0x01b74000 C:\Program Files\Oracle\VirtualBox\UICommon.dll [fFlags=0x0]
1a6c.532c: supR3HardenedScreenImage/LdrLoadDll: cache hit (VINF_SUCCESS) on \Device\HarddiskVolume3\Program Files\Oracle\VirtualBox\UICommon.dll
1a6c.532c: supR3HardenedDllNotificationCallback: load   00007fff558e0000 LB 0x00151000 C:\Program Files\Oracle\VirtualBox\VirtualBoxVM.dll [fFlags=0x0]
1a6c.532c: supR3HardenedScreenImage/LdrLoadDll: cache hit (VINF_SUCCESS) on \Device\HarddiskVolume3\Program Files\Oracle\VirtualBox\VirtualBoxVM.dll
1a6c.532c: supR3HardenedWinVerifyCacheScheduleImports: Import todo: #26 'win32u.dll'.
1a6c.532c: supHardenedWinVerifyImageByHandle: -> 0 (\Device\HarddiskVolume3\Windows\System32\imm32.dll)
1a6c.532c: supR3HardenedWinVerifyCacheInsert: \Device\HarddiskVolume3\Windows\System32\imm32.dll
1a6c.532c: supR3HardenedMonitor_NtCreateSection: NtMapViewOfSection failed on 0000000000000618 (hFile=00000000000005d0) with 0xc0000022 -> STATUS_TRUST_FAILURE
1a6c.532c: Detected loader lock ownership: rc=VINF_SUCCESS '\Device\HarddiskVolume3\Windows\System32\imm32.dll'.
1a6c.532c: supR3HardenedWinVerifyCacheProcessWvtTodos: 0 (was 0) fWinVerifyTrust=0 for '\Device\HarddiskVolume3\Windows\System32\imm32.dll' [rescheduled]
1a6c.532c: Detected loader lock ownership: rc=VINF_SUCCESS '\Device\HarddiskVolume3\Windows\System32\gdi32full.dll'.
1a6c.532c: supR3HardenedWinVerifyCacheProcessWvtTodos: 0 (was 0) fWinVerifyTrust=0 for '\Device\HarddiskVolume3\Windows\System32\gdi32full.dll' [rescheduled]
1a6c.532c: Detected loader lock ownership: rc=VINF_SUCCESS '\Device\HarddiskVolume3\Windows\System32\netutils.dll'.
1a6c.532c: supR3HardenedWinVerifyCacheProcessWvtTodos: 0 (was 0) fWinVerifyTrust=0 for '\Device\HarddiskVolume3\Windows\System32\netutils.dll' [rescheduled]
1a6c.532c: Detected loader lock ownership: rc=VINF_SUCCESS '\Device\HarddiskVolume3\Windows\System32\srvcli.dll'.
1a6c.532c: supR3HardenedWinVerifyCacheProcessWvtTodos: 0 (was 0) fWinVerifyTrust=0 for '\Device\HarddiskVolume3\Windows\System32\srvcli.dll' [rescheduled]
1a6c.532c: Detected loader lock ownership: rc=VINF_SUCCESS '\Device\HarddiskVolume3\Windows\System32\powrprof.dll'.
1a6c.532c: supR3HardenedWinVerifyCacheProcessWvtTodos: 0 (was 0) fWinVerifyTrust=0 for '\Device\HarddiskVolume3\Windows\System32\powrprof.dll' [rescheduled]
1a6c.532c: Detected loader lock ownership: rc=VINF_SUCCESS '\Device\HarddiskVolume3\Program Files\Oracle\VirtualBox\Qt6SqlVBox.dll'.
1a6c.532c: supR3HardenedWinVerifyCacheProcessWvtTodos: 0 (was 0) fWinVerifyTrust=0 for '\Device\HarddiskVolume3\Program Files\Oracle\VirtualBox\Qt6SqlVBox.dll' [rescheduled]
1a6c.532c: Detected loader lock ownership: rc=VINF_SUCCESS '\Device\HarddiskVolume3\Windows\System32\mpr.dll'.
1a6c.532c: supR3HardenedWinVerifyCacheProcessWvtTodos: 0 (was 0) fWinVerifyTrust=0 for '\Device\HarddiskVolume3\Windows\System32\mpr.dll' [rescheduled]
1a6c.532c: Detected loader lock ownership: rc=VINF_SUCCESS '\Device\HarddiskVolume3\Windows\System32\userenv.dll'.
1a6c.532c: supR3HardenedWinVerifyCacheProcessWvtTodos: 0 (was 0) fWinVerifyTrust=0 for '\Device\HarddiskVolume3\Windows\System32\userenv.dll' [rescheduled]
1a6c.532c: Detected loader lock ownership: rc=22900 '\Device\HarddiskVolume3\Windows\System32\authz.dll'.
1a6c.532c: supR3HardenedWinVerifyCacheProcessWvtTodos: 22900 (was 22900) fWinVerifyTrust=0 for '\Device\HarddiskVolume3\Windows\System32\authz.dll' [rescheduled]
1a6c.532c: Detected loader lock ownership: rc=VINF_SUCCESS '\Device\HarddiskVolume3\Windows\System32\netapi32.dll'.
1a6c.532c: supR3HardenedWinVerifyCacheProcessWvtTodos: 0 (was 0) fWinVerifyTrust=0 for '\Device\HarddiskVolume3\Windows\System32\netapi32.dll' [rescheduled]
1a6c.532c: Detected loader lock ownership: rc=VINF_SUCCESS '\Device\HarddiskVolume3\Windows\System32\version.dll'.
1a6c.532c: supR3HardenedWinVerifyCacheProcessWvtTodos: 0 (was 0) fWinVerifyTrust=0 for '\Device\HarddiskVolume3\Windows\System32\version.dll' [rescheduled]
1a6c.532c: Detected loader lock ownership: rc=VINF_SUCCESS '\Device\HarddiskVolume3\Windows\System32\d3d11.dll'.
1a6c.532c: supR3HardenedWinVerifyCacheProcessWvtTodos: 0 (was 0) fWinVerifyTrust=0 for '\Device\HarddiskVolume3\Windows\System32\d3d11.dll' [rescheduled]
1a6c.532c: Detected loader lock ownership: rc=VINF_SUCCESS '\Device\HarddiskVolume3\Windows\System32\dxgi.dll'.
1a6c.532c: supR3HardenedWinVerifyCacheProcessWvtTodos: 0 (was 0) fWinVerifyTrust=0 for '\Device\HarddiskVolume3\Windows\System32\dxgi.dll' [rescheduled]
1a6c.532c: Detected loader lock ownership: rc=VINF_SUCCESS '\Device\HarddiskVolume3\Windows\System32\D3D12.dll'.
1a6c.532c: supR3HardenedWinVerifyCacheProcessWvtTodos: 0 (was 0) fWinVerifyTrust=0 for '\Device\HarddiskVolume3\Windows\System32\D3D12.dll' [rescheduled]
1a6c.532c: Detected loader lock ownership: rc=VINF_SUCCESS '\Device\HarddiskVolume3\Windows\System32\shell32.dll'.
1a6c.532c: supR3HardenedWinVerifyCacheProcessWvtTodos: 0 (was 0) fWinVerifyTrust=0 for '\Device\HarddiskVolume3\Windows\System32\shell32.dll' [rescheduled]
1a6c.532c: Detected loader lock ownership: rc=22900 '\Device\HarddiskVolume3\Windows\System32\DWrite.dll'.
1a6c.532c: supR3HardenedWinVerifyCacheProcessWvtTodos: 22900 (was 22900) fWinVerifyTrust=0 for '\Device\HarddiskVolume3\Windows\System32\DWrite.dll' [rescheduled]
1a6c.532c: Detected loader lock ownership: rc=VINF_SUCCESS '\Device\HarddiskVolume3\Windows\System32\msvcp140_2.dll'.
1a6c.532c: supR3HardenedWinVerifyCacheProcessWvtTodos: 0 (was 0) fWinVerifyTrust=0 for '\Device\HarddiskVolume3\Windows\System32\msvcp140_2.dll' [rescheduled]
1a6c.532c: Detected loader lock ownership: rc=VINF_SUCCESS '\Device\HarddiskVolume3\Windows\System32\dwmapi.dll'.
1a6c.532c: supR3HardenedWinVerifyCacheProcessWvtTodos: 0 (was 0) fWinVerifyTrust=0 for '\Device\HarddiskVolume3\Windows\System32\dwmapi.dll' [rescheduled]
1a6c.532c: Detected loader lock ownership: rc=22900 '\Device\HarddiskVolume3\Windows\System32\uxtheme.dll'.
1a6c.532c: supR3HardenedWinVerifyCacheProcessWvtTodos: 22900 (was 22900) fWinVerifyTrust=0 for '\Device\HarddiskVolume3\Windows\System32\uxtheme.dll' [rescheduled]
1a6c.532c: Detected loader lock ownership: rc=VINF_SUCCESS '\Device\HarddiskVolume3\Windows\System32\msvcp140_1.dll'.
1a6c.532c: supR3HardenedWinVerifyCacheProcessWvtTodos: 0 (was 0) fWinVerifyTrust=0 for '\Device\HarddiskVolume3\Windows\System32\msvcp140_1.dll' [rescheduled]
1a6c.532c: Detected loader lock ownership: rc=VINF_SUCCESS '\Device\HarddiskVolume3\Windows\System32\win32u.dll'.
1a6c.532c: supR3HardenedWinVerifyCacheProcessWvtTodos: 0 (was 0) fWinVerifyTrust=0 for '\Device\HarddiskVolume3\Windows\System32\win32u.dll' [rescheduled]
1a6c.532c: Detected loader lock ownership: rc=VINF_SUCCESS '\Device\HarddiskVolume3\Windows\System32\gdi32.dll'.
1a6c.532c: supR3HardenedWinVerifyCacheProcessWvtTodos: 0 (was 0) fWinVerifyTrust=0 for '\Device\HarddiskVolume3\Windows\System32\gdi32.dll' [rescheduled]
1a6c.532c: Detected loader lock ownership: rc=VINF_SUCCESS '\Device\HarddiskVolume3\Windows\System32\combase.dll'.
1a6c.532c: supR3HardenedWinVerifyCacheProcessWvtTodos: 0 (was 0) fWinVerifyTrust=0 for '\Device\HarddiskVolume3\Windows\System32\combase.dll' [rescheduled]
1a6c.532c: supR3HardenedScreenImage/LdrLoadDll: cache hit (VINF_SUCCESS) on \Device\HarddiskVolume3\Windows\System32\imm32.dll [redoing WinVerifyTrust]
1a6c.532c: Detected loader lock ownership: rc=VINF_SUCCESS '\Device\HarddiskVolume3\Windows\System32\imm32.dll'.
1a6c.532c: supR3HardenedScreenImage/LdrLoadDll: WinVerifyTrust not available, rescheduling \Device\HarddiskVolume3\Windows\System32\imm32.dll
1a6c.532c: supR3HardenedWinVerifyCacheProcessImportTodos: Processing 'win32u.dll'...
1a6c.532c: supR3HardenedWinVerifyCacheProcessImportTodos: 'win32u.dll' -> '\Device\HarddiskVolume3\Windows\System32\win32u.dll' [rcNtRedir=0xc0150008]
1a6c.532c: supR3HardenedScreenImage/Imports: cache hit (VINF_SUCCESS) on \Device\HarddiskVolume3\Windows\System32\win32u.dll [redoing WinVerifyTrust]
1a6c.532c: Detected loader lock ownership: rc=VINF_SUCCESS '\Device\HarddiskVolume3\Windows\System32\win32u.dll'.
1a6c.532c: supR3HardenedScreenImage/Imports: WinVerifyTrust not available, rescheduling \Device\HarddiskVolume3\Windows\System32\win32u.dll
1a6c.532c: supR3HardenedWinVerifyCacheProcessImportTodos: Processing 'win32u.dll'...
1a6c.532c: supR3HardenedWinVerifyCacheProcessImportTodos: 'win32u.dll' -> '\Device\HarddiskVolume3\Windows\System32\win32u.dll' [rcNtRedir=0xc0150008]
1a6c.532c: supR3HardenedScreenImage/Imports: cache hit (VINF_SUCCESS) on \Device\HarddiskVolume3\Windows\System32\win32u.dll [redoing WinVerifyTrust]
1a6c.532c: Detected loader lock ownership: rc=VINF_SUCCESS '\Device\HarddiskVolume3\Windows\System32\win32u.dll'.
1a6c.532c: supR3HardenedScreenImage/Imports: WinVerifyTrust not available, rescheduling \Device\HarddiskVolume3\Windows\System32\win32u.dll
1a6c.532c: supR3HardenedWinVerifyCacheProcessImportTodos: Processing 'user32.dll'...
1a6c.532c: supR3HardenedWinVerifyCacheProcessImportTodos: 'user32.dll' -> '\Device\HarddiskVolume3\Windows\System32\user32.dll' [rcNtRedir=0xc0150008]
1a6c.532c: supR3HardenedWinVerifyCacheProcessImportTodos: Processing 'gdi32.dll'...
1a6c.532c: supR3HardenedWinVerifyCacheProcessImportTodos: 'gdi32.dll' -> '\Device\HarddiskVolume3\Windows\System32\gdi32.dll' [rcNtRedir=0xc0150008]
1a6c.532c: supR3HardenedScreenImage/Imports: cache hit (VINF_SUCCESS) on \Device\HarddiskVolume3\Windows\System32\gdi32.dll [redoing WinVerifyTrust]
1a6c.532c: Detected loader lock ownership: rc=VINF_SUCCESS '\Device\HarddiskVolume3\Windows\System32\gdi32.dll'.
1a6c.532c: supR3HardenedScreenImage/Imports: WinVerifyTrust not available, rescheduling \Device\HarddiskVolume3\Windows\System32\gdi32.dll
1a6c.532c: supR3HardenedWinVerifyCacheProcessImportTodos: Processing 'msvcp_win.dll'...
1a6c.532c: supR3HardenedWinVerifyCacheProcessImportTodos: 'msvcp_win.dll' -> '\Device\HarddiskVolume3\Windows\System32\msvcp_win.dll' [rcNtRedir=0xc0150008]
1a6c.532c: supR3HardenedWinVerifyCacheProcessImportTodos: Processing 'rpcrt4.dll'...
1a6c.532c: supR3HardenedWinVerifyCacheProcessImportTodos: 'rpcrt4.dll' -> '\Device\HarddiskVolume3\Windows\System32\rpcrt4.dll' [rcNtRedir=0xc0150008]
1a6c.532c: supR3HardenedWinVerifyCacheProcessImportTodos: Processing 'rpcrt4.dll'...
1a6c.532c: supR3HardenedWinVerifyCacheProcessImportTodos: 'rpcrt4.dll' -> '\Device\HarddiskVolume3\Windows\System32\rpcrt4.dll' [rcNtRedir=0xc0150008]
1a6c.532c: supR3HardenedMonitor_LdrLoadDll: pName=C:\WINDOWS\system32\IMM32.DLL (rcNtResolve=0xc0150008) *pfFlags=0x0 pwszSearchPath=0000000000000009:<flags> [calling]
1a6c.532c: supR3HardenedDllNotificationCallback: load   00007fff9e610000 LB 0x00032000 C:\WINDOWS\System32\IMM32.DLL [fFlags=0x0]
1a6c.532c: supR3HardenedScreenImage/LdrLoadDll: cache hit (VINF_SUCCESS) on \Device\HarddiskVolume3\Windows\System32\imm32.dll [avoiding WinVerifyTrust]
1a6c.532c: supR3HardenedMonitor_LdrLoadDll: returns rcNt=0x0 hMod=00007fff9e610000 'C:\WINDOWS\system32\IMM32.DLL'
1a6c.532c: Detected loader lock ownership: rc=VINF_SUCCESS '\Device\HarddiskVolume3\Windows\System32\imm32.dll'.
1a6c.532c: supR3HardenedWinVerifyCacheProcessWvtTodos: 0 (was 0) fWinVerifyTrust=0 for '\Device\HarddiskVolume3\Windows\System32\imm32.dll' [rescheduled]
1a6c.532c: Detected loader lock ownership: rc=VINF_SUCCESS '\Device\HarddiskVolume3\Windows\System32\gdi32full.dll'.
1a6c.532c: supR3HardenedWinVerifyCacheProcessWvtTodos: 0 (was 0) fWinVerifyTrust=0 for '\Device\HarddiskVolume3\Windows\System32\gdi32full.dll' [rescheduled]
1a6c.532c: Detected loader lock ownership: rc=VINF_SUCCESS '\Device\HarddiskVolume3\Windows\System32\netutils.dll'.
1a6c.532c: supR3HardenedWinVerifyCacheProcessWvtTodos: 0 (was 0) fWinVerifyTrust=0 for '\Device\HarddiskVolume3\Windows\System32\netutils.dll' [rescheduled]
1a6c.532c: Detected loader lock ownership: rc=VINF_SUCCESS '\Device\HarddiskVolume3\Windows\System32\srvcli.dll'.
1a6c.532c: supR3HardenedWinVerifyCacheProcessWvtTodos: 0 (was 0) fWinVerifyTrust=0 for '\Device\HarddiskVolume3\Windows\System32\srvcli.dll' [rescheduled]
1a6c.532c: Detected loader lock ownership: rc=VINF_SUCCESS '\Device\HarddiskVolume3\Windows\System32\powrprof.dll'.
1a6c.532c: supR3HardenedWinVerifyCacheProcessWvtTodos: 0 (was 0) fWinVerifyTrust=0 for '\Device\HarddiskVolume3\Windows\System32\powrprof.dll' [rescheduled]
1a6c.532c: Detected loader lock ownership: rc=VINF_SUCCESS '\Device\HarddiskVolume3\Program Files\Oracle\VirtualBox\Qt6SqlVBox.dll'.
1a6c.532c: supR3HardenedWinVerifyCacheProcessWvtTodos: 0 (was 0) fWinVerifyTrust=0 for '\Device\HarddiskVolume3\Program Files\Oracle\VirtualBox\Qt6SqlVBox.dll' [rescheduled]
1a6c.532c: Detected loader lock ownership: rc=VINF_SUCCESS '\Device\HarddiskVolume3\Windows\System32\mpr.dll'.
1a6c.532c: supR3HardenedWinVerifyCacheProcessWvtTodos: 0 (was 0) fWinVerifyTrust=0 for '\Device\HarddiskVolume3\Windows\System32\mpr.dll' [rescheduled]
1a6c.532c: Detected loader lock ownership: rc=VINF_SUCCESS '\Device\HarddiskVolume3\Windows\System32\userenv.dll'.
1a6c.532c: supR3HardenedWinVerifyCacheProcessWvtTodos: 0 (was 0) fWinVerifyTrust=0 for '\Device\HarddiskVolume3\Windows\System32\userenv.dll' [rescheduled]
1a6c.532c: Detected loader lock ownership: rc=22900 '\Device\HarddiskVolume3\Windows\System32\authz.dll'.
1a6c.532c: supR3HardenedWinVerifyCacheProcessWvtTodos: 22900 (was 22900) fWinVerifyTrust=0 for '\Device\HarddiskVolume3\Windows\System32\authz.dll' [rescheduled]
1a6c.532c: Detected loader lock ownership: rc=VINF_SUCCESS '\Device\HarddiskVolume3\Windows\System32\netapi32.dll'.
1a6c.532c: supR3HardenedWinVerifyCacheProcessWvtTodos: 0 (was 0) fWinVerifyTrust=0 for '\Device\HarddiskVolume3\Windows\System32\netapi32.dll' [rescheduled]
1a6c.532c: Detected loader lock ownership: rc=VINF_SUCCESS '\Device\HarddiskVolume3\Windows\System32\version.dll'.
1a6c.532c: supR3HardenedWinVerifyCacheProcessWvtTodos: 0 (was 0) fWinVerifyTrust=0 for '\Device\HarddiskVolume3\Windows\System32\version.dll' [rescheduled]
1a6c.532c: Detected loader lock ownership: rc=VINF_SUCCESS '\Device\HarddiskVolume3\Windows\System32\d3d11.dll'.
1a6c.532c: supR3HardenedWinVerifyCacheProcessWvtTodos: 0 (was 0) fWinVerifyTrust=0 for '\Device\HarddiskVolume3\Windows\System32\d3d11.dll' [rescheduled]
1a6c.532c: Detected loader lock ownership: rc=VINF_SUCCESS '\Device\HarddiskVolume3\Windows\System32\dxgi.dll'.
1a6c.532c: supR3HardenedWinVerifyCacheProcessWvtTodos: 0 (was 0) fWinVerifyTrust=0 for '\Device\HarddiskVolume3\Windows\System32\dxgi.dll' [rescheduled]
1a6c.532c: Detected loader lock ownership: rc=VINF_SUCCESS '\Device\HarddiskVolume3\Windows\System32\D3D12.dll'.
1a6c.532c: supR3HardenedWinVerifyCacheProcessWvtTodos: 0 (was 0) fWinVerifyTrust=0 for '\Device\HarddiskVolume3\Windows\System32\D3D12.dll' [rescheduled]
1a6c.532c: Detected loader lock ownership: rc=VINF_SUCCESS '\Device\HarddiskVolume3\Windows\System32\shell32.dll'.
1a6c.532c: supR3HardenedWinVerifyCacheProcessWvtTodos: 0 (was 0) fWinVerifyTrust=0 for '\Device\HarddiskVolume3\Windows\System32\shell32.dll' [rescheduled]
1a6c.532c: Detected loader lock ownership: rc=22900 '\Device\HarddiskVolume3\Windows\System32\DWrite.dll'.
1a6c.532c: supR3HardenedWinVerifyCacheProcessWvtTodos: 22900 (was 22900) fWinVerifyTrust=0 for '\Device\HarddiskVolume3\Windows\System32\DWrite.dll' [rescheduled]
1a6c.532c: Detected loader lock ownership: rc=VINF_SUCCESS '\Device\HarddiskVolume3\Windows\System32\msvcp140_2.dll'.
1a6c.532c: supR3HardenedWinVerifyCacheProcessWvtTodos: 0 (was 0) fWinVerifyTrust=0 for '\Device\HarddiskVolume3\Windows\System32\msvcp140_2.dll' [rescheduled]
1a6c.532c: Detected loader lock ownership: rc=VINF_SUCCESS '\Device\HarddiskVolume3\Windows\System32\dwmapi.dll'.
1a6c.532c: supR3HardenedWinVerifyCacheProcessWvtTodos: 0 (was 0) fWinVerifyTrust=0 for '\Device\HarddiskVolume3\Windows\System32\dwmapi.dll' [rescheduled]
1a6c.532c: Detected loader lock ownership: rc=22900 '\Device\HarddiskVolume3\Windows\System32\uxtheme.dll'.
1a6c.532c: supR3HardenedWinVerifyCacheProcessWvtTodos: 22900 (was 22900) fWinVerifyTrust=0 for '\Device\HarddiskVolume3\Windows\System32\uxtheme.dll' [rescheduled]
1a6c.532c: Detected loader lock ownership: rc=VINF_SUCCESS '\Device\HarddiskVolume3\Windows\System32\msvcp140_1.dll'.
1a6c.532c: supR3HardenedWinVerifyCacheProcessWvtTodos: 0 (was 0) fWinVerifyTrust=0 for '\Device\HarddiskVolume3\Windows\System32\msvcp140_1.dll' [rescheduled]
1a6c.532c: Detected loader lock ownership: rc=VINF_SUCCESS '\Device\HarddiskVolume3\Windows\System32\win32u.dll'.
1a6c.532c: supR3HardenedWinVerifyCacheProcessWvtTodos: 0 (was 0) fWinVerifyTrust=0 for '\Device\HarddiskVolume3\Windows\System32\win32u.dll' [rescheduled]
1a6c.532c: Detected loader lock ownership: rc=VINF_SUCCESS '\Device\HarddiskVolume3\Windows\System32\gdi32.dll'.
1a6c.532c: supR3HardenedWinVerifyCacheProcessWvtTodos: 0 (was 0) fWinVerifyTrust=0 for '\Device\HarddiskVolume3\Windows\System32\gdi32.dll' [rescheduled]
1a6c.532c: Detected loader lock ownership: rc=VINF_SUCCESS '\Device\HarddiskVolume3\Windows\System32\combase.dll'.
1a6c.532c: supR3HardenedWinVerifyCacheProcessWvtTodos: 0 (was 0) fWinVerifyTrust=0 for '\Device\HarddiskVolume3\Windows\System32\combase.dll' [rescheduled]
1a6c.532c: supHardenedWinVerifyImageByHandle: -> 0 (\Device\HarddiskVolume3\Windows\System32\umpdc.dll)
1a6c.532c: supR3HardenedWinVerifyCacheInsert: \Device\HarddiskVolume3\Windows\System32\umpdc.dll
1a6c.532c: supR3HardenedDllNotificationCallback: load   00007fff9ce70000 LB 0x00014000 C:\WINDOWS\SYSTEM32\UMPDC.dll [fFlags=0x0]
1a6c.532c: supR3HardenedScreenImage/LdrLoadDll: cache hit (VINF_SUCCESS) on \Device\HarddiskVolume3\Windows\System32\umpdc.dll [avoiding WinVerifyTrust]
1a6c.532c: Detected loader lock ownership: rc=VINF_SUCCESS '\Device\HarddiskVolume3\Windows\System32\umpdc.dll'.
1a6c.532c: supR3HardenedWinVerifyCacheProcessWvtTodos: 0 (was 0) fWinVerifyTrust=0 for '\Device\HarddiskVolume3\Windows\System32\umpdc.dll' [rescheduled]
1a6c.532c: Detected loader lock ownership: rc=VINF_SUCCESS '\Device\HarddiskVolume3\Windows\System32\imm32.dll'.
1a6c.532c: supR3HardenedWinVerifyCacheProcessWvtTodos: 0 (was 0) fWinVerifyTrust=0 for '\Device\HarddiskVolume3\Windows\System32\imm32.dll' [rescheduled]
1a6c.532c: Detected loader lock ownership: rc=VINF_SUCCESS '\Device\HarddiskVolume3\Windows\System32\gdi32full.dll'.
1a6c.532c: supR3HardenedWinVerifyCacheProcessWvtTodos: 0 (was 0) fWinVerifyTrust=0 for '\Device\HarddiskVolume3\Windows\System32\gdi32full.dll' [rescheduled]
1a6c.532c: Detected loader lock ownership: rc=VINF_SUCCESS '\Device\HarddiskVolume3\Windows\System32\netutils.dll'.
1a6c.532c: supR3HardenedWinVerifyCacheProcessWvtTodos: 0 (was 0) fWinVerifyTrust=0 for '\Device\HarddiskVolume3\Windows\System32\netutils.dll' [rescheduled]
1a6c.532c: Detected loader lock ownership: rc=VINF_SUCCESS '\Device\HarddiskVolume3\Windows\System32\srvcli.dll'.
1a6c.532c: supR3HardenedWinVerifyCacheProcessWvtTodos: 0 (was 0) fWinVerifyTrust=0 for '\Device\HarddiskVolume3\Windows\System32\srvcli.dll' [rescheduled]
1a6c.532c: Detected loader lock ownership: rc=VINF_SUCCESS '\Device\HarddiskVolume3\Windows\System32\powrprof.dll'.
1a6c.532c: supR3HardenedWinVerifyCacheProcessWvtTodos: 0 (was 0) fWinVerifyTrust=0 for '\Device\HarddiskVolume3\Windows\System32\powrprof.dll' [rescheduled]
1a6c.532c: Detected loader lock ownership: rc=VINF_SUCCESS '\Device\HarddiskVolume3\Program Files\Oracle\VirtualBox\Qt6SqlVBox.dll'.
1a6c.532c: supR3HardenedWinVerifyCacheProcessWvtTodos: 0 (was 0) fWinVerifyTrust=0 for '\Device\HarddiskVolume3\Program Files\Oracle\VirtualBox\Qt6SqlVBox.dll' [rescheduled]
1a6c.532c: Detected loader lock ownership: rc=VINF_SUCCESS '\Device\HarddiskVolume3\Windows\System32\mpr.dll'.
1a6c.532c: supR3HardenedWinVerifyCacheProcessWvtTodos: 0 (was 0) fWinVerifyTrust=0 for '\Device\HarddiskVolume3\Windows\System32\mpr.dll' [rescheduled]
1a6c.532c: Detected loader lock ownership: rc=VINF_SUCCESS '\Device\HarddiskVolume3\Windows\System32\userenv.dll'.
1a6c.532c: supR3HardenedWinVerifyCacheProcessWvtTodos: 0 (was 0) fWinVerifyTrust=0 for '\Device\HarddiskVolume3\Windows\System32\userenv.dll' [rescheduled]
1a6c.532c: Detected loader lock ownership: rc=22900 '\Device\HarddiskVolume3\Windows\System32\authz.dll'.
1a6c.532c: supR3HardenedWinVerifyCacheProcessWvtTodos: 22900 (was 22900) fWinVerifyTrust=0 for '\Device\HarddiskVolume3\Windows\System32\authz.dll' [rescheduled]
1a6c.532c: Detected loader lock ownership: rc=VINF_SUCCESS '\Device\HarddiskVolume3\Windows\System32\netapi32.dll'.
1a6c.532c: supR3HardenedWinVerifyCacheProcessWvtTodos: 0 (was 0) fWinVerifyTrust=0 for '\Device\HarddiskVolume3\Windows\System32\netapi32.dll' [rescheduled]
1a6c.532c: Detected loader lock ownership: rc=VINF_SUCCESS '\Device\HarddiskVolume3\Windows\System32\version.dll'.
1a6c.532c: supR3HardenedWinVerifyCacheProcessWvtTodos: 0 (was 0) fWinVerifyTrust=0 for '\Device\HarddiskVolume3\Windows\System32\version.dll' [rescheduled]
1a6c.532c: Detected loader lock ownership: rc=VINF_SUCCESS '\Device\HarddiskVolume3\Windows\System32\d3d11.dll'.
1a6c.532c: supR3HardenedWinVerifyCacheProcessWvtTodos: 0 (was 0) fWinVerifyTrust=0 for '\Device\HarddiskVolume3\Windows\System32\d3d11.dll' [rescheduled]
1a6c.532c: Detected loader lock ownership: rc=VINF_SUCCESS '\Device\HarddiskVolume3\Windows\System32\dxgi.dll'.
1a6c.532c: supR3HardenedWinVerifyCacheProcessWvtTodos: 0 (was 0) fWinVerifyTrust=0 for '\Device\HarddiskVolume3\Windows\System32\dxgi.dll' [rescheduled]
1a6c.532c: Detected loader lock ownership: rc=VINF_SUCCESS '\Device\HarddiskVolume3\Windows\System32\D3D12.dll'.
1a6c.532c: supR3HardenedWinVerifyCacheProcessWvtTodos: 0 (was 0) fWinVerifyTrust=0 for '\Device\HarddiskVolume3\Windows\System32\D3D12.dll' [rescheduled]
1a6c.532c: Detected loader lock ownership: rc=VINF_SUCCESS '\Device\HarddiskVolume3\Windows\System32\shell32.dll'.
1a6c.532c: supR3HardenedWinVerifyCacheProcessWvtTodos: 0 (was 0) fWinVerifyTrust=0 for '\Device\HarddiskVolume3\Windows\System32\shell32.dll' [rescheduled]
1a6c.532c: Detected loader lock ownership: rc=22900 '\Device\HarddiskVolume3\Windows\System32\DWrite.dll'.
1a6c.532c: supR3HardenedWinVerifyCacheProcessWvtTodos: 22900 (was 22900) fWinVerifyTrust=0 for '\Device\HarddiskVolume3\Windows\System32\DWrite.dll' [rescheduled]
1a6c.532c: Detected loader lock ownership: rc=VINF_SUCCESS '\Device\HarddiskVolume3\Windows\System32\msvcp140_2.dll'.
1a6c.532c: supR3HardenedWinVerifyCacheProcessWvtTodos: 0 (was 0) fWinVerifyTrust=0 for '\Device\HarddiskVolume3\Windows\System32\msvcp140_2.dll' [rescheduled]
1a6c.532c: Detected loader lock ownership: rc=VINF_SUCCESS '\Device\HarddiskVolume3\Windows\System32\dwmapi.dll'.
1a6c.532c: supR3HardenedWinVerifyCacheProcessWvtTodos: 0 (was 0) fWinVerifyTrust=0 for '\Device\HarddiskVolume3\Windows\System32\dwmapi.dll' [rescheduled]
1a6c.532c: Detected loader lock ownership: rc=22900 '\Device\HarddiskVolume3\Windows\System32\uxtheme.dll'.
1a6c.532c: supR3HardenedWinVerifyCacheProcessWvtTodos: 22900 (was 22900) fWinVerifyTrust=0 for '\Device\HarddiskVolume3\Windows\System32\uxtheme.dll' [rescheduled]
1a6c.532c: Detected loader lock ownership: rc=VINF_SUCCESS '\Device\HarddiskVolume3\Windows\System32\msvcp140_1.dll'.
1a6c.532c: supR3HardenedWinVerifyCacheProcessWvtTodos: 0 (was 0) fWinVerifyTrust=0 for '\Device\HarddiskVolume3\Windows\System32\msvcp140_1.dll' [rescheduled]
1a6c.532c: Detected loader lock ownership: rc=VINF_SUCCESS '\Device\HarddiskVolume3\Windows\System32\win32u.dll'.
1a6c.532c: supR3HardenedWinVerifyCacheProcessWvtTodos: 0 (was 0) fWinVerifyTrust=0 for '\Device\HarddiskVolume3\Windows\System32\win32u.dll' [rescheduled]
1a6c.532c: Detected loader lock ownership: rc=VINF_SUCCESS '\Device\HarddiskVolume3\Windows\System32\gdi32.dll'.
1a6c.532c: supR3HardenedWinVerifyCacheProcessWvtTodos: 0 (was 0) fWinVerifyTrust=0 for '\Device\HarddiskVolume3\Windows\System32\gdi32.dll' [rescheduled]
1a6c.532c: Detected loader lock ownership: rc=VINF_SUCCESS '\Device\HarddiskVolume3\Windows\System32\combase.dll'.
1a6c.532c: supR3HardenedWinVerifyCacheProcessWvtTodos: 0 (was 0) fWinVerifyTrust=0 for '\Device\HarddiskVolume3\Windows\System32\combase.dll' [rescheduled]
1a6c.532c: supR3HardenedScreenImage/LdrLoadDll: cache hit (VINF_SUCCESS) on \Device\HarddiskVolume3\Windows\System32\gdi32.dll [redoing WinVerifyTrust]
1a6c.532c: Detected loader lock ownership: rc=VINF_SUCCESS '\Device\HarddiskVolume3\Windows\System32\gdi32.dll'.
1a6c.532c: supR3HardenedScreenImage/LdrLoadDll: WinVerifyTrust not available, rescheduling \Device\HarddiskVolume3\Windows\System32\gdi32.dll
1a6c.532c: supR3HardenedMonitor_LdrLoadDll: returns rcNt=0x0 hMod=00007fff9e650000 'C:\WINDOWS\System32\gdi32.dll'
1a6c.532c: Detected loader lock ownership: rc=VINF_SUCCESS '\Device\HarddiskVolume3\Windows\System32\umpdc.dll'.
1a6c.532c: supR3HardenedWinVerifyCacheProcessWvtTodos: 0 (was 0) fWinVerifyTrust=0 for '\Device\HarddiskVolume3\Windows\System32\umpdc.dll' [rescheduled]
1a6c.532c: Detected loader lock ownership: rc=VINF_SUCCESS '\Device\HarddiskVolume3\Windows\System32\imm32.dll'.
1a6c.532c: supR3HardenedWinVerifyCacheProcessWvtTodos: 0 (was 0) fWinVerifyTrust=0 for '\Device\HarddiskVolume3\Windows\System32\imm32.dll' [rescheduled]
1a6c.532c: Detected loader lock ownership: rc=VINF_SUCCESS '\Device\HarddiskVolume3\Windows\System32\gdi32full.dll'.
1a6c.532c: supR3HardenedWinVerifyCacheProcessWvtTodos: 0 (was 0) fWinVerifyTrust=0 for '\Device\HarddiskVolume3\Windows\System32\gdi32full.dll' [rescheduled]
1a6c.532c: Detected loader lock ownership: rc=VINF_SUCCESS '\Device\HarddiskVolume3\Windows\System32\netutils.dll'.
1a6c.532c: supR3HardenedWinVerifyCacheProcessWvtTodos: 0 (was 0) fWinVerifyTrust=0 for '\Device\HarddiskVolume3\Windows\System32\netutils.dll' [rescheduled]
1a6c.532c: Detected loader lock ownership: rc=VINF_SUCCESS '\Device\HarddiskVolume3\Windows\System32\srvcli.dll'.
1a6c.532c: supR3HardenedWinVerifyCacheProcessWvtTodos: 0 (was 0) fWinVerifyTrust=0 for '\Device\HarddiskVolume3\Windows\System32\srvcli.dll' [rescheduled]
1a6c.532c: Detected loader lock ownership: rc=VINF_SUCCESS '\Device\HarddiskVolume3\Windows\System32\powrprof.dll'.
1a6c.532c: supR3HardenedWinVerifyCacheProcessWvtTodos: 0 (was 0) fWinVerifyTrust=0 for '\Device\HarddiskVolume3\Windows\System32\powrprof.dll' [rescheduled]
1a6c.532c: Detected loader lock ownership: rc=VINF_SUCCESS '\Device\HarddiskVolume3\Program Files\Oracle\VirtualBox\Qt6SqlVBox.dll'.
1a6c.532c: supR3HardenedWinVerifyCacheProcessWvtTodos: 0 (was 0) fWinVerifyTrust=0 for '\Device\HarddiskVolume3\Program Files\Oracle\VirtualBox\Qt6SqlVBox.dll' [rescheduled]
1a6c.532c: Detected loader lock ownership: rc=VINF_SUCCESS '\Device\HarddiskVolume3\Windows\System32\mpr.dll'.
1a6c.532c: supR3HardenedWinVerifyCacheProcessWvtTodos: 0 (was 0) fWinVerifyTrust=0 for '\Device\HarddiskVolume3\Windows\System32\mpr.dll' [rescheduled]
1a6c.532c: Detected loader lock ownership: rc=VINF_SUCCESS '\Device\HarddiskVolume3\Windows\System32\userenv.dll'.
1a6c.532c: supR3HardenedWinVerifyCacheProcessWvtTodos: 0 (was 0) fWinVerifyTrust=0 for '\Device\HarddiskVolume3\Windows\System32\userenv.dll' [rescheduled]
1a6c.532c: Detected loader lock ownership: rc=22900 '\Device\HarddiskVolume3\Windows\System32\authz.dll'.
1a6c.532c: supR3HardenedWinVerifyCacheProcessWvtTodos: 22900 (was 22900) fWinVerifyTrust=0 for '\Device\HarddiskVolume3\Windows\System32\authz.dll' [rescheduled]
1a6c.532c: Detected loader lock ownership: rc=VINF_SUCCESS '\Device\HarddiskVolume3\Windows\System32\netapi32.dll'.
1a6c.532c: supR3HardenedWinVerifyCacheProcessWvtTodos: 0 (was 0) fWinVerifyTrust=0 for '\Device\HarddiskVolume3\Windows\System32\netapi32.dll' [rescheduled]
1a6c.532c: Detected loader lock ownership: rc=VINF_SUCCESS '\Device\HarddiskVolume3\Windows\System32\version.dll'.
1a6c.532c: supR3HardenedWinVerifyCacheProcessWvtTodos: 0 (was 0) fWinVerifyTrust=0 for '\Device\HarddiskVolume3\Windows\System32\version.dll' [rescheduled]
1a6c.532c: Detected loader lock ownership: rc=VINF_SUCCESS '\Device\HarddiskVolume3\Windows\System32\d3d11.dll'.
1a6c.532c: supR3HardenedWinVerifyCacheProcessWvtTodos: 0 (was 0) fWinVerifyTrust=0 for '\Device\HarddiskVolume3\Windows\System32\d3d11.dll' [rescheduled]
1a6c.532c: Detected loader lock ownership: rc=VINF_SUCCESS '\Device\HarddiskVolume3\Windows\System32\dxgi.dll'.
1a6c.532c: supR3HardenedWinVerifyCacheProcessWvtTodos: 0 (was 0) fWinVerifyTrust=0 for '\Device\HarddiskVolume3\Windows\System32\dxgi.dll' [rescheduled]
1a6c.532c: Detected loader lock ownership: rc=VINF_SUCCESS '\Device\HarddiskVolume3\Windows\System32\D3D12.dll'.
1a6c.532c: supR3HardenedWinVerifyCacheProcessWvtTodos: 0 (was 0) fWinVerifyTrust=0 for '\Device\HarddiskVolume3\Windows\System32\D3D12.dll' [rescheduled]
1a6c.532c: Detected loader lock ownership: rc=VINF_SUCCESS '\Device\HarddiskVolume3\Windows\System32\shell32.dll'.
1a6c.532c: supR3HardenedWinVerifyCacheProcessWvtTodos: 0 (was 0) fWinVerifyTrust=0 for '\Device\HarddiskVolume3\Windows\System32\shell32.dll' [rescheduled]
1a6c.532c: Detected loader lock ownership: rc=22900 '\Device\HarddiskVolume3\Windows\System32\DWrite.dll'.
1a6c.532c: supR3HardenedWinVerifyCacheProcessWvtTodos: 22900 (was 22900) fWinVerifyTrust=0 for '\Device\HarddiskVolume3\Windows\System32\DWrite.dll' [rescheduled]
1a6c.532c: Detected loader lock ownership: rc=VINF_SUCCESS '\Device\HarddiskVolume3\Windows\System32\msvcp140_2.dll'.
1a6c.532c: supR3HardenedWinVerifyCacheProcessWvtTodos: 0 (was 0) fWinVerifyTrust=0 for '\Device\HarddiskVolume3\Windows\System32\msvcp140_2.dll' [rescheduled]
1a6c.532c: Detected loader lock ownership: rc=VINF_SUCCESS '\Device\HarddiskVolume3\Windows\System32\dwmapi.dll'.
1a6c.532c: supR3HardenedWinVerifyCacheProcessWvtTodos: 0 (was 0) fWinVerifyTrust=0 for '\Device\HarddiskVolume3\Windows\System32\dwmapi.dll' [rescheduled]
1a6c.532c: Detected loader lock ownership: rc=22900 '\Device\HarddiskVolume3\Windows\System32\uxtheme.dll'.
1a6c.532c: supR3HardenedWinVerifyCacheProcessWvtTodos: 22900 (was 22900) fWinVerifyTrust=0 for '\Device\HarddiskVolume3\Windows\System32\uxtheme.dll' [rescheduled]
1a6c.532c: Detected loader lock ownership: rc=VINF_SUCCESS '\Device\HarddiskVolume3\Windows\System32\msvcp140_1.dll'.
1a6c.532c: supR3HardenedWinVerifyCacheProcessWvtTodos: 0 (was 0) fWinVerifyTrust=0 for '\Device\HarddiskVolume3\Windows\System32\msvcp140_1.dll' [rescheduled]
1a6c.532c: Detected loader lock ownership: rc=VINF_SUCCESS '\Device\HarddiskVolume3\Windows\System32\win32u.dll'.
1a6c.532c: supR3HardenedWinVerifyCacheProcessWvtTodos: 0 (was 0) fWinVerifyTrust=0 for '\Device\HarddiskVolume3\Windows\System32\win32u.dll' [rescheduled]
1a6c.532c: Detected loader lock ownership: rc=VINF_SUCCESS '\Device\HarddiskVolume3\Windows\System32\gdi32.dll'.
1a6c.532c: supR3HardenedWinVerifyCacheProcessWvtTodos: 0 (was 0) fWinVerifyTrust=0 for '\Device\HarddiskVolume3\Windows\System32\gdi32.dll' [rescheduled]
1a6c.532c: Detected loader lock ownership: rc=VINF_SUCCESS '\Device\HarddiskVolume3\Windows\System32\combase.dll'.
1a6c.532c: supR3HardenedWinVerifyCacheProcessWvtTodos: 0 (was 0) fWinVerifyTrust=0 for '\Device\HarddiskVolume3\Windows\System32\combase.dll' [rescheduled]
1a6c.532c: supR3HardenedMonitor_LdrLoadDll: returns rcNt=0x0 hMod=00007fff558e0000 'C:\Program Files\Oracle\VirtualBox\VirtualBoxVM.dll'
1a6c.532c: supR3HardenedMonitor_LdrLoadDll: returns rcNt=0x0 hMod=00007fff9c300000 'C:\WINDOWS\system32\rsaenh.dll'
1a6c.532c: supR3HardenedMonitor_LdrLoadDll: returns rcNt=0x0 hMod=00007fff9db90000 'C:\WINDOWS\System32\crypt32.dll'
1a6c.532c: supR3HardenedWinVerifyCacheProcessWvtTodos: 0 (was 0) fWinVerifyTrust=1 for '\Device\HarddiskVolume3\Windows\System32\umpdc.dll'
1a6c.532c: supR3HardenedMonitor_LdrLoadDll: returns rcNt=0x0 hMod=00007fff9c300000 'C:\WINDOWS\system32\rsaenh.dll'
1a6c.532c: supR3HardenedMonitor_LdrLoadDll: returns rcNt=0x0 hMod=00007fff9db90000 'C:\WINDOWS\System32\crypt32.dll'
1a6c.532c: supR3HardenedWinVerifyCacheProcessWvtTodos: 0 (was 0) fWinVerifyTrust=1 for '\Device\HarddiskVolume3\Windows\System32\imm32.dll'
1a6c.532c: supR3HardenedMonitor_LdrLoadDll: returns rcNt=0x0 hMod=00007fff9c300000 'C:\WINDOWS\system32\rsaenh.dll'
1a6c.532c: supR3HardenedMonitor_LdrLoadDll: returns rcNt=0x0 hMod=00007fff9db90000 'C:\WINDOWS\System32\crypt32.dll'
1a6c.532c: supR3HardenedWinVerifyCacheProcessWvtTodos: 0 (was 0) fWinVerifyTrust=1 for '\Device\HarddiskVolume3\Windows\System32\gdi32full.dll'
1a6c.532c: supR3HardenedMonitor_LdrLoadDll: returns rcNt=0x0 hMod=00007fff9c300000 'C:\WINDOWS\system32\rsaenh.dll'
1a6c.532c: supR3HardenedMonitor_LdrLoadDll: returns rcNt=0x0 hMod=00007fff9db90000 'C:\WINDOWS\System32\crypt32.dll'
1a6c.532c: supR3HardenedWinVerifyCacheProcessWvtTodos: 0 (was 0) fWinVerifyTrust=1 for '\Device\HarddiskVolume3\Windows\System32\netutils.dll'
1a6c.532c: supR3HardenedMonitor_LdrLoadDll: returns rcNt=0x0 hMod=00007fff9c300000 'C:\WINDOWS\system32\rsaenh.dll'
1a6c.532c: supR3HardenedMonitor_LdrLoadDll: returns rcNt=0x0 hMod=00007fff9db90000 'C:\WINDOWS\System32\crypt32.dll'
1a6c.532c: supR3HardenedWinVerifyCacheProcessWvtTodos: 0 (was 0) fWinVerifyTrust=1 for '\Device\HarddiskVolume3\Windows\System32\srvcli.dll'
1a6c.532c: supR3HardenedMonitor_LdrLoadDll: returns rcNt=0x0 hMod=00007fff9c300000 'C:\WINDOWS\system32\rsaenh.dll'
1a6c.532c: supR3HardenedMonitor_LdrLoadDll: returns rcNt=0x0 hMod=00007fff9db90000 'C:\WINDOWS\System32\crypt32.dll'
1a6c.532c: supR3HardenedWinVerifyCacheProcessWvtTodos: 0 (was 0) fWinVerifyTrust=1 for '\Device\HarddiskVolume3\Windows\System32\powrprof.dll'
1a6c.532c: supR3HardenedMonitor_LdrLoadDll: returns rcNt=0x0 hMod=00007fff9c300000 'C:\WINDOWS\system32\rsaenh.dll'
1a6c.532c: supR3HardenedMonitor_LdrLoadDll: returns rcNt=0x0 hMod=00007fff9db90000 'C:\WINDOWS\System32\crypt32.dll'
1a6c.532c: supR3HardenedWinVerifyCacheProcessWvtTodos: 0 (was 0) fWinVerifyTrust=1 for '\Device\HarddiskVolume3\Program Files\Oracle\VirtualBox\Qt6SqlVBox.dll'
1a6c.532c: supR3HardenedMonitor_LdrLoadDll: returns rcNt=0x0 hMod=00007fff9c300000 'C:\WINDOWS\system32\rsaenh.dll'
1a6c.532c: supR3HardenedMonitor_LdrLoadDll: returns rcNt=0x0 hMod=00007fff9db90000 'C:\WINDOWS\System32\crypt32.dll'
1a6c.532c: supR3HardenedWinVerifyCacheProcessWvtTodos: 0 (was 0) fWinVerifyTrust=1 for '\Device\HarddiskVolume3\Windows\System32\mpr.dll'
1a6c.532c: supR3HardenedMonitor_LdrLoadDll: returns rcNt=0x0 hMod=00007fff9c300000 'C:\WINDOWS\system32\rsaenh.dll'
1a6c.532c: supR3HardenedMonitor_LdrLoadDll: returns rcNt=0x0 hMod=00007fff9db90000 'C:\WINDOWS\System32\crypt32.dll'
1a6c.532c: supR3HardenedWinVerifyCacheProcessWvtTodos: 0 (was 0) fWinVerifyTrust=1 for '\Device\HarddiskVolume3\Windows\System32\userenv.dll'
1a6c.532c: supR3HardNtViCallWinVerifyTrustCatFile: hFile=0000000000000584 pwszName=\Device\HarddiskVolume3\Windows\System32\authz.dll
1a6c.532c: supR3HardNtViCallWinVerifyTrustCatFile: Cached context 0000029b681ab360
1a6c.532c: supR3HardNtViCallWinVerifyTrustCatFile: hCatAdmin=0000029b681ab360
1a6c.532c: supR3HardNtViCallWinVerifyTrustCatFile: cbHash=20 wszDigest=10A53C266477BFC04271044CAF74A44CB8C9B48C
1a6c.532c: supR3HardenedMonitor_LdrLoadDll: returns rcNt=0x0 hMod=00007fff9c300000 'C:\WINDOWS\system32\rsaenh.dll'
1a6c.532c: supR3HardenedMonitor_LdrLoadDll: returns rcNt=0x0 hMod=00007fff9db90000 'C:\WINDOWS\System32\crypt32.dll'
1a6c.532c: supR3HardNtViCallWinVerifyTrustCatFile: WinVerifyTrust => 0x0; cat='C:\WINDOWS\system32\CatRoot\{F750E6C3-38EE-11D1-85E5-00C04FC295EE}\Microsoft-OneCore-CoreSystem-Core-merged-Package~31bf3856ad364e35~amd64~~10.0.26100.8524.cat'; file='\Device\HarddiskVolume3\Windows\System32\authz.dll'
1a6c.532c: supR3HardNtViCallWinVerifyTrustCatFile -> 0 (org 22900)
1a6c.532c: supR3HardenedWinVerifyCacheProcessWvtTodos: 0 (was 22900) fWinVerifyTrust=1 for '\Device\HarddiskVolume3\Windows\System32\authz.dll'
1a6c.532c: supR3HardenedMonitor_LdrLoadDll: returns rcNt=0x0 hMod=00007fff9c300000 'C:\WINDOWS\system32\rsaenh.dll'
1a6c.532c: supR3HardenedScreenImage/LdrLoadDll: cache hit (VINF_SUCCESS) on \Device\HarddiskVolume3\Windows\System32\crypt32.dll
1a6c.532c: supR3HardenedMonitor_LdrLoadDll: pName=C:\WINDOWS\System32\crypt32.dll (Input=crypt32.dll, rcNtResolve=0xc0150008) *pfFlags=0x0 pwszSearchPath=0000000000000001:<flags> [calling]
1a6c.532c: supR3HardenedMonitor_LdrLoadDll: returns rcNt=0x0 hMod=00007fff9db90000 'C:\WINDOWS\System32\crypt32.dll'
1a6c.532c: supR3HardenedWinVerifyCacheProcessWvtTodos: 0 (was 0) fWinVerifyTrust=1 for '\Device\HarddiskVolume3\Windows\System32\netapi32.dll'
1a6c.532c: supR3HardenedMonitor_LdrLoadDll: returns rcNt=0x0 hMod=00007fff9c300000 'C:\WINDOWS\system32\rsaenh.dll'
1a6c.532c: supR3HardenedMonitor_LdrLoadDll: returns rcNt=0x0 hMod=00007fff9db90000 'C:\WINDOWS\System32\crypt32.dll'
1a6c.532c: supR3HardenedWinVerifyCacheProcessWvtTodos: 0 (was 0) fWinVerifyTrust=1 for '\Device\HarddiskVolume3\Windows\System32\version.dll'
1a6c.532c: supR3HardenedMonitor_LdrLoadDll: returns rcNt=0x0 hMod=00007fff9c300000 'C:\WINDOWS\system32\rsaenh.dll'
1a6c.532c: supR3HardenedMonitor_LdrLoadDll: returns rcNt=0x0 hMod=00007fff9db90000 'C:\WINDOWS\System32\crypt32.dll'
1a6c.532c: supR3HardenedWinVerifyCacheProcessWvtTodos: 0 (was 0) fWinVerifyTrust=1 for '\Device\HarddiskVolume3\Windows\System32\d3d11.dll'
1a6c.532c: supR3HardenedScreenImage/LdrLoadDll: cache hit (VINF_SUCCESS) on \Device\HarddiskVolume3\Windows\System32\rsaenh.dll
1a6c.532c: supR3HardenedMonitor_LdrLoadDll: pName=C:\WINDOWS\system32\rsaenh.dll (rcNtResolve=0xc0150008) *pfFlags=0x0 pwszSearchPath=0000000000000001:<flags> [calling]
1a6c.532c: supR3HardenedMonitor_LdrLoadDll: returns rcNt=0x0 hMod=00007fff9c300000 'C:\WINDOWS\system32\rsaenh.dll'
1a6c.532c: supR3HardenedMonitor_LdrLoadDll: returns rcNt=0x0 hMod=00007fff9db90000 'C:\WINDOWS\System32\crypt32.dll'
1a6c.532c: supR3HardenedWinVerifyCacheProcessWvtTodos: 0 (was 0) fWinVerifyTrust=1 for '\Device\HarddiskVolume3\Windows\System32\dxgi.dll'
1a6c.532c: supR3HardenedMonitor_LdrLoadDll: returns rcNt=0x0 hMod=00007fff9c300000 'C:\WINDOWS\system32\rsaenh.dll'
1a6c.532c: supR3HardenedMonitor_LdrLoadDll: returns rcNt=0x0 hMod=00007fff9db90000 'C:\WINDOWS\System32\crypt32.dll'
1a6c.532c: supR3HardenedWinVerifyCacheProcessWvtTodos: 0 (was 0) fWinVerifyTrust=1 for '\Device\HarddiskVolume3\Windows\System32\D3D12.dll'
1a6c.532c: supR3HardenedMonitor_LdrLoadDll: returns rcNt=0x0 hMod=00007fff9c300000 'C:\WINDOWS\system32\rsaenh.dll'
1a6c.532c: supR3HardenedMonitor_LdrLoadDll: returns rcNt=0x0 hMod=00007fff9db90000 'C:\WINDOWS\System32\crypt32.dll'
1a6c.532c: supR3HardenedWinVerifyCacheProcessWvtTodos: 0 (was 0) fWinVerifyTrust=1 for '\Device\HarddiskVolume3\Windows\System32\shell32.dll'
1a6c.532c: supR3HardNtViCallWinVerifyTrustCatFile: hFile=0000000000000550 pwszName=\Device\HarddiskVolume3\Windows\System32\DWrite.dll
1a6c.532c: supR3HardNtViCallWinVerifyTrustCatFile: Cached context 0000029b681ab360
1a6c.532c: supR3HardNtViCallWinVerifyTrustCatFile: hCatAdmin=0000029b681ab360
1a6c.532c: supR3HardNtViCallWinVerifyTrustCatFile: cbHash=20 wszDigest=39251DBA81824E8B0B6E757E703C505CBBBED0FA
1a6c.532c: supR3HardenedMonitor_LdrLoadDll: returns rcNt=0x0 hMod=00007fff9c300000 'C:\WINDOWS\system32\rsaenh.dll'
1a6c.532c: supR3HardenedMonitor_LdrLoadDll: returns rcNt=0x0 hMod=00007fff9db90000 'C:\WINDOWS\System32\crypt32.dll'
1a6c.532c: supR3HardNtViCallWinVerifyTrustCatFile: WinVerifyTrust => 0x0; cat='C:\WINDOWS\system32\CatRoot\{F750E6C3-38EE-11D1-85E5-00C04FC295EE}\Microsoft-OneCore-Graphics-DirectX-Package~31bf3856ad364e35~amd64~~10.0.26100.8521.cat'; file='\Device\HarddiskVolume3\Windows\System32\DWrite.dll'
1a6c.532c: supR3HardNtViCallWinVerifyTrustCatFile -> 0 (org 22900)
1a6c.532c: supR3HardenedWinVerifyCacheProcessWvtTodos: 0 (was 22900) fWinVerifyTrust=1 for '\Device\HarddiskVolume3\Windows\System32\DWrite.dll'
1a6c.532c: supR3HardenedMonitor_LdrLoadDll: returns rcNt=0x0 hMod=00007fff9c300000 'C:\WINDOWS\system32\rsaenh.dll'
1a6c.532c: supR3HardenedMonitor_LdrLoadDll: returns rcNt=0x0 hMod=00007fff9db90000 'C:\WINDOWS\System32\crypt32.dll'
1a6c.532c: supR3HardenedWinVerifyCacheProcessWvtTodos: 0 (was 0) fWinVerifyTrust=1 for '\Device\HarddiskVolume3\Windows\System32\msvcp140_2.dll'
1a6c.532c: supR3HardenedMonitor_LdrLoadDll: returns rcNt=0x0 hMod=00007fff9c300000 'C:\WINDOWS\system32\rsaenh.dll'
1a6c.532c: supR3HardenedMonitor_LdrLoadDll: returns rcNt=0x0 hMod=00007fff9db90000 'C:\WINDOWS\System32\crypt32.dll'
1a6c.532c: supR3HardenedWinVerifyCacheProcessWvtTodos: 0 (was 0) fWinVerifyTrust=1 for '\Device\HarddiskVolume3\Windows\System32\dwmapi.dll'
1a6c.532c: supR3HardNtViCallWinVerifyTrustCatFile: hFile=0000000000000564 pwszName=\Device\HarddiskVolume3\Windows\System32\uxtheme.dll
1a6c.532c: supR3HardNtViCallWinVerifyTrustCatFile: Cached context 0000029b681ab360
1a6c.532c: supR3HardNtViCallWinVerifyTrustCatFile: hCatAdmin=0000029b681ab360
1a6c.532c: supR3HardNtViCallWinVerifyTrustCatFile: cbHash=20 wszDigest=4C0C6D06D61B67FBF79A505FC38CFF9CFDD6BC48
1a6c.532c: supR3HardenedMonitor_LdrLoadDll: returns rcNt=0x0 hMod=00007fff9c300000 'C:\WINDOWS\system32\rsaenh.dll'
1a6c.532c: supR3HardenedMonitor_LdrLoadDll: returns rcNt=0x0 hMod=00007fff9db90000 'C:\WINDOWS\System32\crypt32.dll'
1a6c.532c: supR3HardNtViCallWinVerifyTrustCatFile: WinVerifyTrust => 0x0; cat='C:\WINDOWS\system32\CatRoot\{F750E6C3-38EE-11D1-85E5-00C04FC295EE}\Microsoft-Windows-Client-Desktop-Required-Package04111~31bf3856ad364e35~amd64~~10.0.26100.8524.cat'; file='\Device\HarddiskVolume3\Windows\System32\uxtheme.dll'
1a6c.532c: supR3HardNtViCallWinVerifyTrustCatFile -> 0 (org 22900)
1a6c.532c: supR3HardenedWinVerifyCacheProcessWvtTodos: 0 (was 22900) fWinVerifyTrust=1 for '\Device\HarddiskVolume3\Windows\System32\uxtheme.dll'
1a6c.532c: supR3HardenedMonitor_LdrLoadDll: returns rcNt=0x0 hMod=00007fff9c300000 'C:\WINDOWS\system32\rsaenh.dll'
1a6c.532c: supR3HardenedMonitor_LdrLoadDll: returns rcNt=0x0 hMod=00007fff9db90000 'C:\WINDOWS\System32\crypt32.dll'
1a6c.532c: supR3HardenedWinVerifyCacheProcessWvtTodos: 0 (was 0) fWinVerifyTrust=1 for '\Device\HarddiskVolume3\Windows\System32\msvcp140_1.dll'
1a6c.532c: supR3HardenedMonitor_LdrLoadDll: returns rcNt=0x0 hMod=00007fff9c300000 'C:\WINDOWS\system32\rsaenh.dll'
1a6c.532c: supR3HardenedMonitor_LdrLoadDll: returns rcNt=0x0 hMod=00007fff9db90000 'C:\WINDOWS\System32\crypt32.dll'
1a6c.532c: supR3HardenedWinVerifyCacheProcessWvtTodos: 0 (was 0) fWinVerifyTrust=1 for '\Device\HarddiskVolume3\Windows\System32\win32u.dll'
1a6c.532c: supR3HardenedMonitor_LdrLoadDll: returns rcNt=0x0 hMod=00007fff9c300000 'C:\WINDOWS\system32\rsaenh.dll'
1a6c.532c: supR3HardenedMonitor_LdrLoadDll: returns rcNt=0x0 hMod=00007fff9db90000 'C:\WINDOWS\System32\crypt32.dll'
1a6c.532c: supR3HardenedWinVerifyCacheProcessWvtTodos: 0 (was 0) fWinVerifyTrust=1 for '\Device\HarddiskVolume3\Windows\System32\gdi32.dll'
1a6c.532c: supR3HardenedMonitor_LdrLoadDll: returns rcNt=0x0 hMod=00007fff9c300000 'C:\WINDOWS\system32\rsaenh.dll'
1a6c.532c: supR3HardenedMonitor_LdrLoadDll: returns rcNt=0x0 hMod=00007fff9db90000 'C:\WINDOWS\System32\crypt32.dll'
1a6c.532c: supR3HardenedWinVerifyCacheProcessWvtTodos: 0 (was 0) fWinVerifyTrust=1 for '\Device\HarddiskVolume3\Windows\System32\combase.dll'
1a6c.532c: SUPR3HardenedMain: Calling TrustedMain (00007fff558e19b0)...
1a6c.532c: supR3HardenedWinVerifyCacheScheduleImports: Import todo: #31 'combase.dll'.
1a6c.532c: supR3HardenedWinVerifyCacheScheduleImports: Import todo: #32 'msvcp_win.dll'.
1a6c.532c: supHardenedWinVerifyImageByHandle: -> 0 (\Device\HarddiskVolume3\Windows\System32\windows.storage.dll)
1a6c.532c: supR3HardenedWinVerifyCacheInsert: \Device\HarddiskVolume3\Windows\System32\windows.storage.dll
1a6c.532c: supR3HardenedDllNotificationCallback: load   00007fff9b1e0000 LB 0x00880000 C:\WINDOWS\SYSTEM32\windows.storage.dll [fFlags=0x0]
1a6c.532c: supR3HardenedScreenImage/LdrLoadDll: cache hit (VINF_SUCCESS) on \Device\HarddiskVolume3\Windows\System32\windows.storage.dll [avoiding WinVerifyTrust]
1a6c.532c: supR3HardenedDllNotificationCallback: load   00007fff9f160000 LB 0x00067000 C:\WINDOWS\System32\shlwapi.dll [fFlags=0x0]
1a6c.532c: supHardenedWinVerifyImageByHandle: -> 0 (\Device\HarddiskVolume3\Windows\System32\shlwapi.dll)
1a6c.532c: supR3HardenedWinVerifyCacheInsert: \Device\HarddiskVolume3\Windows\System32\shlwapi.dll
1a6c.532c: supR3HardenedWinVerifyCacheProcessImportTodos: Processing 'msvcp_win.dll'...
1a6c.532c: supR3HardenedWinVerifyCacheProcessImportTodos: 'msvcp_win.dll' -> '\Device\HarddiskVolume3\Windows\System32\msvcp_win.dll' [rcNtRedir=0xc0150008]
1a6c.532c: supR3HardenedWinVerifyCacheProcessImportTodos: Processing 'combase.dll'...
1a6c.532c: supR3HardenedWinVerifyCacheProcessImportTodos: 'combase.dll' -> '\Device\HarddiskVolume3\Windows\System32\combase.dll' [rcNtRedir=0xc0150008]
1a6c.532c: supR3HardenedScreenImage/Imports: cache hit (VINF_SUCCESS) on \Device\HarddiskVolume3\Windows\System32\combase.dll
1a6c.532c: supR3HardenedMonitor_LdrLoadDll: returns rcNt=0x0 hMod=00007fff9c300000 'C:\WINDOWS\system32\rsaenh.dll'
1a6c.532c: supR3HardenedMonitor_LdrLoadDll: returns rcNt=0x0 hMod=00007fff9db90000 'C:\WINDOWS\System32\crypt32.dll'
1a6c.532c: supR3HardenedWinVerifyCacheProcessWvtTodos: 0 (was 0) fWinVerifyTrust=1 for '\Device\HarddiskVolume3\Windows\System32\shlwapi.dll'
1a6c.532c: supR3HardenedMonitor_LdrLoadDll: returns rcNt=0x0 hMod=00007fff9c300000 'C:\WINDOWS\system32\rsaenh.dll'
1a6c.532c: supR3HardenedMonitor_LdrLoadDll: returns rcNt=0x0 hMod=00007fff9db90000 'C:\WINDOWS\System32\crypt32.dll'
1a6c.532c: supR3HardenedWinVerifyCacheProcessWvtTodos: 0 (was 0) fWinVerifyTrust=1 for '\Device\HarddiskVolume3\Windows\System32\windows.storage.dll'
1a6c.532c: supR3HardenedMonitor_LdrLoadDll: returns rcNt=0x0 hMod=00007fff9c300000 'C:\WINDOWS\system32\rsaenh.dll'
1a6c.532c: supR3HardenedMonitor_LdrLoadDll: returns rcNt=0x0 hMod=00007fff9db90000 'C:\WINDOWS\System32\crypt32.dll'
1a6c.532c: supR3HardenedWinVerifyCacheScheduleImports: Import todo: #0 'advapi32.dll'.
1a6c.532c: supR3HardenedWinVerifyCacheScheduleImports: Import todo: #1 'dwmapi.dll'.
1a6c.532c: supR3HardenedWinVerifyCacheScheduleImports: Import todo: #2 'gdi32.dll'.
1a6c.532c: supR3HardenedWinVerifyCacheScheduleImports: Import todo: #3 'imm32.dll'.
1a6c.532c: supR3HardenedWinVerifyCacheScheduleImports: Import todo: #4 'ole32.dll'.
1a6c.532c: supR3HardenedWinVerifyCacheScheduleImports: Import todo: #5 'oleaut32.dll'.
1a6c.532c: supR3HardenedWinVerifyCacheScheduleImports: Import todo: #6 'setupapi.dll'.
1a6c.532c: supR3HardenedWinVerifyCacheScheduleImports: Import todo: #7 'shell32.dll'.
1a6c.532c: supR3HardenedWinVerifyCacheScheduleImports: Import todo: #8 'shlwapi.dll'.
1a6c.532c: supR3HardenedWinVerifyCacheScheduleImports: Import todo: #9 'user32.dll'.
1a6c.532c: supR3HardenedWinVerifyCacheScheduleImports: Import todo: #10 'winmm.dll'.
1a6c.532c: supR3HardenedWinVerifyCacheScheduleImports: Import todo: #11 'wtsapi32.dll'.
1a6c.532c: supR3HardenedWinVerifyCacheScheduleImports: Import todo: #13 'comdlg32.dll'.
1a6c.532c: supR3HardenedWinVerifyCacheScheduleImports: Import todo: #14 'd3d9.dll'.
1a6c.532c: supR3HardenedWinVerifyCacheScheduleImports: Import todo: #17 'uiautomationcore.dll'.
1a6c.532c: supR3HardenedWinVerifyCacheScheduleImports: Import todo: #18 'qt6guivbox.dll'.
1a6c.532c: supR3HardenedWinVerifyCacheScheduleImports: Import todo: #19 'qt6corevbox.dll'.
1a6c.532c: supR3HardenedWinVerifyCacheScheduleImports: Import todo: #21 'msvcp140.dll'.
1a6c.532c: supR3HardenedWinVerifyCacheScheduleImports: Import todo: #22 'vcruntime140.dll'.
1a6c.532c: supR3HardenedWinVerifyCacheScheduleImports: Import todo: #23 'vcruntime140_1.dll'.
1a6c.532c: supHardenedWinVerifyImageByHandle: -> 0 (\Device\HarddiskVolume3\Program Files\Oracle\VirtualBox\platforms\qwindowsVBox.dll) WinVerifyTrust
1a6c.532c: supR3HardenedWinVerifyCacheInsert: \Device\HarddiskVolume3\Program Files\Oracle\VirtualBox\platforms\qwindowsVBox.dll
1a6c.532c: supR3HardenedWinVerifyCacheProcessImportTodos: Processing 'vcruntime140_1.dll'...
1a6c.532c: supR3HardenedWinVerifyCacheProcessImportTodos: 'vcruntime140_1.dll' -> '\Device\HarddiskVolume3\Windows\System32\vcruntime140_1.dll' [rcNtRedir=0xc0150008]
1a6c.532c: supR3HardenedWinVerifyCacheProcessImportTodos: Processing 'vcruntime140.dll'...
1a6c.532c: supR3HardenedWinVerifyCacheProcessImportTodos: 'vcruntime140.dll' -> '\Device\HarddiskVolume3\Windows\System32\vcruntime140.dll' [rcNtRedir=0xc0150008]
1a6c.532c: supR3HardenedWinVerifyCacheProcessImportTodos: Processing 'msvcp140.dll'...
1a6c.532c: supR3HardenedWinVerifyCacheProcessImportTodos: 'msvcp140.dll' -> '\Device\HarddiskVolume3\Windows\System32\msvcp140.dll' [rcNtRedir=0xc0150008]
1a6c.532c: supR3HardenedWinVerifyCacheProcessImportTodos: Processing 'qt6corevbox.dll'...
1a6c.532c: supR3HardenedWinVerifyCacheProcessImportTodos: 'qt6corevbox.dll' -> '\Device\HarddiskVolume3\Program Files\Oracle\VirtualBox\qt6corevbox.dll' [rcNtRedir=0xc0150008]
1a6c.532c: supR3HardenedWinVerifyCacheProcessImportTodos: Processing 'qt6guivbox.dll'...
1a6c.532c: supR3HardenedWinVerifyCacheProcessImportTodos: 'qt6guivbox.dll' -> '\Device\HarddiskVolume3\Program Files\Oracle\VirtualBox\qt6guivbox.dll' [rcNtRedir=0xc0150008]
1a6c.532c: supR3HardenedScreenImage/Imports: cache hit (VINF_SUCCESS) on \Device\HarddiskVolume3\Program Files\Oracle\VirtualBox\Qt6GuiVBox.dll
1a6c.532c: supR3HardenedWinVerifyCacheProcessImportTodos: Processing 'uiautomationcore.dll'...
1a6c.532c: supR3HardenedWinVerifyCacheProcessImportTodos: 'uiautomationcore.dll' -> '\Device\HarddiskVolume3\Windows\System32\uiautomationcore.dll' [rcNtRedir=0xc0150008]
1a6c.532c: supR3HardNtViCallWinVerifyTrustCatFile: hFile=000000000000049c pwszName=\Device\HarddiskVolume3\Windows\System32\UIAutomationCore.dll
1a6c.532c: supR3HardNtViCallWinVerifyTrustCatFile: Cached context 0000029b681ab360
1a6c.532c: supR3HardNtViCallWinVerifyTrustCatFile: hCatAdmin=0000029b681ab360
1a6c.532c: supR3HardNtViCallWinVerifyTrustCatFile: cbHash=20 wszDigest=45B59F7BAA972EEB7921AEC13D7C739BEF843EA4
1a6c.532c: supR3HardenedMonitor_LdrLoadDll: returns rcNt=0x0 hMod=00007fff9c300000 'C:\WINDOWS\system32\rsaenh.dll'
1a6c.532c: supR3HardenedMonitor_LdrLoadDll: returns rcNt=0x0 hMod=00007fff9db90000 'C:\WINDOWS\System32\crypt32.dll'
1a6c.532c: supR3HardNtViCallWinVerifyTrustCatFile: WinVerifyTrust => 0x0; cat='C:\WINDOWS\system32\CatRoot\{F750E6C3-38EE-11D1-85E5-00C04FC295EE}\Runlevel-Win4-merged-Package~31bf3856ad364e35~amd64~~10.0.26100.8521.cat'; file='\Device\HarddiskVolume3\Windows\System32\UIAutomationCore.dll'
1a6c.532c: supR3HardNtViCallWinVerifyTrustCatFile -> 0 (org 22900)
1a6c.532c: supR3HardenedWinVerifyCacheScheduleImports: Import todo: #0 'msvcp_win.dll'.
1a6c.532c: supHardenedWinVerifyImageByHandle: -> 0 (\Device\HarddiskVolume3\Windows\System32\UIAutomationCore.dll) WinVerifyTrust
1a6c.532c: supR3HardenedWinVerifyCacheInsert: \Device\HarddiskVolume3\Windows\System32\UIAutomationCore.dll
1a6c.532c: supR3HardenedWinVerifyCacheProcessImportTodos: Processing 'd3d9.dll'...
1a6c.532c: supR3HardenedWinVerifyCacheProcessImportTodos: 'd3d9.dll' -> '\Device\HarddiskVolume3\Windows\System32\d3d9.dll' [rcNtRedir=0xc0150008]
1a6c.532c: supR3HardenedWinVerifyCacheProcessImportTodos: Processing 'msvcp_win.dll'...
1a6c.532c: supR3HardenedWinVerifyCacheProcessImportTodos: 'msvcp_win.dll' -> '\Device\HarddiskVolume3\Windows\System32\msvcp_win.dll' [rcNtRedir=0xc0150008]
1a6c.532c: supR3HardenedMonitor_LdrLoadDll: returns rcNt=0x0 hMod=00007fff9c300000 'C:\WINDOWS\system32\rsaenh.dll'
1a6c.532c: supR3HardenedMonitor_LdrLoadDll: returns rcNt=0x0 hMod=00007fff9db90000 'C:\WINDOWS\System32\crypt32.dll'
1a6c.532c: supR3HardenedWinVerifyCacheScheduleImports: Import todo: #0 'msvcrt.dll'.
1a6c.532c: supR3HardenedWinVerifyCacheScheduleImports: Import todo: #6 'user32.dll'.
1a6c.532c: supR3HardenedWinVerifyCacheScheduleImports: Import todo: #9 'win32u.dll'.
1a6c.532c: supR3HardenedWinVerifyCacheScheduleImports: Import todo: #10 'gdi32.dll'.
1a6c.532c: supR3HardenedWinVerifyCacheScheduleImports: Import todo: #12 'dwmapi.dll'.
1a6c.532c: supR3HardenedWinVerifyCacheScheduleImports: Import todo: #15 'version.dll'.
1a6c.532c: supHardenedWinVerifyImageByHandle: -> 0 (\Device\HarddiskVolume3\Windows\System32\d3d9.dll) WinVerifyTrust
1a6c.532c: supR3HardenedWinVerifyCacheInsert: \Device\HarddiskVolume3\Windows\System32\d3d9.dll
1a6c.532c: supR3HardenedWinVerifyCacheProcessImportTodos: Processing 'comdlg32.dll'...
1a6c.532c: supR3HardenedWinVerifyCacheProcessImportTodos: 'comdlg32.dll' -> '\Device\HarddiskVolume3\Windows\System32\comdlg32.dll' [rcNtRedir=0xc0150008]
1a6c.532c: supR3HardNtViCallWinVerifyTrustCatFile: hFile=00000000000007f8 pwszName=\Device\HarddiskVolume3\Windows\System32\comdlg32.dll
1a6c.532c: supR3HardNtViCallWinVerifyTrustCatFile: Cached context 0000029b681ab360
1a6c.532c: supR3HardNtViCallWinVerifyTrustCatFile: hCatAdmin=0000029b681ab360
1a6c.532c: supR3HardNtViCallWinVerifyTrustCatFile: cbHash=20 wszDigest=4FBF63A9C47193EB976CE09E5AB4565935D0D268
1a6c.532c: supR3HardenedWinVerifyCacheProcessImportTodos: Processing 'version.dll'...
1a6c.532c: supR3HardenedWinVerifyCacheProcessImportTodos: 'version.dll' -> '\Device\HarddiskVolume3\Windows\System32\version.dll' [rcNtRedir=0xc0150008]
1a6c.532c: supR3HardenedScreenImage/Imports: cache hit (VINF_SUCCESS) on \Device\HarddiskVolume3\Windows\System32\version.dll
1a6c.532c: supR3HardenedWinVerifyCacheProcessImportTodos: Processing 'dwmapi.dll'...
1a6c.532c: supR3HardenedWinVerifyCacheProcessImportTodos: 'dwmapi.dll' -> '\Device\HarddiskVolume3\Windows\System32\dwmapi.dll' [rcNtRedir=0xc0150008]
1a6c.532c: supR3HardenedScreenImage/Imports: cache hit (VINF_SUCCESS) on \Device\HarddiskVolume3\Windows\System32\dwmapi.dll
1a6c.532c: supR3HardenedWinVerifyCacheProcessImportTodos: Processing 'gdi32.dll'...
1a6c.532c: supR3HardenedWinVerifyCacheProcessImportTodos: 'gdi32.dll' -> '\Device\HarddiskVolume3\Windows\System32\gdi32.dll' [rcNtRedir=0xc0150008]
1a6c.532c: supR3HardenedWinVerifyCacheProcessImportTodos: Processing 'win32u.dll'...
1a6c.532c: supR3HardenedWinVerifyCacheProcessImportTodos: 'win32u.dll' -> '\Device\HarddiskVolume3\Windows\System32\win32u.dll' [rcNtRedir=0xc0150008]
1a6c.532c: supR3HardenedWinVerifyCacheProcessImportTodos: Processing 'user32.dll'...
1a6c.532c: supR3HardenedWinVerifyCacheProcessImportTodos: 'user32.dll' -> '\Device\HarddiskVolume3\Windows\System32\user32.dll' [rcNtRedir=0xc0150008]
1a6c.532c: supR3HardenedWinVerifyCacheProcessImportTodos: Processing 'msvcrt.dll'...
1a6c.532c: supR3HardenedWinVerifyCacheProcessImportTodos: 'msvcrt.dll' -> '\Device\HarddiskVolume3\Windows\System32\msvcrt.dll' [rcNtRedir=0xc0150008]
1a6c.532c: supR3HardenedScreenImage/Imports: cache hit (VINF_SUCCESS) on \Device\HarddiskVolume3\Windows\System32\msvcrt.dll
1a6c.532c: supR3HardenedMonitor_LdrLoadDll: returns rcNt=0x0 hMod=00007fff9c300000 'C:\WINDOWS\system32\rsaenh.dll'
1a6c.532c: supR3HardenedMonitor_LdrLoadDll: returns rcNt=0x0 hMod=00007fff9db90000 'C:\WINDOWS\System32\crypt32.dll'
1a6c.532c: supR3HardNtViCallWinVerifyTrustCatFile: WinVerifyTrust => 0x0; cat='C:\WINDOWS\system32\CatRoot\{F750E6C3-38EE-11D1-85E5-00C04FC295EE}\Microsoft-Windows-Client-Desktop-Required-Package04113~31bf3856ad364e35~amd64~~10.0.26100.8521.cat'; file='\Device\HarddiskVolume3\Windows\System32\comdlg32.dll'
1a6c.532c: supR3HardNtViCallWinVerifyTrustCatFile -> 0 (org 22900)
1a6c.532c: supR3HardenedWinVerifyCacheScheduleImports: Import todo: #0 'msvcp_win.dll'.
1a6c.532c: supR3HardenedWinVerifyCacheScheduleImports: Import todo: #27 'rpcrt4.dll'.
1a6c.532c: supR3HardenedWinVerifyCacheScheduleImports: Import todo: #43 'user32.dll'.
1a6c.532c: supR3HardenedWinVerifyCacheScheduleImports: Import todo: #62 'shlwapi.dll'.
1a6c.532c: supR3HardenedWinVerifyCacheScheduleImports: Import todo: #63 'gdi32.dll'.
1a6c.532c: supR3HardenedWinVerifyCacheScheduleImports: Import todo: #64 'comctl32.dll'.
1a6c.532c: supR3HardenedWinVerifyCacheScheduleImports: Import todo: #65 'shell32.dll'.
1a6c.532c: supHardenedWinVerifyImageByHandle: -> 0 (\Device\HarddiskVolume3\Windows\System32\comdlg32.dll) WinVerifyTrust
1a6c.532c: supR3HardenedWinVerifyCacheInsert: \Device\HarddiskVolume3\Windows\System32\comdlg32.dll
1a6c.532c: supR3HardenedWinVerifyCacheProcessImportTodos: Processing 'wtsapi32.dll'...
1a6c.532c: supR3HardenedWinVerifyCacheProcessImportTodos: 'wtsapi32.dll' -> '\Device\HarddiskVolume3\Windows\System32\wtsapi32.dll' [rcNtRedir=0xc0150008]
1a6c.532c: supR3HardenedWinVerifyCacheProcessImportTodos: Processing 'shell32.dll'...
1a6c.532c: supR3HardenedWinVerifyCacheProcessImportTodos: 'shell32.dll' -> '\Device\HarddiskVolume3\Windows\System32\shell32.dll' [rcNtRedir=0xc0150008]
1a6c.532c: supR3HardenedScreenImage/Imports: cache hit (VINF_SUCCESS) on \Device\HarddiskVolume3\Windows\System32\shell32.dll
1a6c.532c: supR3HardenedWinVerifyCacheProcessImportTodos: Processing 'comctl32.dll'...
1a6c.532c: supR3HardenedWinVerifyCacheProcessImportTodos: 'comctl32.dll' -> '\Device\HarddiskVolume3\Windows\System32\comctl32.dll' [rcNtRedir=0x0]
1a6c.532c: Detected WinVerifyTrust recursion: rc=VINF_SUCCESS '\Device\HarddiskVolume3\Windows\System32\comctl32.dll'.
1a6c.532c: supR3HardenedWinVerifyCacheScheduleImports: Import todo: #1 'advapi32.dll'.
1a6c.532c: supR3HardenedWinVerifyCacheScheduleImports: Import todo: #2 'gdi32.dll'.
1a6c.532c: supR3HardenedWinVerifyCacheScheduleImports: Import todo: #4 'user32.dll'.
1a6c.532c: supHardenedWinVerifyImageByHandle: -> 0 (\Device\HarddiskVolume3\Windows\System32\comctl32.dll)
1a6c.532c: supR3HardenedWinVerifyCacheInsert: \Device\HarddiskVolume3\Windows\System32\comctl32.dll
1a6c.532c: supR3HardenedWinVerifyCacheProcessImportTodos: Processing 'gdi32.dll'...
1a6c.532c: supR3HardenedWinVerifyCacheProcessImportTodos: 'gdi32.dll' -> '\Device\HarddiskVolume3\Windows\System32\gdi32.dll' [rcNtRedir=0xc0150008]
1a6c.532c: supR3HardenedWinVerifyCacheProcessImportTodos: Processing 'shlwapi.dll'...
1a6c.532c: supR3HardenedWinVerifyCacheProcessImportTodos: 'shlwapi.dll' -> '\Device\HarddiskVolume3\Windows\System32\shlwapi.dll' [rcNtRedir=0xc0150008]
1a6c.532c: supR3HardenedScreenImage/Imports: cache hit (VINF_SUCCESS) on \Device\HarddiskVolume3\Windows\System32\shlwapi.dll
1a6c.532c: supR3HardenedWinVerifyCacheProcessImportTodos: Processing 'user32.dll'...
1a6c.532c: supR3HardenedWinVerifyCacheProcessImportTodos: 'user32.dll' -> '\Device\HarddiskVolume3\Windows\System32\user32.dll' [rcNtRedir=0xc0150008]
1a6c.532c: supR3HardenedWinVerifyCacheProcessImportTodos: Processing 'rpcrt4.dll'...
1a6c.532c: supR3HardenedWinVerifyCacheProcessImportTodos: 'rpcrt4.dll' -> '\Device\HarddiskVolume3\Windows\System32\rpcrt4.dll' [rcNtRedir=0xc0150008]
1a6c.532c: supR3HardenedWinVerifyCacheProcessImportTodos: Processing 'msvcp_win.dll'...
1a6c.532c: supR3HardenedWinVerifyCacheProcessImportTodos: 'msvcp_win.dll' -> '\Device\HarddiskVolume3\Windows\System32\msvcp_win.dll' [rcNtRedir=0xc0150008]
1a6c.532c: supR3HardenedWinVerifyCacheProcessImportTodos: Processing 'user32.dll'...
1a6c.532c: supR3HardenedWinVerifyCacheProcessImportTodos: 'user32.dll' -> '\Device\HarddiskVolume3\Windows\System32\user32.dll' [rcNtRedir=0xc0150008]
1a6c.532c: supR3HardenedWinVerifyCacheProcessImportTodos: Processing 'gdi32.dll'...
1a6c.532c: supR3HardenedWinVerifyCacheProcessImportTodos: 'gdi32.dll' -> '\Device\HarddiskVolume3\Windows\System32\gdi32.dll' [rcNtRedir=0xc0150008]
1a6c.532c: supR3HardenedWinVerifyCacheProcessImportTodos: Processing 'advapi32.dll'...
1a6c.532c: supR3HardenedWinVerifyCacheProcessImportTodos: 'advapi32.dll' -> '\Device\HarddiskVolume3\Windows\System32\advapi32.dll' [rcNtRedir=0xc0150008]
1a6c.532c: supR3HardenedScreenImage/Imports: cache hit (VINF_SUCCESS) on \Device\HarddiskVolume3\Windows\System32\advapi32.dll
1a6c.532c: supR3HardenedMonitor_LdrLoadDll: returns rcNt=0x0 hMod=00007fff9c300000 'C:\WINDOWS\system32\rsaenh.dll'
1a6c.532c: supR3HardenedMonitor_LdrLoadDll: returns rcNt=0x0 hMod=00007fff9db90000 'C:\WINDOWS\System32\crypt32.dll'
1a6c.532c: supR3HardenedWinVerifyCacheScheduleImports: Import todo: #0 'msvcrt.dll'.
1a6c.532c: supR3HardenedWinVerifyCacheScheduleImports: Import todo: #24 'sspicli.dll'.
1a6c.532c: supR3HardenedWinVerifyCacheScheduleImports: Import todo: #29 'crypt32.dll'.
1a6c.532c: supHardenedWinVerifyImageByHandle: -> 0 (\Device\HarddiskVolume3\Windows\System32\wtsapi32.dll) WinVerifyTrust
1a6c.532c: supR3HardenedWinVerifyCacheInsert: \Device\HarddiskVolume3\Windows\System32\wtsapi32.dll
1a6c.532c: supR3HardenedWinVerifyCacheProcessImportTodos: Processing 'winmm.dll'...
1a6c.532c: supR3HardenedWinVerifyCacheProcessImportTodos: 'winmm.dll' -> '\Device\HarddiskVolume3\Windows\System32\winmm.dll' [rcNtRedir=0xc0150008]
1a6c.532c: supR3HardenedScreenImage/Imports: cache hit (VINF_SUCCESS) on \Device\HarddiskVolume3\Windows\System32\winmm.dll
1a6c.532c: supR3HardenedWinVerifyCacheProcessImportTodos: Processing 'user32.dll'...
1a6c.532c: supR3HardenedWinVerifyCacheProcessImportTodos: 'user32.dll' -> '\Device\HarddiskVolume3\Windows\System32\user32.dll' [rcNtRedir=0xc0150008]
1a6c.532c: supR3HardenedWinVerifyCacheProcessImportTodos: Processing 'shlwapi.dll'...
1a6c.532c: supR3HardenedWinVerifyCacheProcessImportTodos: 'shlwapi.dll' -> '\Device\HarddiskVolume3\Windows\System32\shlwapi.dll' [rcNtRedir=0xc0150008]
1a6c.532c: supR3HardenedScreenImage/Imports: cache hit (VINF_SUCCESS) on \Device\HarddiskVolume3\Windows\System32\shlwapi.dll
1a6c.532c: supR3HardenedWinVerifyCacheProcessImportTodos: Processing 'shell32.dll'...
1a6c.532c: supR3HardenedWinVerifyCacheProcessImportTodos: 'shell32.dll' -> '\Device\HarddiskVolume3\Windows\System32\shell32.dll' [rcNtRedir=0xc0150008]
1a6c.532c: supR3HardenedScreenImage/Imports: cache hit (VINF_SUCCESS) on \Device\HarddiskVolume3\Windows\System32\shell32.dll
1a6c.532c: supR3HardenedWinVerifyCacheProcessImportTodos: Processing 'setupapi.dll'...
1a6c.532c: supR3HardenedWinVerifyCacheProcessImportTodos: 'setupapi.dll' -> '\Device\HarddiskVolume3\Windows\System32\setupapi.dll' [rcNtRedir=0xc0150008]
1a6c.532c: supR3HardenedWinVerifyCacheProcessImportTodos: Processing 'crypt32.dll'...
1a6c.532c: supR3HardenedWinVerifyCacheProcessImportTodos: 'crypt32.dll' -> '\Device\HarddiskVolume3\Windows\System32\crypt32.dll' [rcNtRedir=0xc0150008]
1a6c.532c: supR3HardenedWinVerifyCacheProcessImportTodos: Processing 'sspicli.dll'...
1a6c.532c: supR3HardenedWinVerifyCacheProcessImportTodos: 'sspicli.dll' -> '\Device\HarddiskVolume3\Windows\System32\sspicli.dll' [rcNtRedir=0xc0150008]
1a6c.532c: Detected WinVerifyTrust recursion: rc=VINF_SUCCESS '\Device\HarddiskVolume3\Windows\System32\sspicli.dll'.
1a6c.532c: supR3HardenedWinVerifyCacheScheduleImports: Import todo: #3 'rpcrt4.dll'.
1a6c.532c: supHardenedWinVerifyImageByHandle: -> 0 (\Device\HarddiskVolume3\Windows\System32\sspicli.dll)
1a6c.532c: supR3HardenedWinVerifyCacheInsert: \Device\HarddiskVolume3\Windows\System32\sspicli.dll
1a6c.532c: supR3HardenedWinVerifyCacheProcessImportTodos: Processing 'msvcrt.dll'...
1a6c.532c: supR3HardenedWinVerifyCacheProcessImportTodos: 'msvcrt.dll' -> '\Device\HarddiskVolume3\Windows\System32\msvcrt.dll' [rcNtRedir=0xc0150008]
1a6c.532c: supR3HardenedScreenImage/Imports: cache hit (VINF_SUCCESS) on \Device\HarddiskVolume3\Windows\System32\msvcrt.dll
1a6c.532c: supR3HardenedWinVerifyCacheProcessImportTodos: Processing 'rpcrt4.dll'...
1a6c.532c: supR3HardenedWinVerifyCacheProcessImportTodos: 'rpcrt4.dll' -> '\Device\HarddiskVolume3\Windows\System32\rpcrt4.dll' [rcNtRedir=0xc0150008]
1a6c.532c: supR3HardenedMonitor_LdrLoadDll: returns rcNt=0x0 hMod=00007fff9c300000 'C:\WINDOWS\system32\rsaenh.dll'
1a6c.532c: supR3HardenedMonitor_LdrLoadDll: returns rcNt=0x0 hMod=00007fff9db90000 'C:\WINDOWS\System32\crypt32.dll'
1a6c.532c: supR3HardenedWinVerifyCacheScheduleImports: Import todo: #0 'msvcrt.dll'.
1a6c.532c: supHardenedWinVerifyImageByHandle: -> 0 (\Device\HarddiskVolume3\Windows\System32\setupapi.dll) WinVerifyTrust
1a6c.532c: supR3HardenedWinVerifyCacheInsert: \Device\HarddiskVolume3\Windows\System32\setupapi.dll
1a6c.532c: supR3HardenedWinVerifyCacheProcessImportTodos: Processing 'oleaut32.dll'...
1a6c.532c: supR3HardenedWinVerifyCacheProcessImportTodos: 'oleaut32.dll' -> '\Device\HarddiskVolume3\Windows\System32\oleaut32.dll' [rcNtRedir=0xc0150008]
1a6c.532c: supR3HardenedScreenImage/Imports: cache hit (VINF_SUCCESS) on \Device\HarddiskVolume3\Windows\System32\oleaut32.dll
1a6c.532c: supR3HardenedWinVerifyCacheProcessImportTodos: Processing 'ole32.dll'...
1a6c.532c: supR3HardenedWinVerifyCacheProcessImportTodos: 'ole32.dll' -> '\Device\HarddiskVolume3\Windows\System32\ole32.dll' [rcNtRedir=0xc0150008]
1a6c.532c: supR3HardenedScreenImage/Imports: cache hit (VINF_SUCCESS) on \Device\HarddiskVolume3\Windows\System32\ole32.dll
1a6c.532c: supR3HardenedWinVerifyCacheProcessImportTodos: Processing 'imm32.dll'...
1a6c.532c: supR3HardenedWinVerifyCacheProcessImportTodos: 'imm32.dll' -> '\Device\HarddiskVolume3\Windows\System32\imm32.dll' [rcNtRedir=0xc0150008]
1a6c.532c: supR3HardenedScreenImage/Imports: cache hit (VINF_SUCCESS) on \Device\HarddiskVolume3\Windows\System32\imm32.dll
1a6c.532c: supR3HardenedWinVerifyCacheProcessImportTodos: Processing 'gdi32.dll'...
1a6c.532c: supR3HardenedWinVerifyCacheProcessImportTodos: 'gdi32.dll' -> '\Device\HarddiskVolume3\Windows\System32\gdi32.dll' [rcNtRedir=0xc0150008]
1a6c.532c: supR3HardenedWinVerifyCacheProcessImportTodos: Processing 'dwmapi.dll'...
1a6c.532c: supR3HardenedWinVerifyCacheProcessImportTodos: 'dwmapi.dll' -> '\Device\HarddiskVolume3\Windows\System32\dwmapi.dll' [rcNtRedir=0xc0150008]
1a6c.532c: supR3HardenedScreenImage/Imports: cache hit (VINF_SUCCESS) on \Device\HarddiskVolume3\Windows\System32\dwmapi.dll
1a6c.532c: supR3HardenedWinVerifyCacheProcessImportTodos: Processing 'advapi32.dll'...
1a6c.532c: supR3HardenedWinVerifyCacheProcessImportTodos: 'advapi32.dll' -> '\Device\HarddiskVolume3\Windows\System32\advapi32.dll' [rcNtRedir=0xc0150008]
1a6c.532c: supR3HardenedScreenImage/Imports: cache hit (VINF_SUCCESS) on \Device\HarddiskVolume3\Windows\System32\advapi32.dll
1a6c.532c: supR3HardenedWinVerifyCacheProcessImportTodos: Processing 'msvcrt.dll'...
1a6c.532c: supR3HardenedWinVerifyCacheProcessImportTodos: 'msvcrt.dll' -> '\Device\HarddiskVolume3\Windows\System32\msvcrt.dll' [rcNtRedir=0xc0150008]
1a6c.532c: supR3HardenedMonitor_LdrLoadDll: pName=C:\Program Files\Oracle\VirtualBox\platforms\qwindowsVBox.dll (rcNtResolve=0xc0150008) *pfFlags=0x0 pwszSearchPath=0000000000000001:<flags> [calling]
1a6c.532c: supR3HardenedScreenImage/NtCreateSection: cache hit (VINF_SUCCESS) on \Device\HarddiskVolume3\Program Files\Oracle\VirtualBox\platforms\qwindowsVBox.dll
1a6c.532c: supR3HardenedScreenImage/NtCreateSection: cache hit (VINF_SUCCESS) on \Device\HarddiskVolume3\Windows\System32\wtsapi32.dll
1a6c.532c: supR3HardenedWinVerifyCacheScheduleImports: Import todo: #1 'advapi32.dll'.
1a6c.532c: supR3HardenedWinVerifyCacheScheduleImports: Import todo: #2 'gdi32.dll'.
1a6c.532c: supR3HardenedWinVerifyCacheScheduleImports: Import todo: #4 'user32.dll'.
1a6c.532c: supHardenedWinVerifyImageByHandle: -> 0 (\Device\HarddiskVolume3\Windows\WinSxS\amd64_microsoft.windows.common-controls_6595b64144ccf1df_5.82.26100.8328_none_87eede957a2ccddd\comctl32.dll)
1a6c.532c: supR3HardenedWinVerifyCacheInsert: \Device\HarddiskVolume3\Windows\WinSxS\amd64_microsoft.windows.common-controls_6595b64144ccf1df_5.82.26100.8328_none_87eede957a2ccddd\comctl32.dll
1a6c.532c: supR3HardenedScreenImage/NtCreateSection: cache hit (VINF_SUCCESS) on \Device\HarddiskVolume3\Windows\System32\d3d9.dll
1a6c.532c: supR3HardenedScreenImage/NtCreateSection: cache hit (VINF_SUCCESS) on \Device\HarddiskVolume3\Windows\System32\UIAutomationCore.dll
1a6c.532c: supR3HardenedScreenImage/NtCreateSection: cache hit (VINF_SUCCESS) on \Device\HarddiskVolume3\Windows\System32\sspicli.dll [avoiding WinVerifyTrust]
1a6c.532c: supR3HardenedWinVerifyCacheScheduleImports: Import todo: #0 'msvcp_win.dll'.
1a6c.532c: supR3HardenedWinVerifyCacheScheduleImports: Import todo: #27 'win32u.dll'.
1a6c.532c: supHardenedWinVerifyImageByHandle: -> 0 (\Device\HarddiskVolume3\Windows\System32\DXCore.dll)
1a6c.532c: supR3HardenedWinVerifyCacheInsert: \Device\HarddiskVolume3\Windows\System32\DXCore.dll
1a6c.532c: supR3HardenedDllNotificationCallback: load   00007fff9f740000 LB 0x00487000 C:\WINDOWS\System32\SETUPAPI.dll [fFlags=0x0]
1a6c.532c: supR3HardenedScreenImage/LdrLoadDll: cache hit (VINF_SUCCESS) on \Device\HarddiskVolume3\Windows\System32\setupapi.dll
1a6c.532c: supR3HardenedDllNotificationCallback: load   00007fff9c660000 LB 0x00049000 C:\WINDOWS\SYSTEM32\SspiCli.dll [fFlags=0x0]
1a6c.532c: supR3HardenedScreenImage/LdrLoadDll: cache hit (VINF_SUCCESS) on \Device\HarddiskVolume3\Windows\System32\sspicli.dll [avoiding WinVerifyTrust]
1a6c.532c: supR3HardenedDllNotificationCallback: load   00007fff9a330000 LB 0x0002a000 C:\WINDOWS\SYSTEM32\WTSAPI32.dll [fFlags=0x0]
1a6c.532c: supR3HardenedScreenImage/LdrLoadDll: cache hit (VINF_SUCCESS) on \Device\HarddiskVolume3\Windows\System32\wtsapi32.dll
1a6c.532c: supR3HardenedDllNotificationCallback: load   00007fff5c920000 LB 0x000b5000 C:\WINDOWS\WinSxS\amd64_microsoft.windows.common-controls_6595b64144ccf1df_5.82.26100.8328_none_87eede957a2ccddd\COMCTL32.dll [fFlags=0x0]
1a6c.532c: supR3HardenedScreenImage/LdrLoadDll: cache hit (VINF_SUCCESS) on \Device\HarddiskVolume3\Windows\WinSxS\amd64_microsoft.windows.common-controls_6595b64144ccf1df_5.82.26100.8328_none_87eede957a2ccddd\comctl32.dll [avoiding WinVerifyTrust]
1a6c.532c: supR3HardenedDllNotificationCallback: load   00007fff9e110000 LB 0x000f2000 C:\WINDOWS\System32\COMDLG32.dll [fFlags=0x0]
1a6c.532c: supR3HardenedScreenImage/LdrLoadDll: cache hit (VINF_SUCCESS) on \Device\HarddiskVolume3\Windows\System32\comdlg32.dll
1a6c.532c: supR3HardenedDllNotificationCallback: load   00007fff9a7b0000 LB 0x00044000 C:\WINDOWS\SYSTEM32\dxcore.dll [fFlags=0x0]
1a6c.532c: supR3HardenedScreenImage/LdrLoadDll: cache hit (VINF_SUCCESS) on \Device\HarddiskVolume3\Windows\System32\DXCore.dll [avoiding WinVerifyTrust]
1a6c.532c: supR3HardenedDllNotificationCallback: load   00007fff20270000 LB 0x001b1000 C:\WINDOWS\SYSTEM32\d3d9.dll [fFlags=0x0]
1a6c.532c: supR3HardenedScreenImage/LdrLoadDll: cache hit (VINF_SUCCESS) on \Device\HarddiskVolume3\Windows\System32\d3d9.dll
1a6c.532c: supR3HardenedDllNotificationCallback: load   00007fff56890000 LB 0x00420000 C:\WINDOWS\SYSTEM32\UIAutomationCore.DLL [fFlags=0x0]
1a6c.532c: supR3HardenedScreenImage/LdrLoadDll: cache hit (VINF_SUCCESS) on \Device\HarddiskVolume3\Windows\System32\UIAutomationCore.dll
1a6c.532c: supR3HardenedDllNotificationCallback: load   00007fff814c0000 LB 0x000db000 C:\Program Files\Oracle\VirtualBox\platforms\qwindowsVBox.dll [fFlags=0x0]
1a6c.532c: supR3HardenedScreenImage/LdrLoadDll: cache hit (VINF_SUCCESS) on \Device\HarddiskVolume3\Program Files\Oracle\VirtualBox\platforms\qwindowsVBox.dll
1a6c.532c: Detected loader lock ownership: rc=VINF_SUCCESS '\Device\HarddiskVolume3\Windows\System32\DXCore.dll'.
1a6c.532c: supR3HardenedWinVerifyCacheProcessWvtTodos: 0 (was 0) fWinVerifyTrust=0 for '\Device\HarddiskVolume3\Windows\System32\DXCore.dll' [rescheduled]
1a6c.532c: Detected loader lock ownership: rc=VINF_SUCCESS '\Device\HarddiskVolume3\Windows\WinSxS\amd64_microsoft.windows.common-controls_6595b64144ccf1df_5.82.26100.8328_none_87eede957a2ccddd\comctl32.dll'.
1a6c.532c: supR3HardenedWinVerifyCacheProcessWvtTodos: 0 (was 0) fWinVerifyTrust=0 for '\Device\HarddiskVolume3\Windows\WinSxS\amd64_microsoft.windows.common-controls_6595b64144ccf1df_5.82.26100.8328_none_87eede957a2ccddd\comctl32.dll' [rescheduled]
1a6c.532c: Detected loader lock ownership: rc=VINF_SUCCESS '\Device\HarddiskVolume3\Windows\System32\sspicli.dll'.
1a6c.532c: supR3HardenedWinVerifyCacheProcessWvtTodos: 0 (was 0) fWinVerifyTrust=0 for '\Device\HarddiskVolume3\Windows\System32\sspicli.dll' [rescheduled]
1a6c.532c: Detected loader lock ownership: rc=VINF_SUCCESS '\Device\HarddiskVolume3\Windows\System32\comctl32.dll'.
1a6c.532c: supR3HardenedWinVerifyCacheProcessWvtTodos: 0 (was 0) fWinVerifyTrust=0 for '\Device\HarddiskVolume3\Windows\System32\comctl32.dll' [rescheduled]
1a6c.532c: supR3HardenedScreenImage/LdrLoadDll: cache hit (VINF_SUCCESS) on \Device\HarddiskVolume3\Windows\System32\imm32.dll
1a6c.532c: supR3HardenedWinVerifyCacheProcessImportTodos: Processing 'win32u.dll'...
1a6c.532c: supR3HardenedWinVerifyCacheProcessImportTodos: 'win32u.dll' -> '\Device\HarddiskVolume3\Windows\System32\win32u.dll' [rcNtRedir=0xc0150008]
1a6c.532c: supR3HardenedWinVerifyCacheProcessImportTodos: Processing 'msvcp_win.dll'...
1a6c.532c: supR3HardenedWinVerifyCacheProcessImportTodos: 'msvcp_win.dll' -> '\Device\HarddiskVolume3\Windows\System32\msvcp_win.dll' [rcNtRedir=0xc0150008]
1a6c.532c: supR3HardenedWinVerifyCacheProcessImportTodos: Processing 'user32.dll'...
1a6c.532c: supR3HardenedWinVerifyCacheProcessImportTodos: 'user32.dll' -> '\Device\HarddiskVolume3\Windows\System32\user32.dll' [rcNtRedir=0xc0150008]
1a6c.532c: supR3HardenedWinVerifyCacheProcessImportTodos: Processing 'gdi32.dll'...
1a6c.532c: supR3HardenedWinVerifyCacheProcessImportTodos: 'gdi32.dll' -> '\Device\HarddiskVolume3\Windows\System32\gdi32.dll' [rcNtRedir=0xc0150008]
1a6c.532c: supR3HardenedScreenImage/Imports: cache hit (VINF_SUCCESS) on \Device\HarddiskVolume3\Windows\System32\gdi32.dll
1a6c.532c: supR3HardenedWinVerifyCacheProcessImportTodos: Processing 'advapi32.dll'...
1a6c.532c: supR3HardenedWinVerifyCacheProcessImportTodos: 'advapi32.dll' -> '\Device\HarddiskVolume3\Windows\System32\advapi32.dll' [rcNtRedir=0xc0150008]
1a6c.532c: supR3HardenedScreenImage/Imports: cache hit (VINF_SUCCESS) on \Device\HarddiskVolume3\Windows\System32\advapi32.dll
1a6c.532c: supR3HardenedMonitor_LdrLoadDll: pName=C:\WINDOWS\System32\imm32.dll (Input=imm32.dll, rcNtResolve=0xc0150008) *pfFlags=0x0 pwszSearchPath=0000000000000001:<flags> [calling]
1a6c.532c: supR3HardenedMonitor_LdrLoadDll: returns rcNt=0x0 hMod=00007fff9e610000 'C:\WINDOWS\System32\imm32.dll'
1a6c.532c: Detected loader lock ownership: rc=VINF_SUCCESS '\Device\HarddiskVolume3\Windows\System32\DXCore.dll'.
1a6c.532c: supR3HardenedWinVerifyCacheProcessWvtTodos: 0 (was 0) fWinVerifyTrust=0 for '\Device\HarddiskVolume3\Windows\System32\DXCore.dll' [rescheduled]
1a6c.532c: Detected loader lock ownership: rc=VINF_SUCCESS '\Device\HarddiskVolume3\Windows\WinSxS\amd64_microsoft.windows.common-controls_6595b64144ccf1df_5.82.26100.8328_none_87eede957a2ccddd\comctl32.dll'.
1a6c.532c: supR3HardenedWinVerifyCacheProcessWvtTodos: 0 (was 0) fWinVerifyTrust=0 for '\Device\HarddiskVolume3\Windows\WinSxS\amd64_microsoft.windows.common-controls_6595b64144ccf1df_5.82.26100.8328_none_87eede957a2ccddd\comctl32.dll' [rescheduled]
1a6c.532c: Detected loader lock ownership: rc=VINF_SUCCESS '\Device\HarddiskVolume3\Windows\System32\sspicli.dll'.
1a6c.532c: supR3HardenedWinVerifyCacheProcessWvtTodos: 0 (was 0) fWinVerifyTrust=0 for '\Device\HarddiskVolume3\Windows\System32\sspicli.dll' [rescheduled]
1a6c.532c: Detected loader lock ownership: rc=VINF_SUCCESS '\Device\HarddiskVolume3\Windows\System32\comctl32.dll'.
1a6c.532c: supR3HardenedWinVerifyCacheProcessWvtTodos: 0 (was 0) fWinVerifyTrust=0 for '\Device\HarddiskVolume3\Windows\System32\comctl32.dll' [rescheduled]
1a6c.532c: supR3HardenedMonitor_LdrLoadDll: returns rcNt=0x0 hMod=00007fff814c0000 'C:\Program Files\Oracle\VirtualBox\platforms\qwindowsVBox.dll'
1a6c.532c: supR3HardenedMonitor_LdrLoadDll: returns rcNt=0x0 hMod=00007fff9c300000 'C:\WINDOWS\system32\rsaenh.dll'
1a6c.532c: supR3HardenedMonitor_LdrLoadDll: returns rcNt=0x0 hMod=00007fff9db90000 'C:\WINDOWS\System32\crypt32.dll'
1a6c.532c: supR3HardenedWinVerifyCacheProcessWvtTodos: 0 (was 0) fWinVerifyTrust=1 for '\Device\HarddiskVolume3\Windows\System32\DXCore.dll'
1a6c.532c: supR3HardenedMonitor_LdrLoadDll: returns rcNt=0x0 hMod=00007fff9c300000 'C:\WINDOWS\system32\rsaenh.dll'
1a6c.532c: supR3HardenedMonitor_LdrLoadDll: returns rcNt=0x0 hMod=00007fff9db90000 'C:\WINDOWS\System32\crypt32.dll'
1a6c.532c: supR3HardenedWinVerifyCacheProcessWvtTodos: 0 (was 0) fWinVerifyTrust=1 for '\Device\HarddiskVolume3\Windows\WinSxS\amd64_microsoft.windows.common-controls_6595b64144ccf1df_5.82.26100.8328_none_87eede957a2ccddd\comctl32.dll'
1a6c.532c: supR3HardenedMonitor_LdrLoadDll: returns rcNt=0x0 hMod=00007fff9c300000 'C:\WINDOWS\system32\rsaenh.dll'
1a6c.532c: supR3HardenedMonitor_LdrLoadDll: returns rcNt=0x0 hMod=00007fff9db90000 'C:\WINDOWS\System32\crypt32.dll'
1a6c.532c: supR3HardenedWinVerifyCacheProcessWvtTodos: 0 (was 0) fWinVerifyTrust=1 for '\Device\HarddiskVolume3\Windows\System32\sspicli.dll'
1a6c.532c: supR3HardenedMonitor_LdrLoadDll: returns rcNt=0x0 hMod=00007fff9c300000 'C:\WINDOWS\system32\rsaenh.dll'
1a6c.532c: supR3HardenedMonitor_LdrLoadDll: returns rcNt=0x0 hMod=00007fff9db90000 'C:\WINDOWS\System32\crypt32.dll'
1a6c.532c: supR3HardenedWinVerifyCacheProcessWvtTodos: 0 (was 0) fWinVerifyTrust=1 for '\Device\HarddiskVolume3\Windows\System32\comctl32.dll'
1a6c.532c: supR3HardenedWinVerifyCacheScheduleImports: Import todo: #4 'rpcrt4.dll'.
1a6c.532c: supR3HardenedWinVerifyCacheScheduleImports: Import todo: #39 'bcryptprimitives.dll'.
1a6c.532c: supR3HardenedWinVerifyCacheScheduleImports: Import todo: #53 'combase.dll'.
1a6c.532c: supR3HardenedWinVerifyCacheScheduleImports: Import todo: #54 'msvcp_win.dll'.
1a6c.532c: supHardenedWinVerifyImageByHandle: -> 22900 (\Device\HarddiskVolume3\Windows\System32\rpcss.dll)
1a6c.532c: supR3HardenedWinVerifyCacheInsert: \Device\HarddiskVolume3\Windows\System32\rpcss.dll
1a6c.532c: supR3HardenedMonitor_NtCreateSection: NtMapViewOfSection failed on 00000000000004f8 (hFile=0000000000000540) with 0xc0000022 -> STATUS_TRUST_FAILURE
1a6c.532c: supR3HardNtViCallWinVerifyTrustCatFile: hFile=00000000000004e4 pwszName=\Device\HarddiskVolume3\Windows\System32\rpcss.dll
1a6c.532c: supR3HardNtViCallWinVerifyTrustCatFile: Cached context 0000029b681ab360
1a6c.532c: supR3HardNtViCallWinVerifyTrustCatFile: hCatAdmin=0000029b681ab360
1a6c.532c: supR3HardNtViCallWinVerifyTrustCatFile: cbHash=20 wszDigest=139E7CC51923C5A8B20C96D054AD9B6930E2D856
1a6c.532c: supR3HardenedWinVerifyCacheProcessImportTodos: Processing 'msvcp_win.dll'...
1a6c.532c: supR3HardenedWinVerifyCacheProcessImportTodos: 'msvcp_win.dll' -> '\Device\HarddiskVolume3\Windows\System32\msvcp_win.dll' [rcNtRedir=0xc0150008]
1a6c.532c: supR3HardenedWinVerifyCacheProcessImportTodos: Processing 'combase.dll'...
1a6c.532c: supR3HardenedWinVerifyCacheProcessImportTodos: 'combase.dll' -> '\Device\HarddiskVolume3\Windows\System32\combase.dll' [rcNtRedir=0xc0150008]
1a6c.532c: supR3HardenedScreenImage/Imports: cache hit (VINF_SUCCESS) on \Device\HarddiskVolume3\Windows\System32\combase.dll
1a6c.532c: supR3HardenedWinVerifyCacheProcessImportTodos: Processing 'bcryptprimitives.dll'...
1a6c.532c: supR3HardenedWinVerifyCacheProcessImportTodos: 'bcryptprimitives.dll' -> '\Device\HarddiskVolume3\Windows\System32\bcryptprimitives.dll' [rcNtRedir=0xc0150008]
1a6c.532c: supR3HardenedScreenImage/Imports: cache hit (VINF_SUCCESS) on \Device\HarddiskVolume3\Windows\System32\bcryptprimitives.dll
1a6c.532c: supR3HardenedWinVerifyCacheProcessImportTodos: Processing 'rpcrt4.dll'...
1a6c.532c: supR3HardenedWinVerifyCacheProcessImportTodos: 'rpcrt4.dll' -> '\Device\HarddiskVolume3\Windows\System32\rpcrt4.dll' [rcNtRedir=0xc0150008]
1a6c.532c: supR3HardenedScreenImage/Imports: cache hit (VINF_SUCCESS) on \Device\HarddiskVolume3\Windows\System32\rpcrt4.dll
1a6c.532c: supR3HardenedMonitor_LdrLoadDll: returns rcNt=0x0 hMod=00007fff9c300000 'C:\WINDOWS\system32\rsaenh.dll'
1a6c.532c: supR3HardenedMonitor_LdrLoadDll: returns rcNt=0x0 hMod=00007fff9db90000 'C:\WINDOWS\System32\crypt32.dll'
1a6c.532c: supR3HardNtViCallWinVerifyTrustCatFile: WinVerifyTrust => 0x0; cat='C:\WINDOWS\system32\CatRoot\{F750E6C3-38EE-11D1-85E5-00C04FC295EE}\Microsoft-OneCore-CoreSystem-Core-merged-Package~31bf3856ad364e35~amd64~~10.0.26100.8524.cat'; file='\Device\HarddiskVolume3\Windows\System32\rpcss.dll'
1a6c.532c: supR3HardNtViCallWinVerifyTrustCatFile -> 0 (org 22900)
1a6c.532c: supR3HardenedWinVerifyCacheProcessWvtTodos: 0 (was 22900) fWinVerifyTrust=1 for '\Device\HarddiskVolume3\Windows\System32\rpcss.dll'
1a6c.532c: supR3HardenedScreenImage/LdrLoadDll: cache hit (VINF_SUCCESS) on \Device\HarddiskVolume3\Windows\System32\uxtheme.dll
1a6c.532c: supR3HardenedMonitor_LdrLoadDll: pName=C:\WINDOWS\system32\uxtheme.dll (rcNtResolve=0xc0150008) *pfFlags=0x0 pwszSearchPath=0000000000000009:<flags> [calling]
1a6c.532c: supR3HardenedMonitor_LdrLoadDll: returns rcNt=0x0 hMod=00007fff9a6d0000 'C:\WINDOWS\system32\uxtheme.dll'
1a6c.532c: supR3HardenedDllNotificationCallback: load   00007fff9e680000 LB 0x0015d000 C:\WINDOWS\System32\MSCTF.dll [fFlags=0x0]
1a6c.532c: supR3HardenedWinVerifyCacheScheduleImports: Import todo: #0 'msvcrt.dll'.
1a6c.532c: supR3HardenedWinVerifyCacheScheduleImports: Import todo: #37 'user32.dll'.
1a6c.532c: supHardenedWinVerifyImageByHandle: -> 0 (\Device\HarddiskVolume3\Windows\System32\msctf.dll)
1a6c.532c: supR3HardenedWinVerifyCacheInsert: \Device\HarddiskVolume3\Windows\System32\msctf.dll
1a6c.532c: supR3HardenedWinVerifyCacheProcessImportTodos: Processing 'user32.dll'...
1a6c.532c: supR3HardenedWinVerifyCacheProcessImportTodos: 'user32.dll' -> '\Device\HarddiskVolume3\Windows\System32\user32.dll' [rcNtRedir=0xc0150008]
1a6c.532c: supR3HardenedScreenImage/Imports: cache hit (VINF_SUCCESS) on \Device\HarddiskVolume3\Windows\System32\user32.dll
1a6c.532c: supR3HardenedWinVerifyCacheProcessImportTodos: Processing 'msvcrt.dll'...
1a6c.532c: supR3HardenedWinVerifyCacheProcessImportTodos: 'msvcrt.dll' -> '\Device\HarddiskVolume3\Windows\System32\msvcrt.dll' [rcNtRedir=0xc0150008]
1a6c.532c: supR3HardenedMonitor_LdrLoadDll: returns rcNt=0x0 hMod=00007fff9c300000 'C:\WINDOWS\system32\rsaenh.dll'
1a6c.532c: supR3HardenedMonitor_LdrLoadDll: returns rcNt=0x0 hMod=00007fff9db90000 'C:\WINDOWS\System32\crypt32.dll'
1a6c.532c: supR3HardenedWinVerifyCacheProcessWvtTodos: 0 (was 0) fWinVerifyTrust=1 for '\Device\HarddiskVolume3\Windows\System32\msctf.dll'
1a6c.532c: supR3HardenedMonitor_LdrLoadDll: returns rcNt=0x0 hMod=00007fff9e210000 'C:\WINDOWS\System32\USER32.dll'
1a6c.532c: supR3HardenedMonitor_LdrLoadDll: returns rcNt=0x0 hMod=00007fff9c300000 'C:\WINDOWS\system32\rsaenh.dll'
1a6c.532c: supR3HardenedMonitor_LdrLoadDll: returns rcNt=0x0 hMod=00007fff9db90000 'C:\WINDOWS\System32\crypt32.dll'
1a6c.532c: supR3HardenedWinVerifyCacheScheduleImports: Import todo: #19 'cfgmgr32.dll'.
1a6c.532c: supHardenedWinVerifyImageByHandle: -> 0 (\Device\HarddiskVolume3\Windows\System32\devobj.dll) WinVerifyTrust
1a6c.532c: supR3HardenedWinVerifyCacheInsert: \Device\HarddiskVolume3\Windows\System32\devobj.dll
1a6c.532c: supR3HardenedWinVerifyCacheProcessImportTodos: Processing 'cfgmgr32.dll'...
1a6c.532c: supR3HardenedWinVerifyCacheProcessImportTodos: 'cfgmgr32.dll' -> '\Device\HarddiskVolume3\Windows\System32\cfgmgr32.dll' [rcNtRedir=0xc0150008]
1a6c.532c: supR3HardenedMonitor_LdrLoadDll: returns rcNt=0x0 hMod=00007fff9c300000 'C:\WINDOWS\system32\rsaenh.dll'
1a6c.532c: supR3HardenedMonitor_LdrLoadDll: returns rcNt=0x0 hMod=00007fff9db90000 'C:\WINDOWS\System32\crypt32.dll'
1a6c.532c: supHardenedWinVerifyImageByHandle: -> 0 (\Device\HarddiskVolume3\Windows\System32\cfgmgr32.dll) WinVerifyTrust
1a6c.532c: supR3HardenedWinVerifyCacheInsert: \Device\HarddiskVolume3\Windows\System32\cfgmgr32.dll
1a6c.532c: supR3HardenedMonitor_LdrLoadDll: pName=C:\WINDOWS\System32\DEVOBJ.dll (Input=DEVOBJ.dll, rcNtResolve=0xc0150008) *pfFlags=0x0 pwszSearchPath=0000000000000001:<flags> [calling]
1a6c.532c: supR3HardenedScreenImage/NtCreateSection: cache hit (VINF_SUCCESS) on \Device\HarddiskVolume3\Windows\System32\devobj.dll
1a6c.532c: supR3HardenedScreenImage/NtCreateSection: cache hit (VINF_SUCCESS) on \Device\HarddiskVolume3\Windows\System32\cfgmgr32.dll
1a6c.532c: supR3HardenedDllNotificationCallback: load   00007fff9d2c0000 LB 0x00051000 C:\WINDOWS\SYSTEM32\cfgmgr32.dll [fFlags=0x0]
1a6c.532c: supR3HardenedScreenImage/LdrLoadDll: cache hit (VINF_SUCCESS) on \Device\HarddiskVolume3\Windows\System32\cfgmgr32.dll
1a6c.532c: supR3HardenedDllNotificationCallback: load   00007fff9d290000 LB 0x0002d000 C:\WINDOWS\System32\DEVOBJ.dll [fFlags=0x0]
1a6c.532c: supR3HardenedScreenImage/LdrLoadDll: cache hit (VINF_SUCCESS) on \Device\HarddiskVolume3\Windows\System32\devobj.dll
1a6c.532c: supR3HardenedMonitor_LdrLoadDll: returns rcNt=0x0 hMod=00007fff9d290000 'C:\WINDOWS\System32\DEVOBJ.dll'
1a6c.532c: supR3HardenedIsApiSetDll: ApiSetQueryApiSetPresence(api-ms-win-core-registry-l1-1-0.dll) -> 0x0, fPresent=1
1a6c.532c: supR3HardenedMonitor_LdrLoadDll: pName=api-ms-win-core-registry-l1-1-0.dll (rcNtResolve=0x0) *pfFlags=0x0 pwszSearchPath=0000000000000001:<flags> [calling]
1a6c.532c: supR3HardenedMonitor_LdrLoadDll: returns rcNt=0x0 hMod=00007fff9dd10000 'api-ms-win-core-registry-l1-1-0.dll'
1a6c.532c: supR3HardenedScreenImage/LdrLoadDll: cache hit (VINF_SUCCESS) on \Device\HarddiskVolume3\Windows\System32\wintrust.dll
1a6c.532c: supR3HardenedMonitor_LdrLoadDll: pName=C:\WINDOWS\System32\WINTRUST.dll (Input=WINTRUST.dll, rcNtResolve=0xc0150008) *pfFlags=0x0 pwszSearchPath=0000000000000001:<flags> [calling]
1a6c.532c: supR3HardenedMonitor_LdrLoadDll: returns rcNt=0x0 hMod=00007fff9d980000 'C:\WINDOWS\System32\WINTRUST.dll'
1a6c.532c: supR3HardenedMonitor_LdrLoadDll: returns rcNt=0x0 hMod=00007fff9c300000 'C:\WINDOWS\system32\rsaenh.dll'
1a6c.532c: supR3HardenedMonitor_LdrLoadDll: returns rcNt=0x0 hMod=00007fff9db90000 'C:\WINDOWS\System32\crypt32.dll'
1a6c.532c: supR3HardenedWinVerifyCacheScheduleImports: Import todo: #0 'gdi32.dll'.
1a6c.532c: supR3HardenedWinVerifyCacheScheduleImports: Import todo: #1 'user32.dll'.
1a6c.532c: supR3HardenedWinVerifyCacheScheduleImports: Import todo: #2 'uxtheme.dll'.
1a6c.532c: supR3HardenedWinVerifyCacheScheduleImports: Import todo: #3 'qt6widgetsvbox.dll'.
1a6c.532c: supR3HardenedWinVerifyCacheScheduleImports: Import todo: #4 'qt6guivbox.dll'.
1a6c.532c: supR3HardenedWinVerifyCacheScheduleImports: Import todo: #5 'qt6corevbox.dll'.
1a6c.532c: supR3HardenedWinVerifyCacheScheduleImports: Import todo: #7 'msvcp140.dll'.
1a6c.532c: supR3HardenedWinVerifyCacheScheduleImports: Import todo: #8 'vcruntime140.dll'.
1a6c.532c: supHardenedWinVerifyImageByHandle: -> 0 (\Device\HarddiskVolume3\Program Files\Oracle\VirtualBox\styles\qmodernwindowsstyleVBox.dll) WinVerifyTrust
1a6c.532c: supR3HardenedWinVerifyCacheInsert: \Device\HarddiskVolume3\Program Files\Oracle\VirtualBox\styles\qmodernwindowsstyleVBox.dll
1a6c.532c: supR3HardenedWinVerifyCacheProcessImportTodos: Processing 'vcruntime140.dll'...
1a6c.532c: supR3HardenedWinVerifyCacheProcessImportTodos: 'vcruntime140.dll' -> '\Device\HarddiskVolume3\Windows\System32\vcruntime140.dll' [rcNtRedir=0xc0150008]
1a6c.532c: supR3HardenedWinVerifyCacheProcessImportTodos: Processing 'msvcp140.dll'...
1a6c.532c: supR3HardenedWinVerifyCacheProcessImportTodos: 'msvcp140.dll' -> '\Device\HarddiskVolume3\Windows\System32\msvcp140.dll' [rcNtRedir=0xc0150008]
1a6c.532c: supR3HardenedWinVerifyCacheProcessImportTodos: Processing 'qt6corevbox.dll'...
1a6c.532c: supR3HardenedWinVerifyCacheProcessImportTodos: 'qt6corevbox.dll' -> '\Device\HarddiskVolume3\Program Files\Oracle\VirtualBox\qt6corevbox.dll' [rcNtRedir=0xc0150008]
1a6c.532c: supR3HardenedWinVerifyCacheProcessImportTodos: Processing 'qt6guivbox.dll'...
1a6c.532c: supR3HardenedWinVerifyCacheProcessImportTodos: 'qt6guivbox.dll' -> '\Device\HarddiskVolume3\Program Files\Oracle\VirtualBox\qt6guivbox.dll' [rcNtRedir=0xc0150008]
1a6c.532c: supR3HardenedScreenImage/Imports: cache hit (VINF_SUCCESS) on \Device\HarddiskVolume3\Program Files\Oracle\VirtualBox\Qt6GuiVBox.dll
1a6c.532c: supR3HardenedWinVerifyCacheProcessImportTodos: Processing 'qt6widgetsvbox.dll'...
1a6c.532c: supR3HardenedWinVerifyCacheProcessImportTodos: 'qt6widgetsvbox.dll' -> '\Device\HarddiskVolume3\Program Files\Oracle\VirtualBox\qt6widgetsvbox.dll' [rcNtRedir=0xc0150008]
1a6c.532c: supR3HardenedScreenImage/Imports: cache hit (VINF_SUCCESS) on \Device\HarddiskVolume3\Program Files\Oracle\VirtualBox\Qt6WidgetsVBox.dll
1a6c.532c: supR3HardenedWinVerifyCacheProcessImportTodos: Processing 'uxtheme.dll'...
1a6c.532c: supR3HardenedWinVerifyCacheProcessImportTodos: 'uxtheme.dll' -> '\Device\HarddiskVolume3\Windows\System32\uxtheme.dll' [rcNtRedir=0xc0150008]
1a6c.532c: supR3HardenedScreenImage/Imports: cache hit (VINF_SUCCESS) on \Device\HarddiskVolume3\Windows\System32\uxtheme.dll
1a6c.532c: supR3HardenedWinVerifyCacheProcessImportTodos: Processing 'user32.dll'...
1a6c.532c: supR3HardenedWinVerifyCacheProcessImportTodos: 'user32.dll' -> '\Device\HarddiskVolume3\Windows\System32\user32.dll' [rcNtRedir=0xc0150008]
1a6c.532c: supR3HardenedWinVerifyCacheProcessImportTodos: Processing 'gdi32.dll'...
1a6c.532c: supR3HardenedWinVerifyCacheProcessImportTodos: 'gdi32.dll' -> '\Device\HarddiskVolume3\Windows\System32\gdi32.dll' [rcNtRedir=0xc0150008]
1a6c.532c: supR3HardenedMonitor_LdrLoadDll: pName=C:\Program Files\Oracle\VirtualBox\styles\qmodernwindowsstyleVBox.dll (rcNtResolve=0xc0150008) *pfFlags=0x0 pwszSearchPath=0000000000000001:<flags> [calling]
1a6c.532c: supR3HardenedScreenImage/NtCreateSection: cache hit (VINF_SUCCESS) on \Device\HarddiskVolume3\Program Files\Oracle\VirtualBox\styles\qmodernwindowsstyleVBox.dll
1a6c.532c: supR3HardenedDllNotificationCallback: load   00007fff8cd90000 LB 0x00036000 C:\Program Files\Oracle\VirtualBox\styles\qmodernwindowsstyleVBox.dll [fFlags=0x0]
1a6c.532c: supR3HardenedScreenImage/LdrLoadDll: cache hit (VINF_SUCCESS) on \Device\HarddiskVolume3\Program Files\Oracle\VirtualBox\styles\qmodernwindowsstyleVBox.dll
1a6c.532c: supR3HardenedMonitor_LdrLoadDll: returns rcNt=0x0 hMod=00007fff8cd90000 'C:\Program Files\Oracle\VirtualBox\styles\qmodernwindowsstyleVBox.dll'
1a6c.532c: '\Device\HarddiskVolume3\Windows\System32\imageres.dll' has no imports
1a6c.532c: supHardenedWinVerifyImageByHandle: -> 22900 (\Device\HarddiskVolume3\Windows\System32\imageres.dll)
1a6c.532c: supR3HardenedWinVerifyCacheInsert: \Device\HarddiskVolume3\Windows\System32\imageres.dll
1a6c.532c: supR3HardenedMonitor_NtCreateSection: NtMapViewOfSection failed on 000000000000050c (hFile=00000000000005a8) with 0xc0000022 -> STATUS_TRUST_FAILURE
1a6c.532c: supR3HardenedScreenImage/NtCreateSection: cache hit (22900) on \Device\HarddiskVolume3\Windows\System32\imageres.dll [avoiding WinVerifyTrust]
1a6c.532c: supR3HardenedMonitor_NtCreateSection: NtMapViewOfSection failed on 00000000000005a8 (hFile=000000000000050c) with 0xc0000022 -> STATUS_TRUST_FAILURE
1a6c.532c: supR3HardenedScreenImage/NtCreateSection: cache hit (22900) on \Device\HarddiskVolume3\Windows\System32\imageres.dll [avoiding WinVerifyTrust]
1a6c.532c: supR3HardenedMonitor_NtCreateSection: NtMapViewOfSection failed on 000000000000050c (hFile=00000000000005a8) with 0xc0000022 -> STATUS_TRUST_FAILURE
1a6c.532c: supR3HardenedScreenImage/NtCreateSection: cache hit (22900) on \Device\HarddiskVolume3\Windows\System32\imageres.dll [avoiding WinVerifyTrust]
1a6c.532c: supR3HardenedMonitor_NtCreateSection: NtMapViewOfSection failed on 00000000000005a8 (hFile=000000000000050c) with 0xc0000022 -> STATUS_TRUST_FAILURE
1a6c.532c: supR3HardNtViCallWinVerifyTrustCatFile: hFile=000000000000053c pwszName=\Device\HarddiskVolume3\Windows\System32\imageres.dll
1a6c.532c: supR3HardNtViCallWinVerifyTrustCatFile: Cached context 0000029b681ab360
1a6c.532c: supR3HardNtViCallWinVerifyTrustCatFile: hCatAdmin=0000029b681ab360
1a6c.532c: supR3HardNtViCallWinVerifyTrustCatFile: cbHash=20 wszDigest=0EE2082FDAB9E64FDEB5A51961DE49D30EFA3625
1a6c.532c: supR3HardenedMonitor_LdrLoadDll: returns rcNt=0x0 hMod=00007fff9c300000 'C:\WINDOWS\system32\rsaenh.dll'
1a6c.532c: supR3HardenedMonitor_LdrLoadDll: returns rcNt=0x0 hMod=00007fff9db90000 'C:\WINDOWS\System32\crypt32.dll'
1a6c.532c: supR3HardNtViCallWinVerifyTrustCatFile: WinVerifyTrust => 0x0; cat='C:\WINDOWS\system32\CatRoot\{F750E6C3-38EE-11D1-85E5-00C04FC295EE}\Microsoft-Windows-Client-Desktop-Required-Package02~31bf3856ad364e35~amd64~~10.0.26100.8524.cat'; file='\Device\HarddiskVolume3\Windows\System32\imageres.dll'
1a6c.532c: supR3HardNtViCallWinVerifyTrustCatFile -> 0 (org 22900)
1a6c.532c: supR3HardenedWinVerifyCacheProcessWvtTodos: 0 (was 22900) fWinVerifyTrust=1 for '\Device\HarddiskVolume3\Windows\System32\imageres.dll'
1a6c.532c: supR3HardNtViCallWinVerifyTrustCatFile: hFile=0000000000000830 pwszName=\Device\HarddiskVolume3\Windows\System32\IconCodecService.dll
1a6c.532c: supR3HardNtViCallWinVerifyTrustCatFile: Cached context 0000029b681ab360
1a6c.532c: supR3HardNtViCallWinVerifyTrustCatFile: hCatAdmin=0000029b681ab360
1a6c.532c: supR3HardNtViCallWinVerifyTrustCatFile: cbHash=20 wszDigest=6A94C939C9629E54D59EAB8EB41ACFCDF775AA8B
1a6c.532c: supR3HardenedMonitor_LdrLoadDll: returns rcNt=0x0 hMod=00007fff9c300000 'C:\WINDOWS\system32\rsaenh.dll'
1a6c.532c: supR3HardenedMonitor_LdrLoadDll: returns rcNt=0x0 hMod=00007fff9db90000 'C:\WINDOWS\System32\crypt32.dll'
1a6c.532c: supR3HardNtViCallWinVerifyTrustCatFile: WinVerifyTrust => 0x0; cat='C:\WINDOWS\system32\CatRoot\{F750E6C3-38EE-11D1-85E5-00C04FC295EE}\Microsoft-Windows-Client-Desktop-Required-Package0418~31bf3856ad364e35~amd64~~10.0.26100.8457.cat'; file='\Device\HarddiskVolume3\Windows\System32\IconCodecService.dll'
1a6c.532c: supR3HardNtViCallWinVerifyTrustCatFile -> 0 (org 22900)
1a6c.532c: supR3HardenedWinVerifyCacheScheduleImports: Import todo: #0 'msvcrt.dll'.
1a6c.532c: supR3HardenedWinVerifyCacheScheduleImports: Import todo: #2 'user32.dll'.
1a6c.532c: supHardenedWinVerifyImageByHandle: -> 0 (\Device\HarddiskVolume3\Windows\System32\IconCodecService.dll) WinVerifyTrust
1a6c.532c: supR3HardenedWinVerifyCacheInsert: \Device\HarddiskVolume3\Windows\System32\IconCodecService.dll
1a6c.532c: supR3HardenedWinVerifyCacheProcessImportTodos: Processing 'user32.dll'...
1a6c.532c: supR3HardenedWinVerifyCacheProcessImportTodos: 'user32.dll' -> '\Device\HarddiskVolume3\Windows\System32\user32.dll' [rcNtRedir=0xc0150008]
1a6c.532c: supR3HardenedWinVerifyCacheProcessImportTodos: Processing 'msvcrt.dll'...
1a6c.532c: supR3HardenedWinVerifyCacheProcessImportTodos: 'msvcrt.dll' -> '\Device\HarddiskVolume3\Windows\System32\msvcrt.dll' [rcNtRedir=0xc0150008]
1a6c.532c: supR3HardenedMonitor_LdrLoadDll: pName=C:\WINDOWS\system32\IconCodecService.dll (rcNtResolve=0xc0150008) *pfFlags=0x0 pwszSearchPath=0000000000000001:<flags> [calling]
1a6c.532c: supR3HardenedScreenImage/NtCreateSection: cache hit (VINF_SUCCESS) on \Device\HarddiskVolume3\Windows\System32\IconCodecService.dll
1a6c.532c: supR3HardenedDllNotificationCallback: load   00007fff28690000 LB 0x0000b000 C:\WINDOWS\system32\IconCodecService.dll [fFlags=0x0]
1a6c.532c: supR3HardenedScreenImage/LdrLoadDll: cache hit (VINF_SUCCESS) on \Device\HarddiskVolume3\Windows\System32\IconCodecService.dll
1a6c.532c: supR3HardenedMonitor_LdrLoadDll: returns rcNt=0x0 hMod=00007fff28690000 'C:\WINDOWS\system32\IconCodecService.dll'
1a6c.532c: supHardenedWinVerifyImageByHandle: -> 0 (\Device\HarddiskVolume3\Windows\System32\WindowsCodecs.dll)
1a6c.532c: supR3HardenedWinVerifyCacheInsert: \Device\HarddiskVolume3\Windows\System32\WindowsCodecs.dll
1a6c.532c: supR3HardenedDllNotificationCallback: load   00007fff93de0000 LB 0x0022c000 C:\WINDOWS\SYSTEM32\WindowsCodecs.dll [fFlags=0x0]
1a6c.532c: supR3HardenedScreenImage/LdrLoadDll: cache hit (VINF_SUCCESS) on \Device\HarddiskVolume3\Windows\System32\WindowsCodecs.dll [avoiding WinVerifyTrust]
1a6c.532c: supR3HardenedScreenImage/NtCreateSection: cache hit (VINF_SUCCESS) on \Device\HarddiskVolume3\Windows\System32\imageres.dll
1a6c.532c: supR3HardenedMonitor_NtCreateSection: NtMapViewOfSection failed on 000000000000050c (hFile=00000000000005a8) with 0xc0000022 -> STATUS_TRUST_FAILURE
1a6c.532c: supR3HardenedScreenImage/NtCreateSection: cache hit (VINF_SUCCESS) on \Device\HarddiskVolume3\Windows\System32\imageres.dll
1a6c.532c: supR3HardenedMonitor_NtCreateSection: NtMapViewOfSection failed on 00000000000005a8 (hFile=000000000000050c) with 0xc0000022 -> STATUS_TRUST_FAILURE
1a6c.532c: supR3HardenedScreenImage/NtCreateSection: cache hit (VINF_SUCCESS) on \Device\HarddiskVolume3\Windows\System32\imageres.dll
1a6c.532c: supR3HardenedMonitor_NtCreateSection: NtMapViewOfSection failed on 000000000000050c (hFile=00000000000005a8) with 0xc0000022 -> STATUS_TRUST_FAILURE
1a6c.532c: supR3HardenedScreenImage/NtCreateSection: cache hit (VINF_SUCCESS) on \Device\HarddiskVolume3\Windows\System32\imageres.dll
1a6c.532c: supR3HardenedMonitor_NtCreateSection: NtMapViewOfSection failed on 00000000000005a8 (hFile=000000000000050c) with 0xc0000022 -> STATUS_TRUST_FAILURE
1a6c.532c: supR3HardenedDllNotificationCallback: load   00007fff9f010000 LB 0x000ae000 C:\WINDOWS\System32\clbcatq.dll [fFlags=0x0]
1a6c.532c: supR3HardenedWinVerifyCacheScheduleImports: Import todo: #0 'msvcrt.dll'.
1a6c.532c: supR3HardenedWinVerifyCacheScheduleImports: Import todo: #31 'rpcrt4.dll'.
1a6c.532c: supHardenedWinVerifyImageByHandle: -> 0 (\Device\HarddiskVolume3\Windows\System32\clbcatq.dll)
1a6c.532c: supR3HardenedWinVerifyCacheInsert: \Device\HarddiskVolume3\Windows\System32\clbcatq.dll
1a6c.532c: supR3HardenedScreenImage/NtCreateSection: cache hit (VINF_SUCCESS) on \Device\HarddiskVolume3\Windows\System32\rpcss.dll
1a6c.532c: supR3HardenedMonitor_NtCreateSection: NtMapViewOfSection failed on 000000000000087c (hFile=0000000000000874) with 0xc0000022 -> STATUS_TRUST_FAILURE
1a6c.14c4: supR3HardenedWinVerifyCacheProcessImportTodos: Processing 'rpcrt4.dll'...
1a6c.14c4: supR3HardenedWinVerifyCacheProcessImportTodos: 'rpcrt4.dll' -> '\Device\HarddiskVolume3\Windows\System32\rpcrt4.dll' [rcNtRedir=0xc0150008]
1a6c.14c4: supR3HardenedWinVerifyCacheProcessImportTodos: Processing 'msvcrt.dll'...
1a6c.14c4: supR3HardenedWinVerifyCacheProcessImportTodos: 'msvcrt.dll' -> '\Device\HarddiskVolume3\Windows\System32\msvcrt.dll' [rcNtRedir=0xc0150008]
1a6c.14c4: supR3HardenedMonitor_LdrLoadDll: returns rcNt=0x0 hMod=00007fff9c300000 'C:\WINDOWS\system32\rsaenh.dll'
1a6c.14c4: supR3HardenedMonitor_LdrLoadDll: returns rcNt=0x0 hMod=00007fff9db90000 'C:\WINDOWS\System32\crypt32.dll'
1a6c.14c4: supR3HardenedWinVerifyCacheProcessWvtTodos: 0 (was 0) fWinVerifyTrust=1 for '\Device\HarddiskVolume3\Windows\System32\clbcatq.dll'
1a6c.14c4: supR3HardenedMonitor_LdrLoadDll: returns rcNt=0x0 hMod=00007fff9c300000 'C:\WINDOWS\system32\rsaenh.dll'
1a6c.14c4: supR3HardenedMonitor_LdrLoadDll: returns rcNt=0x0 hMod=00007fff9db90000 'C:\WINDOWS\System32\crypt32.dll'
1a6c.14c4: supR3HardenedWinVerifyCacheProcessWvtTodos: 0 (was 0) fWinVerifyTrust=1 for '\Device\HarddiskVolume3\Windows\System32\WindowsCodecs.dll'
1a6c.14c4: supR3HardenedMonitor_LdrLoadDll: returns rcNt=0x0 hMod=00007fff9c300000 'C:\WINDOWS\system32\rsaenh.dll'
1a6c.14c4: supR3HardenedMonitor_LdrLoadDll: returns rcNt=0x0 hMod=00007fff9db90000 'C:\WINDOWS\System32\crypt32.dll'
1a6c.14c4: supR3HardenedWinVerifyCacheScheduleImports: Import todo: #9 'advapi32.dll'.
1a6c.14c4: supR3HardenedWinVerifyCacheScheduleImports: Import todo: #10 'ole32.dll'.
1a6c.14c4: supR3HardenedWinVerifyCacheScheduleImports: Import todo: #11 'oleaut32.dll'.
1a6c.14c4: supR3HardenedWinVerifyCacheScheduleImports: Import todo: #12 'vcruntime140.dll'.
1a6c.14c4: supR3HardenedWinVerifyCacheScheduleImports: Import todo: #13 'vcruntime140_1.dll'.
1a6c.14c4: supR3HardenedWinVerifyCacheScheduleImports: Import todo: #14 'msvcp140.dll'.
1a6c.14c4: supR3HardenedWinVerifyCacheScheduleImports: Import todo: #15 'vboxrt.dll'.
1a6c.14c4: supHardenedWinVerifyImageByHandle: -> 0 (\Device\HarddiskVolume3\Program Files\Oracle\VirtualBox\VBoxC.dll) WinVerifyTrust
1a6c.14c4: supR3HardenedWinVerifyCacheInsert: \Device\HarddiskVolume3\Program Files\Oracle\VirtualBox\VBoxC.dll
1a6c.14c4: supR3HardenedWinVerifyCacheProcessImportTodos: Processing 'vboxrt.dll'...
1a6c.14c4: supR3HardenedWinVerifyCacheProcessImportTodos: 'vboxrt.dll' -> '\Device\HarddiskVolume3\Program Files\Oracle\VirtualBox\vboxrt.dll' [rcNtRedir=0xc0150008]
1a6c.14c4: supR3HardenedWinVerifyCacheProcessImportTodos: Processing 'msvcp140.dll'...
1a6c.14c4: supR3HardenedWinVerifyCacheProcessImportTodos: 'msvcp140.dll' -> '\Device\HarddiskVolume3\Windows\System32\msvcp140.dll' [rcNtRedir=0xc0150008]
1a6c.14c4: supR3HardenedWinVerifyCacheProcessImportTodos: Processing 'vcruntime140_1.dll'...
1a6c.14c4: supR3HardenedWinVerifyCacheProcessImportTodos: 'vcruntime140_1.dll' -> '\Device\HarddiskVolume3\Windows\System32\vcruntime140_1.dll' [rcNtRedir=0xc0150008]
1a6c.14c4: supR3HardenedWinVerifyCacheProcessImportTodos: Processing 'vcruntime140.dll'...
1a6c.14c4: supR3HardenedWinVerifyCacheProcessImportTodos: 'vcruntime140.dll' -> '\Device\HarddiskVolume3\Windows\System32\vcruntime140.dll' [rcNtRedir=0xc0150008]
1a6c.14c4: supR3HardenedWinVerifyCacheProcessImportTodos: Processing 'oleaut32.dll'...
1a6c.14c4: supR3HardenedWinVerifyCacheProcessImportTodos: 'oleaut32.dll' -> '\Device\HarddiskVolume3\Windows\System32\oleaut32.dll' [rcNtRedir=0xc0150008]
1a6c.14c4: supR3HardenedScreenImage/Imports: cache hit (VINF_SUCCESS) on \Device\HarddiskVolume3\Windows\System32\oleaut32.dll
1a6c.14c4: supR3HardenedWinVerifyCacheProcessImportTodos: Processing 'ole32.dll'...
1a6c.14c4: supR3HardenedWinVerifyCacheProcessImportTodos: 'ole32.dll' -> '\Device\HarddiskVolume3\Windows\System32\ole32.dll' [rcNtRedir=0xc0150008]
1a6c.14c4: supR3HardenedScreenImage/Imports: cache hit (VINF_SUCCESS) on \Device\HarddiskVolume3\Windows\System32\ole32.dll
1a6c.14c4: supR3HardenedWinVerifyCacheProcessImportTodos: Processing 'advapi32.dll'...
1a6c.14c4: supR3HardenedWinVerifyCacheProcessImportTodos: 'advapi32.dll' -> '\Device\HarddiskVolume3\Windows\System32\advapi32.dll' [rcNtRedir=0xc0150008]
1a6c.14c4: supR3HardenedScreenImage/Imports: cache hit (VINF_SUCCESS) on \Device\HarddiskVolume3\Windows\System32\advapi32.dll
1a6c.14c4: supR3HardenedMonitor_LdrLoadDll: pName=C:\Program Files\Oracle\VirtualBox\VBoxC.dll (rcNtResolve=0xc0150008) *pfFlags=0x0 pwszSearchPath=0000000000002009:<flags> [calling]
1a6c.14c4: supR3HardenedScreenImage/NtCreateSection: cache hit (VINF_SUCCESS) on \Device\HarddiskVolume3\Program Files\Oracle\VirtualBox\VBoxC.dll
1a6c.14c4: supR3HardenedDllNotificationCallback: load   00007fff0a6f0000 LB 0x00433000 C:\Program Files\Oracle\VirtualBox\VBoxC.dll [fFlags=0x0]
1a6c.14c4: supR3HardenedScreenImage/LdrLoadDll: cache hit (VINF_SUCCESS) on \Device\HarddiskVolume3\Program Files\Oracle\VirtualBox\VBoxC.dll
1a6c.14c4: supR3HardenedMonitor_LdrLoadDll: returns rcNt=0x0 hMod=00007fff0a6f0000 'C:\Program Files\Oracle\VirtualBox\VBoxC.dll'
1a6c.14c4: supR3HardenedMonitor_LdrLoadDll: returns rcNt=0x0 hMod=00007fff9c300000 'C:\WINDOWS\system32\rsaenh.dll'
1a6c.14c4: supR3HardenedMonitor_LdrLoadDll: returns rcNt=0x0 hMod=00007fff9db90000 'C:\WINDOWS\System32\crypt32.dll'
1a6c.14c4: supR3HardenedWinVerifyCacheScheduleImports: Import todo: #4 'advapi32.dll'.
1a6c.14c4: supR3HardenedWinVerifyCacheScheduleImports: Import todo: #5 'shlwapi.dll'.
1a6c.14c4: supR3HardenedWinVerifyCacheScheduleImports: Import todo: #6 'ole32.dll'.
1a6c.14c4: supR3HardenedWinVerifyCacheScheduleImports: Import todo: #7 'oleaut32.dll'.
1a6c.14c4: supR3HardenedWinVerifyCacheScheduleImports: Import todo: #8 'rpcrt4.dll'.
1a6c.14c4: supR3HardenedWinVerifyCacheScheduleImports: Import todo: #9 'vcruntime140.dll'.
1a6c.14c4: supR3HardenedWinVerifyCacheScheduleImports: Import todo: #10 'vboxrt.dll'.
1a6c.14c4: supHardenedWinVerifyImageByHandle: -> 0 (\Device\HarddiskVolume3\Program Files\Oracle\VirtualBox\VBoxProxyStub.dll) WinVerifyTrust
1a6c.14c4: supR3HardenedWinVerifyCacheInsert: \Device\HarddiskVolume3\Program Files\Oracle\VirtualBox\VBoxProxyStub.dll
1a6c.14c4: supR3HardenedWinVerifyCacheProcessImportTodos: Processing 'vboxrt.dll'...
1a6c.14c4: supR3HardenedWinVerifyCacheProcessImportTodos: 'vboxrt.dll' -> '\Device\HarddiskVolume3\Program Files\Oracle\VirtualBox\vboxrt.dll' [rcNtRedir=0xc0150008]
1a6c.14c4: supR3HardenedWinVerifyCacheProcessImportTodos: Processing 'vcruntime140.dll'...
1a6c.14c4: supR3HardenedWinVerifyCacheProcessImportTodos: 'vcruntime140.dll' -> '\Device\HarddiskVolume3\Windows\System32\vcruntime140.dll' [rcNtRedir=0xc0150008]
1a6c.14c4: supR3HardenedWinVerifyCacheProcessImportTodos: Processing 'rpcrt4.dll'...
1a6c.14c4: supR3HardenedWinVerifyCacheProcessImportTodos: 'rpcrt4.dll' -> '\Device\HarddiskVolume3\Windows\System32\rpcrt4.dll' [rcNtRedir=0xc0150008]
1a6c.14c4: supR3HardenedWinVerifyCacheProcessImportTodos: Processing 'oleaut32.dll'...
1a6c.14c4: supR3HardenedWinVerifyCacheProcessImportTodos: 'oleaut32.dll' -> '\Device\HarddiskVolume3\Windows\System32\oleaut32.dll' [rcNtRedir=0xc0150008]
1a6c.14c4: supR3HardenedScreenImage/Imports: cache hit (VINF_SUCCESS) on \Device\HarddiskVolume3\Windows\System32\oleaut32.dll
1a6c.14c4: supR3HardenedWinVerifyCacheProcessImportTodos: Processing 'ole32.dll'...
1a6c.14c4: supR3HardenedWinVerifyCacheProcessImportTodos: 'ole32.dll' -> '\Device\HarddiskVolume3\Windows\System32\ole32.dll' [rcNtRedir=0xc0150008]
1a6c.14c4: supR3HardenedScreenImage/Imports: cache hit (VINF_SUCCESS) on \Device\HarddiskVolume3\Windows\System32\ole32.dll
1a6c.14c4: supR3HardenedWinVerifyCacheProcessImportTodos: Processing 'shlwapi.dll'...
1a6c.14c4: supR3HardenedWinVerifyCacheProcessImportTodos: 'shlwapi.dll' -> '\Device\HarddiskVolume3\Windows\System32\shlwapi.dll' [rcNtRedir=0xc0150008]
1a6c.14c4: supR3HardenedScreenImage/Imports: cache hit (VINF_SUCCESS) on \Device\HarddiskVolume3\Windows\System32\shlwapi.dll
1a6c.14c4: supR3HardenedWinVerifyCacheProcessImportTodos: Processing 'advapi32.dll'...
1a6c.14c4: supR3HardenedWinVerifyCacheProcessImportTodos: 'advapi32.dll' -> '\Device\HarddiskVolume3\Windows\System32\advapi32.dll' [rcNtRedir=0xc0150008]
1a6c.14c4: supR3HardenedScreenImage/Imports: cache hit (VINF_SUCCESS) on \Device\HarddiskVolume3\Windows\System32\advapi32.dll
1a6c.14c4: supR3HardenedMonitor_LdrLoadDll: pName=C:\Program Files\Oracle\VirtualBox\VBoxProxyStub.dll (rcNtResolve=0xc0150008) *pfFlags=0x0 pwszSearchPath=0000000000002009:<flags> [calling]
1a6c.14c4: supR3HardenedScreenImage/NtCreateSection: cache hit (VINF_SUCCESS) on \Device\HarddiskVolume3\Program Files\Oracle\VirtualBox\VBoxProxyStub.dll
1a6c.14c4: supR3HardenedDllNotificationCallback: load   00007fff55b90000 LB 0x000eb000 C:\Program Files\Oracle\VirtualBox\VBoxProxyStub.dll [fFlags=0x0]
1a6c.14c4: supR3HardenedScreenImage/LdrLoadDll: cache hit (VINF_SUCCESS) on \Device\HarddiskVolume3\Program Files\Oracle\VirtualBox\VBoxProxyStub.dll
1a6c.14c4: supR3HardenedMonitor_LdrLoadDll: returns rcNt=0x0 hMod=00007fff55b90000 'C:\Program Files\Oracle\VirtualBox\VBoxProxyStub.dll'
1a6c.14c4: supR3HardNtViCallWinVerifyTrustCatFile: hFile=0000000000000910 pwszName=\Device\HarddiskVolume3\Windows\System32\msiltcfg.dll
1a6c.14c4: supR3HardNtViCallWinVerifyTrustCatFile: Cached context 0000029b681ab360
1a6c.14c4: supR3HardNtViCallWinVerifyTrustCatFile: hCatAdmin=0000029b681ab360
1a6c.14c4: supR3HardNtViCallWinVerifyTrustCatFile: cbHash=20 wszDigest=50244CF82353EDE0849BDBAE6D69A1F3965E58E2
1a6c.14c4: supR3HardenedMonitor_LdrLoadDll: returns rcNt=0x0 hMod=00007fff9c300000 'C:\WINDOWS\system32\rsaenh.dll'
1a6c.14c4: supR3HardenedMonitor_LdrLoadDll: returns rcNt=0x0 hMod=00007fff9db90000 'C:\WINDOWS\System32\crypt32.dll'
1a6c.14c4: supR3HardNtViCallWinVerifyTrustCatFile: WinVerifyTrust => 0x0; cat='C:\WINDOWS\system32\CatRoot\{F750E6C3-38EE-11D1-85E5-00C04FC295EE}\Microsoft-Windows-Client-Features-Package02~31bf3856ad364e35~amd64~~10.0.26100.8328.cat'; file='\Device\HarddiskVolume3\Windows\System32\msiltcfg.dll'
1a6c.14c4: supR3HardNtViCallWinVerifyTrustCatFile -> 0 (org 22900)
1a6c.14c4: supR3HardenedWinVerifyCacheScheduleImports: Import todo: #0 'msvcrt.dll'.
1a6c.14c4: supR3HardenedWinVerifyCacheScheduleImports: Import todo: #2 'advapi32.dll'.
1a6c.14c4: supR3HardenedWinVerifyCacheScheduleImports: Import todo: #3 'version.dll'.
1a6c.14c4: supHardenedWinVerifyImageByHandle: -> 0 (\Device\HarddiskVolume3\Windows\System32\msiltcfg.dll) WinVerifyTrust
1a6c.14c4: supR3HardenedWinVerifyCacheInsert: \Device\HarddiskVolume3\Windows\System32\msiltcfg.dll
1a6c.14c4: supR3HardenedWinVerifyCacheProcessImportTodos: Processing 'version.dll'...
1a6c.14c4: supR3HardenedWinVerifyCacheProcessImportTodos: 'version.dll' -> '\Device\HarddiskVolume3\Windows\System32\version.dll' [rcNtRedir=0xc0150008]
1a6c.14c4: supR3HardenedScreenImage/Imports: cache hit (VINF_SUCCESS) on \Device\HarddiskVolume3\Windows\System32\version.dll
1a6c.14c4: supR3HardenedWinVerifyCacheProcessImportTodos: Processing 'advapi32.dll'...
1a6c.14c4: supR3HardenedWinVerifyCacheProcessImportTodos: 'advapi32.dll' -> '\Device\HarddiskVolume3\Windows\System32\advapi32.dll' [rcNtRedir=0xc0150008]
1a6c.14c4: supR3HardenedWinVerifyCacheProcessImportTodos: Processing 'msvcrt.dll'...
1a6c.14c4: supR3HardenedWinVerifyCacheProcessImportTodos: 'msvcrt.dll' -> '\Device\HarddiskVolume3\Windows\System32\msvcrt.dll' [rcNtRedir=0xc0150008]
1a6c.14c4: supR3HardenedMonitor_LdrLoadDll: pName=C:\WINDOWS\System32\msiltcfg.dll (Input=msiltcfg.dll, rcNtResolve=0xc0150008) *pfFlags=0x0 pwszSearchPath=0000000000000801:<flags> [calling]
1a6c.14c4: supR3HardenedScreenImage/NtCreateSection: cache hit (VINF_SUCCESS) on \Device\HarddiskVolume3\Windows\System32\msiltcfg.dll
1a6c.14c4: supR3HardenedDllNotificationCallback: load   00007fff49170000 LB 0x0000b000 C:\WINDOWS\System32\msiltcfg.dll [fFlags=0x0]
1a6c.14c4: supR3HardenedScreenImage/LdrLoadDll: cache hit (VINF_SUCCESS) on \Device\HarddiskVolume3\Windows\System32\msiltcfg.dll
1a6c.14c4: supR3HardenedMonitor_LdrLoadDll: returns rcNt=0x0 hMod=00007fff49170000 'C:\WINDOWS\System32\msiltcfg.dll'
1a6c.14c4: supR3HardenedMonitor_LdrLoadDll: returns rcNt=0x0 hMod=00007fff9e210000 'C:\WINDOWS\System32\user32.dll'
1a6c.14c4: supR3HardenedMonitor_LdrLoadDll: returns rcNt=0x0 hMod=00007fff9c300000 'C:\WINDOWS\system32\rsaenh.dll'
1a6c.14c4: supR3HardenedMonitor_LdrLoadDll: returns rcNt=0x0 hMod=00007fff9db90000 'C:\WINDOWS\System32\crypt32.dll'
1a6c.14c4: supR3HardenedWinVerifyCacheScheduleImports: Import todo: #0 'msvcrt.dll'.
1a6c.14c4: supR3HardenedWinVerifyCacheScheduleImports: Import todo: #2 'advapi32.dll'.
1a6c.14c4: supR3HardenedWinVerifyCacheScheduleImports: Import todo: #4 'user32.dll'.
1a6c.14c4: supR3HardenedWinVerifyCacheScheduleImports: Import todo: #5 'shell32.dll'.
1a6c.14c4: supR3HardenedWinVerifyCacheScheduleImports: Import todo: #6 'gdi32.dll'.
1a6c.14c4: supR3HardenedWinVerifyCacheScheduleImports: Import todo: #7 'rpcrt4.dll'.
1a6c.14c4: supR3HardenedWinVerifyCacheScheduleImports: Import todo: #8 'ole32.dll'.
1a6c.14c4: supR3HardenedWinVerifyCacheScheduleImports: Import todo: #9 'bcrypt.dll'.
1a6c.14c4: supHardenedWinVerifyImageByHandle: -> 0 (\Device\HarddiskVolume3\Windows\System32\msi.dll) WinVerifyTrust
1a6c.14c4: supR3HardenedWinVerifyCacheInsert: \Device\HarddiskVolume3\Windows\System32\msi.dll
1a6c.14c4: supR3HardenedWinVerifyCacheProcessImportTodos: Processing 'bcrypt.dll'...
1a6c.14c4: supR3HardenedWinVerifyCacheProcessImportTodos: 'bcrypt.dll' -> '\Device\HarddiskVolume3\Windows\System32\bcrypt.dll' [rcNtRedir=0xc0150008]
1a6c.14c4: supR3HardenedScreenImage/Imports: cache hit (VINF_SUCCESS) on \Device\HarddiskVolume3\Windows\System32\bcrypt.dll
1a6c.14c4: supR3HardenedWinVerifyCacheProcessImportTodos: Processing 'ole32.dll'...
1a6c.14c4: supR3HardenedWinVerifyCacheProcessImportTodos: 'ole32.dll' -> '\Device\HarddiskVolume3\Windows\System32\ole32.dll' [rcNtRedir=0xc0150008]
1a6c.14c4: supR3HardenedWinVerifyCacheProcessImportTodos: Processing 'rpcrt4.dll'...
1a6c.14c4: supR3HardenedWinVerifyCacheProcessImportTodos: 'rpcrt4.dll' -> '\Device\HarddiskVolume3\Windows\System32\rpcrt4.dll' [rcNtRedir=0xc0150008]
1a6c.14c4: supR3HardenedWinVerifyCacheProcessImportTodos: Processing 'gdi32.dll'...
1a6c.14c4: supR3HardenedWinVerifyCacheProcessImportTodos: 'gdi32.dll' -> '\Device\HarddiskVolume3\Windows\System32\gdi32.dll' [rcNtRedir=0xc0150008]
1a6c.14c4: supR3HardenedWinVerifyCacheProcessImportTodos: Processing 'shell32.dll'...
1a6c.14c4: supR3HardenedWinVerifyCacheProcessImportTodos: 'shell32.dll' -> '\Device\HarddiskVolume3\Windows\System32\shell32.dll' [rcNtRedir=0xc0150008]
1a6c.14c4: supR3HardenedScreenImage/Imports: cache hit (VINF_SUCCESS) on \Device\HarddiskVolume3\Windows\System32\shell32.dll
1a6c.14c4: supR3HardenedWinVerifyCacheProcessImportTodos: Processing 'user32.dll'...
1a6c.14c4: supR3HardenedWinVerifyCacheProcessImportTodos: 'user32.dll' -> '\Device\HarddiskVolume3\Windows\System32\user32.dll' [rcNtRedir=0xc0150008]
1a6c.14c4: supR3HardenedWinVerifyCacheProcessImportTodos: Processing 'advapi32.dll'...
1a6c.14c4: supR3HardenedWinVerifyCacheProcessImportTodos: 'advapi32.dll' -> '\Device\HarddiskVolume3\Windows\System32\advapi32.dll' [rcNtRedir=0xc0150008]
1a6c.14c4: supR3HardenedWinVerifyCacheProcessImportTodos: Processing 'msvcrt.dll'...
1a6c.14c4: supR3HardenedWinVerifyCacheProcessImportTodos: 'msvcrt.dll' -> '\Device\HarddiskVolume3\Windows\System32\msvcrt.dll' [rcNtRedir=0xc0150008]
1a6c.14c4: supR3HardenedMonitor_LdrLoadDll: pName=C:\WINDOWS\System32\msi.dll (Input=msi.dll, rcNtResolve=0xc0150008) *pfFlags=0x0 pwszSearchPath=0000000000000001:<flags> [calling]
1a6c.14c4: supR3HardenedScreenImage/NtCreateSection: cache hit (VINF_SUCCESS) on \Device\HarddiskVolume3\Windows\System32\msi.dll
1a6c.14c4: supR3HardenedDllNotificationCallback: load   00007fff73060000 LB 0x00349000 C:\WINDOWS\System32\msi.dll [fFlags=0x0]
1a6c.14c4: supR3HardenedScreenImage/LdrLoadDll: cache hit (VINF_SUCCESS) on \Device\HarddiskVolume3\Windows\System32\msi.dll
1a6c.14c4: supR3HardenedMonitor_LdrLoadDll: returns rcNt=0x0 hMod=00007fff73060000 'C:\WINDOWS\System32\msi.dll'
1a6c.14c4: supR3HardenedScreenImage/LdrLoadDll: cache hit (VINF_SUCCESS) on \Device\HarddiskVolume3\Windows\System32\msiltcfg.dll
1a6c.14c4: supR3HardenedMonitor_LdrLoadDll: pName=C:\WINDOWS\System32\msiltcfg.dll (Input=msiltcfg.dll, rcNtResolve=0xc0150008) *pfFlags=0x0 pwszSearchPath=0000000000000001:<flags> [calling]
1a6c.14c4: supR3HardenedMonitor_LdrLoadDll: returns rcNt=0x0 hMod=00007fff49170000 'C:\WINDOWS\System32\msiltcfg.dll'
1a6c.14c4: supR3HardenedScreenImage/LdrLoadDll: cache hit (VINF_SUCCESS) on \Device\HarddiskVolume3\Windows\System32\oleaut32.dll
1a6c.14c4: supR3HardenedMonitor_LdrLoadDll: pName=C:\WINDOWS\system32\oleaut32.dll (rcNtResolve=0xc0150008) *pfFlags=0x0 pwszSearchPath=0000000000002009:<flags> [calling]
1a6c.14c4: supR3HardenedMonitor_LdrLoadDll: returns rcNt=0x0 hMod=00007fff9ef00000 'C:\WINDOWS\system32\oleaut32.dll'
1a6c.532c: '\Device\HarddiskVolume3\Windows\System32\tzres.dll' has no imports
1a6c.532c: supHardenedWinVerifyImageByHandle: -> 22900 (\Device\HarddiskVolume3\Windows\System32\tzres.dll)
1a6c.532c: supR3HardenedWinVerifyCacheInsert: \Device\HarddiskVolume3\Windows\System32\tzres.dll
1a6c.532c: supR3HardenedMonitor_NtCreateSection: NtMapViewOfSection failed on 00000000000009c0 (hFile=00000000000009b8) with 0xc0000022 -> STATUS_TRUST_FAILURE
1a6c.532c: supR3HardenedScreenImage/NtCreateSection: cache hit (22900) on \Device\HarddiskVolume3\Windows\System32\tzres.dll [avoiding WinVerifyTrust]
1a6c.532c: supR3HardenedMonitor_NtCreateSection: NtMapViewOfSection failed on 00000000000009b8 (hFile=00000000000009c0) with 0xc0000022 -> STATUS_TRUST_FAILURE
1a6c.15cc: supR3HardNtViCallWinVerifyTrustCatFile: hFile=00000000000009bc pwszName=\Device\HarddiskVolume3\Windows\System32\tzres.dll
1a6c.15cc: supR3HardNtViCallWinVerifyTrustCatFile: Cached context 0000029b681ab360
1a6c.15cc: supR3HardNtViCallWinVerifyTrustCatFile: hCatAdmin=0000029b681ab360
1a6c.15cc: supR3HardNtViCallWinVerifyTrustCatFile: cbHash=20 wszDigest=12222A17319FEB9AF4802DB807C5467D6C590194
1a6c.15cc: supR3HardenedMonitor_LdrLoadDll: returns rcNt=0x0 hMod=00007fff9c300000 'C:\WINDOWS\system32\rsaenh.dll'
1a6c.15cc: supR3HardenedMonitor_LdrLoadDll: returns rcNt=0x0 hMod=00007fff9db90000 'C:\WINDOWS\System32\crypt32.dll'
1a6c.15cc: supR3HardNtViCallWinVerifyTrustCatFile: WinVerifyTrust => 0x0; cat='C:\WINDOWS\system32\CatRoot\{F750E6C3-38EE-11D1-85E5-00C04FC295EE}\Microsoft-OneCore-CoreSystem-Core-merged-Package~31bf3856ad364e35~amd64~~10.0.26100.8524.cat'; file='\Device\HarddiskVolume3\Windows\System32\tzres.dll'
1a6c.15cc: supR3HardNtViCallWinVerifyTrustCatFile -> 0 (org 22900)
1a6c.15cc: supR3HardenedWinVerifyCacheProcessWvtTodos: 0 (was 22900) fWinVerifyTrust=1 for '\Device\HarddiskVolume3\Windows\System32\tzres.dll'
1a6c.15cc: supR3HardenedMonitor_LdrLoadDll: returns rcNt=0x0 hMod=00007fff9c300000 'C:\WINDOWS\system32\rsaenh.dll'
1a6c.15cc: supR3HardenedMonitor_LdrLoadDll: returns rcNt=0x0 hMod=00007fff9db90000 'C:\WINDOWS\System32\crypt32.dll'
1a6c.15cc: supR3HardenedMonitor_LdrLoadDll: returns rcNt=0x0 hMod=00007fff9c300000 'C:\WINDOWS\system32\rsaenh.dll'
1a6c.15cc: supR3HardenedMonitor_LdrLoadDll: returns rcNt=0x0 hMod=00007fff9db90000 'C:\WINDOWS\System32\crypt32.dll'
1a6c.15cc: \Device\HarddiskVolume3\Program Files\Oracle\VirtualBox\ExtensionPacks\Oracle_VirtualBox_Extension_Pack\win.amd64\VBoxPuelMainVM.dll: Owner is administrators group.
1a6c.15cc: supR3HardenedMonitor_LdrLoadDll: returns rcNt=0x0 hMod=00007fff9c300000 'C:\WINDOWS\system32\rsaenh.dll'
1a6c.15cc: supR3HardenedMonitor_LdrLoadDll: returns rcNt=0x0 hMod=00007fff9db90000 'C:\WINDOWS\System32\crypt32.dll'
1a6c.15cc: supR3HardenedWinVerifyCacheScheduleImports: Import todo: #0 'vboxrt.dll'.
1a6c.15cc: supR3HardenedWinVerifyCacheScheduleImports: Import todo: #3 'vcruntime140.dll'.
1a6c.15cc: supHardenedWinVerifyImageByHandle: -> 0 (\Device\HarddiskVolume3\Program Files\Oracle\VirtualBox\ExtensionPacks\Oracle_VirtualBox_Extension_Pack\win.amd64\VBoxPuelMainVM.dll) WinVerifyTrust
1a6c.15cc: supR3HardenedWinVerifyCacheInsert: \Device\HarddiskVolume3\Program Files\Oracle\VirtualBox\ExtensionPacks\Oracle_VirtualBox_Extension_Pack\win.amd64\VBoxPuelMainVM.dll
1a6c.15cc: supR3HardenedWinVerifyCacheProcessImportTodos: Processing 'vcruntime140.dll'...
1a6c.15cc: supR3HardenedWinVerifyCacheProcessImportTodos: 'vcruntime140.dll' -> '\Device\HarddiskVolume3\Windows\System32\vcruntime140.dll' [rcNtRedir=0xc0150008]
1a6c.15cc: supR3HardenedWinVerifyCacheProcessImportTodos: Processing 'vboxrt.dll'...
1a6c.15cc: supR3HardenedWinVerifyCacheProcessImportTodos: 'vboxrt.dll' -> '\Device\HarddiskVolume3\Program Files\Oracle\VirtualBox\vboxrt.dll' [rcNtRedir=0xc0150008]
1a6c.15cc: supR3HardenedMonitor_LdrLoadDll: pName=C:\Program Files\Oracle\VirtualBox\ExtensionPacks\Oracle_VirtualBox_Extension_Pack\win.amd64\VBoxPuelMainVM.DLL (rcNtResolve=0xc0150008) *pfFlags=0x0 pwszSearchPath=0000000000000001:<flags> [calling]
1a6c.15cc: supR3HardenedScreenImage/NtCreateSection: cache hit (VINF_SUCCESS) on \Device\HarddiskVolume3\Program Files\Oracle\VirtualBox\ExtensionPacks\Oracle_VirtualBox_Extension_Pack\win.amd64\VBoxPuelMainVM.dll
1a6c.15cc: supR3HardenedDllNotificationCallback: load   00007fff973a0000 LB 0x00008000 C:\Program Files\Oracle\VirtualBox\ExtensionPacks\Oracle_VirtualBox_Extension_Pack\win.amd64\VBoxPuelMainVM.DLL [fFlags=0x0]
1a6c.15cc: supR3HardenedScreenImage/LdrLoadDll: cache hit (VINF_SUCCESS) on \Device\HarddiskVolume3\Program Files\Oracle\VirtualBox\ExtensionPacks\Oracle_VirtualBox_Extension_Pack\win.amd64\VBoxPuelMainVM.dll
1a6c.15cc: supR3HardenedMonitor_LdrLoadDll: returns rcNt=0x0 hMod=00007fff973a0000 'C:\Program Files\Oracle\VirtualBox\ExtensionPacks\Oracle_VirtualBox_Extension_Pack\win.amd64\VBoxPuelMainVM.DLL'
1a6c.15cc: supR3HardenedMonitor_LdrLoadDll: returns rcNt=0x0 hMod=00007fff9c300000 'C:\WINDOWS\system32\rsaenh.dll'
1a6c.15cc: supR3HardenedMonitor_LdrLoadDll: returns rcNt=0x0 hMod=00007fff9db90000 'C:\WINDOWS\System32\crypt32.dll'
1a6c.15cc: supR3HardenedWinVerifyCacheScheduleImports: Import todo: #0 'vboxrt.dll'.
1a6c.15cc: supR3HardenedWinVerifyCacheScheduleImports: Import todo: #5 'vcruntime140.dll'.
1a6c.15cc: supR3HardenedWinVerifyCacheScheduleImports: Import todo: #6 'vcruntime140_1.dll'.
1a6c.15cc: supHardenedWinVerifyImageByHandle: -> 0 (\Device\HarddiskVolume3\Program Files\Oracle\VirtualBox\VBoxVMM.dll) WinVerifyTrust
1a6c.15cc: supR3HardenedWinVerifyCacheInsert: \Device\HarddiskVolume3\Program Files\Oracle\VirtualBox\VBoxVMM.dll
1a6c.15cc: supR3HardenedWinVerifyCacheProcessImportTodos: Processing 'vcruntime140_1.dll'...
1a6c.15cc: supR3HardenedWinVerifyCacheProcessImportTodos: 'vcruntime140_1.dll' -> '\Device\HarddiskVolume3\Windows\System32\vcruntime140_1.dll' [rcNtRedir=0xc0150008]
1a6c.15cc: supR3HardenedWinVerifyCacheProcessImportTodos: Processing 'vcruntime140.dll'...
1a6c.15cc: supR3HardenedWinVerifyCacheProcessImportTodos: 'vcruntime140.dll' -> '\Device\HarddiskVolume3\Windows\System32\vcruntime140.dll' [rcNtRedir=0xc0150008]
1a6c.15cc: supR3HardenedWinVerifyCacheProcessImportTodos: Processing 'vboxrt.dll'...
1a6c.15cc: supR3HardenedWinVerifyCacheProcessImportTodos: 'vboxrt.dll' -> '\Device\HarddiskVolume3\Program Files\Oracle\VirtualBox\vboxrt.dll' [rcNtRedir=0xc0150008]
1a6c.15cc: supR3HardenedMonitor_LdrLoadDll: pName=C:\Program Files\Oracle\VirtualBox\VBoxVMM.DLL (rcNtResolve=0xc0150008) *pfFlags=0x0 pwszSearchPath=0000000000000001:<flags> [calling]
1a6c.15cc: supR3HardenedScreenImage/NtCreateSection: cache hit (VINF_SUCCESS) on \Device\HarddiskVolume3\Program Files\Oracle\VirtualBox\VBoxVMM.dll
1a6c.15cc: supR3HardenedDllNotificationCallback: load   00007fff0a130000 LB 0x005b7000 C:\Program Files\Oracle\VirtualBox\VBoxVMM.DLL [fFlags=0x0]
1a6c.15cc: supR3HardenedScreenImage/LdrLoadDll: cache hit (VINF_SUCCESS) on \Device\HarddiskVolume3\Program Files\Oracle\VirtualBox\VBoxVMM.dll
1a6c.15cc: supR3HardenedMonitor_LdrLoadDll: returns rcNt=0x0 hMod=00007fff0a130000 'C:\Program Files\Oracle\VirtualBox\VBoxVMM.DLL'
1a6c.532c: supR3HardenedScreenImage/LdrLoadDll: cache hit (VINF_SUCCESS) on \Device\HarddiskVolume3\Windows\System32\oleaut32.dll
1a6c.532c: supR3HardenedMonitor_LdrLoadDll: pName=C:\Windows\System32\oleaut32.dll (rcNtResolve=0xc0150008) *pfFlags=0x0 pwszSearchPath=0000000000002009:<flags> [calling]
1a6c.532c: supR3HardenedMonitor_LdrLoadDll: returns rcNt=0x0 hMod=00007fff9ef00000 'C:\Windows\System32\oleaut32.dll'
1a6c.532c: \Device\HarddiskVolume3\Windows\System32\DriverStore\FileRepository\nvaci.inf_amd64_4b281923a41dfc72\nvldumdx.dll: Signature #2/3: VERR_CR_X509_CPV_NOT_VALID_AT_TIME for 0x69e98229; retrying against current time: 0x6a2212ab.
1a6c.532c: \Device\HarddiskVolume3\Windows\System32\DriverStore\FileRepository\nvaci.inf_amd64_4b281923a41dfc72\nvldumdx.dll: Signature #2/3: VERR_CR_X509_CPV_NOT_VALID_AT_TIME (-23033) w/ timestamp=0x6a2212ab/now.
1a6c.532c: supR3HardenedMonitor_LdrLoadDll: returns rcNt=0x0 hMod=00007fff9c300000 'C:\WINDOWS\system32\rsaenh.dll'
1a6c.532c: supR3HardenedMonitor_LdrLoadDll: returns rcNt=0x0 hMod=00007fff9db90000 'C:\WINDOWS\System32\crypt32.dll'
1a6c.532c: supR3HardenedWinVerifyCacheScheduleImports: Import todo: #32 'version.dll'.
1a6c.532c: supR3HardenedWinVerifyCacheScheduleImports: Import todo: #33 'user32.dll'.
1a6c.532c: supHardenedWinVerifyImageByHandle: -> 0 (\Device\HarddiskVolume3\Windows\System32\DriverStore\FileRepository\nvaci.inf_amd64_4b281923a41dfc72\nvldumdx.dll) WinVerifyTrust
1a6c.532c: supR3HardenedWinVerifyCacheInsert: \Device\HarddiskVolume3\Windows\System32\DriverStore\FileRepository\nvaci.inf_amd64_4b281923a41dfc72\nvldumdx.dll
1a6c.532c: supR3HardenedWinVerifyCacheProcessImportTodos: Processing 'user32.dll'...
1a6c.532c: supR3HardenedWinVerifyCacheProcessImportTodos: 'user32.dll' -> '\Device\HarddiskVolume3\Windows\System32\user32.dll' [rcNtRedir=0xc0150008]
1a6c.532c: supR3HardenedWinVerifyCacheProcessImportTodos: Processing 'version.dll'...
1a6c.532c: supR3HardenedWinVerifyCacheProcessImportTodos: 'version.dll' -> '\Device\HarddiskVolume3\Windows\System32\version.dll' [rcNtRedir=0xc0150008]
1a6c.532c: supR3HardenedScreenImage/Imports: cache hit (VINF_SUCCESS) on \Device\HarddiskVolume3\Windows\System32\version.dll
1a6c.532c: supR3HardenedMonitor_LdrLoadDll: pName=C:\WINDOWS\System32\DriverStore\FileRepository\nvaci.inf_amd64_4b281923a41dfc72\nvldumdx.dll (rcNtResolve=0xc0150008) *pfFlags=0x0 pwszSearchPath=0000000000000009:<flags> [calling]
1a6c.532c: supR3HardenedScreenImage/NtCreateSection: cache hit (VINF_SUCCESS) on \Device\HarddiskVolume3\Windows\System32\DriverStore\FileRepository\nvaci.inf_amd64_4b281923a41dfc72\nvldumdx.dll
1a6c.532c: supR3HardenedDllNotificationCallback: load   00007fff6a000000 LB 0x000c5000 C:\WINDOWS\System32\DriverStore\FileRepository\nvaci.inf_amd64_4b281923a41dfc72\nvldumdx.dll [fFlags=0x0]
1a6c.532c: supR3HardenedScreenImage/LdrLoadDll: cache hit (VINF_SUCCESS) on \Device\HarddiskVolume3\Windows\System32\DriverStore\FileRepository\nvaci.inf_amd64_4b281923a41dfc72\nvldumdx.dll
1a6c.532c: supR3HardenedIsApiSetDll: ApiSetQueryApiSetPresence(api-ms-win-core-synch-l1-2-0) -> 0x0, fPresent=1
1a6c.532c: supR3HardenedMonitor_LdrLoadDll: pName=api-ms-win-core-synch-l1-2-0 (rcNtResolve=0x0) *pfFlags=0x0 pwszSearchPath=0000000000000801:<flags> [calling]
1a6c.532c: supR3HardenedMonitor_LdrLoadDll: returns rcNt=0x0 hMod=00007fff9dd10000 'api-ms-win-core-synch-l1-2-0'
1a6c.532c: supR3HardenedIsApiSetDll: ApiSetQueryApiSetPresence(api-ms-win-core-fibers-l1-1-1) -> 0x0, fPresent=1
1a6c.532c: supR3HardenedMonitor_LdrLoadDll: pName=api-ms-win-core-fibers-l1-1-1 (rcNtResolve=0x0) *pfFlags=0x0 pwszSearchPath=0000000000000801:<flags> [calling]
1a6c.532c: supR3HardenedMonitor_LdrLoadDll: returns rcNt=0x0 hMod=00007fff9dd10000 'api-ms-win-core-fibers-l1-1-1'
1a6c.532c: supR3HardenedIsApiSetDll: ApiSetQueryApiSetPresence(api-ms-win-core-synch-l1-2-0) -> 0x0, fPresent=1
1a6c.532c: supR3HardenedMonitor_LdrLoadDll: pName=api-ms-win-core-synch-l1-2-0 (rcNtResolve=0x0) *pfFlags=0x0 pwszSearchPath=0000000000000801:<flags> [calling]
1a6c.532c: supR3HardenedMonitor_LdrLoadDll: returns rcNt=0x0 hMod=00007fff9dd10000 'api-ms-win-core-synch-l1-2-0'
1a6c.532c: supR3HardenedScreenImage/LdrLoadDll: cache hit (VINF_SUCCESS) on \Device\HarddiskVolume3\Windows\System32\kernel32.dll
1a6c.532c: supR3HardenedMonitor_LdrLoadDll: pName=C:\WINDOWS\System32\kernel32.dll (Input=kernel32, rcNtResolve=0xc0150008) *pfFlags=0x0 pwszSearchPath=0000000000000801:<flags> [calling]
1a6c.532c: supR3HardenedMonitor_LdrLoadDll: returns rcNt=0x0 hMod=00007fff9f670000 'C:\WINDOWS\System32\kernel32.dll'
1a6c.532c: supR3HardenedMonitor_LdrLoadDll: returns rcNt=0x0 hMod=00007fff6a000000 'C:\WINDOWS\System32\DriverStore\FileRepository\nvaci.inf_amd64_4b281923a41dfc72\nvldumdx.dll'
1a6c.532c: supR3HardenedScreenImage/LdrLoadDll: cache hit (VINF_SUCCESS) on \Device\HarddiskVolume3\Windows\System32\msasn1.dll
1a6c.532c: supR3HardenedMonitor_LdrLoadDll: pName=C:\WINDOWS\System32\msasn1.dll (Input=msasn1.dll, rcNtResolve=0xc0150008) *pfFlags=0x0 pwszSearchPath=0000000000000801:<flags> [calling]
1a6c.532c: supR3HardenedMonitor_LdrLoadDll: returns rcNt=0x0 hMod=00007fff9ccf0000 'C:\WINDOWS\System32\msasn1.dll'
1a6c.532c: supR3HardenedMonitor_LdrLoadDll: returns rcNt=0x0 hMod=00007fff83500000 'C:\WINDOWS\System32\cryptnet.dll'
1a6c.532c: supR3HardenedScreenImage/LdrLoadDll: cache hit (VINF_SUCCESS) on \Device\HarddiskVolume3\Windows\System32\cryptbase.dll
1a6c.532c: supR3HardenedMonitor_LdrLoadDll: pName=C:\WINDOWS\System32\cryptbase.dll (Input=cryptbase.dll, rcNtResolve=0xc0150008) *pfFlags=0x0 pwszSearchPath=0000000000000801:<flags> [calling]
1a6c.532c: supR3HardenedMonitor_LdrLoadDll: returns rcNt=0x0 hMod=00007fff9cca0000 'C:\WINDOWS\System32\cryptbase.dll'
1a6c.532c: supR3HardenedMonitor_LdrLoadDll: returns rcNt=0x0 hMod=00007fff9c300000 'C:\WINDOWS\system32\rsaenh.dll'
1a6c.532c: supR3HardenedMonitor_LdrLoadDll: returns rcNt=0x0 hMod=00007fff9db90000 'C:\WINDOWS\System32\crypt32.dll'
1a6c.532c: supR3HardenedWinVerifyCacheScheduleImports: Import todo: #0 'msvcp_win.dll'.
1a6c.532c: supHardenedWinVerifyImageByHandle: -> 0 (\Device\HarddiskVolume3\Windows\System32\wldp.dll) WinVerifyTrust
1a6c.532c: supR3HardenedWinVerifyCacheInsert: \Device\HarddiskVolume3\Windows\System32\wldp.dll
1a6c.532c: supR3HardenedWinVerifyCacheProcessImportTodos: Processing 'msvcp_win.dll'...
1a6c.532c: supR3HardenedWinVerifyCacheProcessImportTodos: 'msvcp_win.dll' -> '\Device\HarddiskVolume3\Windows\System32\msvcp_win.dll' [rcNtRedir=0xc0150008]
1a6c.532c: supR3HardenedMonitor_LdrLoadDll: pName=C:\WINDOWS\System32\wldp.dll (Input=wldp.dll, rcNtResolve=0xc0150008) *pfFlags=0x0 pwszSearchPath=0000000000000801:<flags> [calling]
1a6c.532c: supR3HardenedScreenImage/NtCreateSection: cache hit (VINF_SUCCESS) on \Device\HarddiskVolume3\Windows\System32\wldp.dll
1a6c.532c: supR3HardenedDllNotificationCallback: load   00007fff9cd60000 LB 0x0006a000 C:\WINDOWS\System32\wldp.dll [fFlags=0x0]
1a6c.532c: supR3HardenedScreenImage/LdrLoadDll: cache hit (VINF_SUCCESS) on \Device\HarddiskVolume3\Windows\System32\wldp.dll
1a6c.532c: supR3HardenedMonitor_LdrLoadDll: returns rcNt=0x0 hMod=00007fff9cd60000 'C:\WINDOWS\System32\wldp.dll'
1a6c.532c: supR3HardenedMonitor_LdrLoadDll: returns rcNt=0x0 hMod=00007fff9c300000 'C:\WINDOWS\system32\rsaenh.dll'
1a6c.532c: supR3HardenedMonitor_LdrLoadDll: returns rcNt=0x0 hMod=00007fff9db90000 'C:\WINDOWS\System32\crypt32.dll'
1a6c.532c: supR3HardenedWinVerifyCacheScheduleImports: Import todo: #0 'msvcrt.dll'.
1a6c.532c: supHardenedWinVerifyImageByHandle: -> 0 (\Device\HarddiskVolume3\Windows\System32\drvstore.dll) WinVerifyTrust
1a6c.532c: supR3HardenedWinVerifyCacheInsert: \Device\HarddiskVolume3\Windows\System32\drvstore.dll
1a6c.532c: supR3HardenedWinVerifyCacheProcessImportTodos: Processing 'msvcrt.dll'...
1a6c.532c: supR3HardenedWinVerifyCacheProcessImportTodos: 'msvcrt.dll' -> '\Device\HarddiskVolume3\Windows\System32\msvcrt.dll' [rcNtRedir=0xc0150008]
1a6c.532c: supR3HardenedMonitor_LdrLoadDll: pName=C:\WINDOWS\System32\drvstore.dll (Input=drvstore.dll, rcNtResolve=0xc0150008) *pfFlags=0x0 pwszSearchPath=0000000000000801:<flags> [calling]
1a6c.532c: supR3HardenedScreenImage/NtCreateSection: cache hit (VINF_SUCCESS) on \Device\HarddiskVolume3\Windows\System32\drvstore.dll
1a6c.532c: supR3HardenedDllNotificationCallback: load   00007fff83380000 LB 0x00178000 C:\WINDOWS\System32\drvstore.dll [fFlags=0x0]
1a6c.532c: supR3HardenedScreenImage/LdrLoadDll: cache hit (VINF_SUCCESS) on \Device\HarddiskVolume3\Windows\System32\drvstore.dll
1a6c.532c: supR3HardenedMonitor_LdrLoadDll: returns rcNt=0x0 hMod=00007fff83380000 'C:\WINDOWS\System32\drvstore.dll'
1a6c.532c: supR3HardenedScreenImage/LdrLoadDll: cache hit (VINF_SUCCESS) on \Device\HarddiskVolume3\Windows\System32\devobj.dll
1a6c.532c: supR3HardenedMonitor_LdrLoadDll: pName=C:\WINDOWS\System32\devobj.dll (Input=devobj.dll, rcNtResolve=0xc0150008) *pfFlags=0x0 pwszSearchPath=0000000000000801:<flags> [calling]
1a6c.532c: supR3HardenedMonitor_LdrLoadDll: returns rcNt=0x0 hMod=00007fff9d290000 'C:\WINDOWS\System32\devobj.dll'
1a6c.532c: supR3HardenedMonitor_LdrLoadDll: returns rcNt=0x0 hMod=00007fff9db90000 'C:\WINDOWS\System32\crypt32.dll'
1a6c.532c: supR3HardenedScreenImage/LdrLoadDll: cache hit (VINF_SUCCESS) on \Device\HarddiskVolume3\Windows\System32\wintrust.dll
1a6c.532c: supR3HardenedMonitor_LdrLoadDll: pName=C:\WINDOWS\System32\wintrust.dll (Input=wintrust.dll, rcNtResolve=0xc0150008) *pfFlags=0x0 pwszSearchPath=0000000000000801:<flags> [calling]
1a6c.532c: supR3HardenedMonitor_LdrLoadDll: returns rcNt=0x0 hMod=00007fff9d980000 'C:\WINDOWS\System32\wintrust.dll'
1a6c.532c: \Device\HarddiskVolume3\Windows\System32\DriverStore\FileRepository\nvaci.inf_amd64_4b281923a41dfc72\nvgpucomp64.dll: Signature #2/3: VERR_CR_X509_CPV_NOT_VALID_AT_TIME for 0x69e980c3; retrying against current time: 0x6a2212ac.
1a6c.532c: \Device\HarddiskVolume3\Windows\System32\DriverStore\FileRepository\nvaci.inf_amd64_4b281923a41dfc72\nvgpucomp64.dll: Signature #2/3: VERR_CR_X509_CPV_NOT_VALID_AT_TIME (-23033) w/ timestamp=0x6a2212ac/now.
1a6c.532c: supR3HardenedMonitor_LdrLoadDll: returns rcNt=0x0 hMod=00007fff9c300000 'C:\WINDOWS\system32\rsaenh.dll'
1a6c.532c: supR3HardenedMonitor_LdrLoadDll: returns rcNt=0x0 hMod=00007fff9db90000 'C:\WINDOWS\System32\crypt32.dll'
1a6c.532c: supR3HardenedWinVerifyCacheScheduleImports: Import todo: #1 'ole32.dll'.
1a6c.532c: supR3HardenedWinVerifyCacheScheduleImports: Import todo: #2 'shell32.dll'.
1a6c.532c: supR3HardenedWinVerifyCacheScheduleImports: Import todo: #3 'advapi32.dll'.
1a6c.532c: supHardenedWinVerifyImageByHandle: -> 0 (\Device\HarddiskVolume3\Windows\System32\DriverStore\FileRepository\nvaci.inf_amd64_4b281923a41dfc72\nvgpucomp64.dll) WinVerifyTrust
1a6c.532c: supR3HardenedWinVerifyCacheInsert: \Device\HarddiskVolume3\Windows\System32\DriverStore\FileRepository\nvaci.inf_amd64_4b281923a41dfc72\nvgpucomp64.dll
1a6c.532c: supR3HardenedWinVerifyCacheProcessImportTodos: Processing 'advapi32.dll'...
1a6c.532c: supR3HardenedWinVerifyCacheProcessImportTodos: 'advapi32.dll' -> '\Device\HarddiskVolume3\Windows\System32\advapi32.dll' [rcNtRedir=0xc0150008]
1a6c.532c: supR3HardenedWinVerifyCacheProcessImportTodos: Processing 'shell32.dll'...
1a6c.532c: supR3HardenedWinVerifyCacheProcessImportTodos: 'shell32.dll' -> '\Device\HarddiskVolume3\Windows\System32\shell32.dll' [rcNtRedir=0xc0150008]
1a6c.532c: supR3HardenedScreenImage/Imports: cache hit (VINF_SUCCESS) on \Device\HarddiskVolume3\Windows\System32\shell32.dll
1a6c.532c: supR3HardenedWinVerifyCacheProcessImportTodos: Processing 'ole32.dll'...
1a6c.532c: supR3HardenedWinVerifyCacheProcessImportTodos: 'ole32.dll' -> '\Device\HarddiskVolume3\Windows\System32\ole32.dll' [rcNtRedir=0xc0150008]
1a6c.532c: supR3HardenedMonitor_LdrLoadDll: pName=C:\WINDOWS\System32\DriverStore\FileRepository\nvaci.inf_amd64_4b281923a41dfc72\nvgpucomp64.dll (rcNtResolve=0xc0150008) *pfFlags=0x0 pwszSearchPath=0000000000000001:<flags> [calling]
1a6c.532c: supR3HardenedScreenImage/NtCreateSection: cache hit (VINF_SUCCESS) on \Device\HarddiskVolume3\Windows\System32\DriverStore\FileRepository\nvaci.inf_amd64_4b281923a41dfc72\nvgpucomp64.dll
1a6c.532c: supR3HardenedDllNotificationCallback: load   00007fff62970000 LB 0x04f57000 C:\WINDOWS\System32\DriverStore\FileRepository\nvaci.inf_amd64_4b281923a41dfc72\nvgpucomp64.dll [fFlags=0x0]
1a6c.532c: supR3HardenedScreenImage/LdrLoadDll: cache hit (VINF_SUCCESS) on \Device\HarddiskVolume3\Windows\System32\DriverStore\FileRepository\nvaci.inf_amd64_4b281923a41dfc72\nvgpucomp64.dll
1a6c.532c: supR3HardenedIsApiSetDll: ApiSetQueryApiSetPresence(api-ms-win-core-synch-l1-2-0) -> 0x0, fPresent=1
1a6c.532c: supR3HardenedMonitor_LdrLoadDll: pName=api-ms-win-core-synch-l1-2-0 (rcNtResolve=0x0) *pfFlags=0x0 pwszSearchPath=0000000000000801:<flags> [calling]
1a6c.532c: supR3HardenedMonitor_LdrLoadDll: returns rcNt=0x0 hMod=00007fff9dd10000 'api-ms-win-core-synch-l1-2-0'
1a6c.532c: supR3HardenedIsApiSetDll: ApiSetQueryApiSetPresence(api-ms-win-core-fibers-l1-1-1) -> 0x0, fPresent=1
1a6c.532c: supR3HardenedMonitor_LdrLoadDll: pName=api-ms-win-core-fibers-l1-1-1 (rcNtResolve=0x0) *pfFlags=0x0 pwszSearchPath=0000000000000801:<flags> [calling]
1a6c.532c: supR3HardenedMonitor_LdrLoadDll: returns rcNt=0x0 hMod=00007fff9dd10000 'api-ms-win-core-fibers-l1-1-1'
1a6c.532c: supR3HardenedIsApiSetDll: ApiSetQueryApiSetPresence(api-ms-win-core-synch-l1-2-0) -> 0x0, fPresent=1
1a6c.532c: supR3HardenedMonitor_LdrLoadDll: pName=api-ms-win-core-synch-l1-2-0 (rcNtResolve=0x0) *pfFlags=0x0 pwszSearchPath=0000000000000801:<flags> [calling]
1a6c.532c: supR3HardenedMonitor_LdrLoadDll: returns rcNt=0x0 hMod=00007fff9dd10000 'api-ms-win-core-synch-l1-2-0'
1a6c.532c: supR3HardenedScreenImage/LdrLoadDll: cache hit (VINF_SUCCESS) on \Device\HarddiskVolume3\Windows\System32\kernel32.dll
1a6c.532c: supR3HardenedMonitor_LdrLoadDll: pName=C:\WINDOWS\System32\kernel32.dll (Input=kernel32, rcNtResolve=0xc0150008) *pfFlags=0x0 pwszSearchPath=0000000000000801:<flags> [calling]
1a6c.532c: supR3HardenedMonitor_LdrLoadDll: returns rcNt=0x0 hMod=00007fff9f670000 'C:\WINDOWS\System32\kernel32.dll'
1a6c.532c: supR3HardenedIsApiSetDll: ApiSetQueryApiSetPresence(api-ms-win-core-string-l1-1-0) -> 0x0, fPresent=1
1a6c.532c: supR3HardenedMonitor_LdrLoadDll: pName=api-ms-win-core-string-l1-1-0 (rcNtResolve=0x0) *pfFlags=0x0 pwszSearchPath=0000000000000801:<flags> [calling]
1a6c.532c: supR3HardenedMonitor_LdrLoadDll: returns rcNt=0x0 hMod=00007fff9dd10000 'api-ms-win-core-string-l1-1-0'
1a6c.532c: supR3HardenedIsApiSetDll: ApiSetQueryApiSetPresence(api-ms-win-core-localization-l1-2-1) -> 0x0, fPresent=1
1a6c.532c: supR3HardenedMonitor_LdrLoadDll: pName=api-ms-win-core-localization-l1-2-1 (rcNtResolve=0x0) *pfFlags=0x0 pwszSearchPath=0000000000000801:<flags> [calling]
1a6c.532c: supR3HardenedMonitor_LdrLoadDll: returns rcNt=0x0 hMod=00007fff9dd10000 'api-ms-win-core-localization-l1-2-1'
1a6c.532c: supR3HardenedIsApiSetDll: ApiSetQueryApiSetPresence(api-ms-win-core-datetime-l1-1-1) -> 0x0, fPresent=1
1a6c.532c: supR3HardenedMonitor_LdrLoadDll: pName=api-ms-win-core-datetime-l1-1-1 (rcNtResolve=0x0) *pfFlags=0x0 pwszSearchPath=0000000000000801:<flags> [calling]
1a6c.532c: supR3HardenedMonitor_LdrLoadDll: returns rcNt=0x0 hMod=00007fff9dd10000 'api-ms-win-core-datetime-l1-1-1'
1a6c.532c: supR3HardenedIsApiSetDll: ApiSetQueryApiSetPresence(api-ms-win-core-localization-obsolete-l1-2-0) -> 0x0, fPresent=1
1a6c.532c: supR3HardenedMonitor_LdrLoadDll: pName=api-ms-win-core-localization-obsolete-l1-2-0 (rcNtResolve=0x0) *pfFlags=0x0 pwszSearchPath=0000000000000801:<flags> [calling]
1a6c.532c: supR3HardenedMonitor_LdrLoadDll: returns rcNt=0x0 hMod=00007fff9dd10000 'api-ms-win-core-localization-obsolete-l1-2-0'
1a6c.532c: supR3HardenedMonitor_LdrLoadDll: returns rcNt=0x0 hMod=00007fff62970000 'C:\WINDOWS\System32\DriverStore\FileRepository\nvaci.inf_amd64_4b281923a41dfc72\nvgpucomp64.dll'
1a6c.532c: supR3HardenedIsApiSetDll: ApiSetQueryApiSetPresence(api-ms-win-core-string-l1-1-0) -> 0x0, fPresent=1
1a6c.532c: supR3HardenedMonitor_LdrLoadDll: pName=api-ms-win-core-string-l1-1-0 (rcNtResolve=0x0) *pfFlags=0x0 pwszSearchPath=0000000000000801:<flags> [calling]
1a6c.532c: supR3HardenedMonitor_LdrLoadDll: returns rcNt=0x0 hMod=00007fff9dd10000 'api-ms-win-core-string-l1-1-0'
1a6c.532c: supR3HardenedIsApiSetDll: ApiSetQueryApiSetPresence(api-ms-win-core-localization-l1-2-1) -> 0x0, fPresent=1
1a6c.532c: supR3HardenedMonitor_LdrLoadDll: pName=api-ms-win-core-localization-l1-2-1 (rcNtResolve=0x0) *pfFlags=0x0 pwszSearchPath=0000000000000801:<flags> [calling]
1a6c.532c: supR3HardenedMonitor_LdrLoadDll: returns rcNt=0x0 hMod=00007fff9dd10000 'api-ms-win-core-localization-l1-2-1'
1a6c.532c: supR3HardenedIsApiSetDll: ApiSetQueryApiSetPresence(api-ms-win-core-datetime-l1-1-1) -> 0x0, fPresent=1
1a6c.532c: supR3HardenedMonitor_LdrLoadDll: pName=api-ms-win-core-datetime-l1-1-1 (rcNtResolve=0x0) *pfFlags=0x0 pwszSearchPath=0000000000000801:<flags> [calling]
1a6c.532c: supR3HardenedMonitor_LdrLoadDll: returns rcNt=0x0 hMod=00007fff9dd10000 'api-ms-win-core-datetime-l1-1-1'
1a6c.532c: supR3HardenedIsApiSetDll: ApiSetQueryApiSetPresence(api-ms-win-core-localization-obsolete-l1-2-0) -> 0x0, fPresent=1
1a6c.532c: supR3HardenedMonitor_LdrLoadDll: pName=api-ms-win-core-localization-obsolete-l1-2-0 (rcNtResolve=0x0) *pfFlags=0x0 pwszSearchPath=0000000000000801:<flags> [calling]
1a6c.532c: supR3HardenedMonitor_LdrLoadDll: returns rcNt=0x0 hMod=00007fff9dd10000 'api-ms-win-core-localization-obsolete-l1-2-0'
1a6c.532c: \Device\HarddiskVolume3\Windows\System32\DriverStore\FileRepository\nvaci.inf_amd64_4b281923a41dfc72\NvMemMapStoragex.dll: Signature #2/3: VERR_CR_X509_CPV_NOT_VALID_AT_TIME for 0x69e9809e; retrying against current time: 0x6a2212ac.
1a6c.532c: \Device\HarddiskVolume3\Windows\System32\DriverStore\FileRepository\nvaci.inf_amd64_4b281923a41dfc72\NvMemMapStoragex.dll: Signature #2/3: VERR_CR_X509_CPV_NOT_VALID_AT_TIME (-23033) w/ timestamp=0x6a2212ac/now.
1a6c.532c: supR3HardenedMonitor_LdrLoadDll: returns rcNt=0x0 hMod=00007fff9c300000 'C:\WINDOWS\system32\rsaenh.dll'
1a6c.532c: supR3HardenedMonitor_LdrLoadDll: returns rcNt=0x0 hMod=00007fff9db90000 'C:\WINDOWS\System32\crypt32.dll'
1a6c.532c: supR3HardenedWinVerifyCacheScheduleImports: Import todo: #0 'advapi32.dll'.
1a6c.532c: supR3HardenedWinVerifyCacheScheduleImports: Import todo: #1 'user32.dll'.
1a6c.532c: supR3HardenedWinVerifyCacheScheduleImports: Import todo: #2 'winmm.dll'.
1a6c.532c: supR3HardenedWinVerifyCacheScheduleImports: Import todo: #3 'version.dll'.
1a6c.532c: supR3HardenedWinVerifyCacheScheduleImports: Import todo: #4 'powrprof.dll'.
1a6c.532c: supR3HardenedWinVerifyCacheScheduleImports: Import todo: #5 'ole32.dll'.
1a6c.532c: supR3HardenedWinVerifyCacheScheduleImports: Import todo: #6 'shell32.dll'.
1a6c.532c: supHardenedWinVerifyImageByHandle: -> 0 (\Device\HarddiskVolume3\Windows\System32\DriverStore\FileRepository\nvaci.inf_amd64_4b281923a41dfc72\NvMemMapStoragex.dll) WinVerifyTrust
1a6c.532c: supR3HardenedWinVerifyCacheInsert: \Device\HarddiskVolume3\Windows\System32\DriverStore\FileRepository\nvaci.inf_amd64_4b281923a41dfc72\NvMemMapStoragex.dll
1a6c.532c: supR3HardenedWinVerifyCacheProcessImportTodos: Processing 'shell32.dll'...
1a6c.532c: supR3HardenedWinVerifyCacheProcessImportTodos: 'shell32.dll' -> '\Device\HarddiskVolume3\Windows\System32\shell32.dll' [rcNtRedir=0xc0150008]
1a6c.532c: supR3HardenedScreenImage/Imports: cache hit (VINF_SUCCESS) on \Device\HarddiskVolume3\Windows\System32\shell32.dll
1a6c.532c: supR3HardenedWinVerifyCacheProcessImportTodos: Processing 'ole32.dll'...
1a6c.532c: supR3HardenedWinVerifyCacheProcessImportTodos: 'ole32.dll' -> '\Device\HarddiskVolume3\Windows\System32\ole32.dll' [rcNtRedir=0xc0150008]
1a6c.532c: supR3HardenedWinVerifyCacheProcessImportTodos: Processing 'powrprof.dll'...
1a6c.532c: supR3HardenedWinVerifyCacheProcessImportTodos: 'powrprof.dll' -> '\Device\HarddiskVolume3\Windows\System32\powrprof.dll' [rcNtRedir=0xc0150008]
1a6c.532c: supR3HardenedScreenImage/Imports: cache hit (VINF_SUCCESS) on \Device\HarddiskVolume3\Windows\System32\powrprof.dll
1a6c.532c: supR3HardenedWinVerifyCacheProcessImportTodos: Processing 'version.dll'...
1a6c.532c: supR3HardenedWinVerifyCacheProcessImportTodos: 'version.dll' -> '\Device\HarddiskVolume3\Windows\System32\version.dll' [rcNtRedir=0xc0150008]
1a6c.532c: supR3HardenedScreenImage/Imports: cache hit (VINF_SUCCESS) on \Device\HarddiskVolume3\Windows\System32\version.dll
1a6c.532c: supR3HardenedWinVerifyCacheProcessImportTodos: Processing 'winmm.dll'...
1a6c.532c: supR3HardenedWinVerifyCacheProcessImportTodos: 'winmm.dll' -> '\Device\HarddiskVolume3\Windows\System32\winmm.dll' [rcNtRedir=0xc0150008]
1a6c.532c: supR3HardenedScreenImage/Imports: cache hit (VINF_SUCCESS) on \Device\HarddiskVolume3\Windows\System32\winmm.dll
1a6c.532c: supR3HardenedWinVerifyCacheProcessImportTodos: Processing 'user32.dll'...
1a6c.532c: supR3HardenedWinVerifyCacheProcessImportTodos: 'user32.dll' -> '\Device\HarddiskVolume3\Windows\System32\user32.dll' [rcNtRedir=0xc0150008]
1a6c.532c: supR3HardenedWinVerifyCacheProcessImportTodos: Processing 'advapi32.dll'...
1a6c.532c: supR3HardenedWinVerifyCacheProcessImportTodos: 'advapi32.dll' -> '\Device\HarddiskVolume3\Windows\System32\advapi32.dll' [rcNtRedir=0xc0150008]
1a6c.532c: supR3HardenedMonitor_LdrLoadDll: pName=C:\WINDOWS\System32\DriverStore\FileRepository\nvaci.inf_amd64_4b281923a41dfc72\NvMemMapStoragex.dll (rcNtResolve=0xc0150008) *pfFlags=0x0 pwszSearchPath=0000000000000001:<flags> [calling]
1a6c.532c: supR3HardenedScreenImage/NtCreateSection: cache hit (VINF_SUCCESS) on \Device\HarddiskVolume3\Windows\System32\DriverStore\FileRepository\nvaci.inf_amd64_4b281923a41dfc72\NvMemMapStoragex.dll
1a6c.532c: supR3HardenedDllNotificationCallback: load   00007fff62140000 LB 0x0013b000 C:\WINDOWS\System32\DriverStore\FileRepository\nvaci.inf_amd64_4b281923a41dfc72\NvMemMapStoragex.dll [fFlags=0x0]
1a6c.532c: supR3HardenedScreenImage/LdrLoadDll: cache hit (VINF_SUCCESS) on \Device\HarddiskVolume3\Windows\System32\DriverStore\FileRepository\nvaci.inf_amd64_4b281923a41dfc72\NvMemMapStoragex.dll
1a6c.532c: supR3HardenedIsApiSetDll: ApiSetQueryApiSetPresence(api-ms-win-core-synch-l1-2-0) -> 0x0, fPresent=1
1a6c.532c: supR3HardenedMonitor_LdrLoadDll: pName=api-ms-win-core-synch-l1-2-0 (rcNtResolve=0x0) *pfFlags=0x0 pwszSearchPath=0000000000000801:<flags> [calling]
1a6c.532c: supR3HardenedMonitor_LdrLoadDll: returns rcNt=0x0 hMod=00007fff9dd10000 'api-ms-win-core-synch-l1-2-0'
1a6c.532c: supR3HardenedIsApiSetDll: ApiSetQueryApiSetPresence(api-ms-win-core-fibers-l1-1-1) -> 0x0, fPresent=1
1a6c.532c: supR3HardenedMonitor_LdrLoadDll: pName=api-ms-win-core-fibers-l1-1-1 (rcNtResolve=0x0) *pfFlags=0x0 pwszSearchPath=0000000000000801:<flags> [calling]
1a6c.532c: supR3HardenedMonitor_LdrLoadDll: returns rcNt=0x0 hMod=00007fff9dd10000 'api-ms-win-core-fibers-l1-1-1'
1a6c.532c: supR3HardenedIsApiSetDll: ApiSetQueryApiSetPresence(api-ms-win-core-synch-l1-2-0) -> 0x0, fPresent=1
1a6c.532c: supR3HardenedMonitor_LdrLoadDll: pName=api-ms-win-core-synch-l1-2-0 (rcNtResolve=0x0) *pfFlags=0x0 pwszSearchPath=0000000000000801:<flags> [calling]
1a6c.532c: supR3HardenedMonitor_LdrLoadDll: returns rcNt=0x0 hMod=00007fff9dd10000 'api-ms-win-core-synch-l1-2-0'
1a6c.532c: supR3HardenedScreenImage/LdrLoadDll: cache hit (VINF_SUCCESS) on \Device\HarddiskVolume3\Windows\System32\kernel32.dll
1a6c.532c: supR3HardenedMonitor_LdrLoadDll: pName=C:\WINDOWS\System32\kernel32.dll (Input=kernel32, rcNtResolve=0xc0150008) *pfFlags=0x0 pwszSearchPath=0000000000000801:<flags> [calling]
1a6c.532c: supR3HardenedMonitor_LdrLoadDll: returns rcNt=0x0 hMod=00007fff9f670000 'C:\WINDOWS\System32\kernel32.dll'
1a6c.532c: supR3HardenedIsApiSetDll: ApiSetQueryApiSetPresence(api-ms-win-core-string-l1-1-0) -> 0x0, fPresent=1
1a6c.532c: supR3HardenedMonitor_LdrLoadDll: pName=api-ms-win-core-string-l1-1-0 (rcNtResolve=0x0) *pfFlags=0x0 pwszSearchPath=0000000000000801:<flags> [calling]
1a6c.532c: supR3HardenedMonitor_LdrLoadDll: returns rcNt=0x0 hMod=00007fff9dd10000 'api-ms-win-core-string-l1-1-0'
1a6c.532c: supR3HardenedIsApiSetDll: ApiSetQueryApiSetPresence(api-ms-win-core-localization-l1-2-1) -> 0x0, fPresent=1
1a6c.532c: supR3HardenedMonitor_LdrLoadDll: pName=api-ms-win-core-localization-l1-2-1 (rcNtResolve=0x0) *pfFlags=0x0 pwszSearchPath=0000000000000801:<flags> [calling]
1a6c.532c: supR3HardenedMonitor_LdrLoadDll: returns rcNt=0x0 hMod=00007fff9dd10000 'api-ms-win-core-localization-l1-2-1'
1a6c.532c: supR3HardenedIsApiSetDll: ApiSetQueryApiSetPresence(api-ms-win-core-datetime-l1-1-1) -> 0x0, fPresent=1
1a6c.532c: supR3HardenedMonitor_LdrLoadDll: pName=api-ms-win-core-datetime-l1-1-1 (rcNtResolve=0x0) *pfFlags=0x0 pwszSearchPath=0000000000000801:<flags> [calling]
1a6c.532c: supR3HardenedMonitor_LdrLoadDll: returns rcNt=0x0 hMod=00007fff9dd10000 'api-ms-win-core-datetime-l1-1-1'
1a6c.532c: supR3HardenedIsApiSetDll: ApiSetQueryApiSetPresence(api-ms-win-core-localization-obsolete-l1-2-0) -> 0x0, fPresent=1
1a6c.532c: supR3HardenedMonitor_LdrLoadDll: pName=api-ms-win-core-localization-obsolete-l1-2-0 (rcNtResolve=0x0) *pfFlags=0x0 pwszSearchPath=0000000000000801:<flags> [calling]
1a6c.532c: supR3HardenedMonitor_LdrLoadDll: returns rcNt=0x0 hMod=00007fff9dd10000 'api-ms-win-core-localization-obsolete-l1-2-0'
1a6c.532c: supR3HardenedMonitor_LdrLoadDll: returns rcNt=0x0 hMod=00007fff62140000 'C:\WINDOWS\System32\DriverStore\FileRepository\nvaci.inf_amd64_4b281923a41dfc72\NvMemMapStoragex.dll'
1a6c.532c: \Device\HarddiskVolume3\Windows\System32\DriverStore\FileRepository\nvaci.inf_amd64_4b281923a41dfc72\nvd3dumx.dll: Signature #2/3: VERR_CR_X509_CPV_NOT_VALID_AT_TIME for 0x69e9805f; retrying against current time: 0x6a2212ad.
1a6c.532c: \Device\HarddiskVolume3\Windows\System32\DriverStore\FileRepository\nvaci.inf_amd64_4b281923a41dfc72\nvd3dumx.dll: Signature #2/3: VERR_CR_X509_CPV_NOT_VALID_AT_TIME (-23033) w/ timestamp=0x6a2212ad/now.
1a6c.532c: supR3HardenedMonitor_LdrLoadDll: returns rcNt=0x0 hMod=00007fff9c300000 'C:\WINDOWS\system32\rsaenh.dll'
1a6c.532c: supR3HardenedMonitor_LdrLoadDll: returns rcNt=0x0 hMod=00007fff9db90000 'C:\WINDOWS\System32\crypt32.dll'
1a6c.532c: supR3HardenedWinVerifyCacheScheduleImports: Import todo: #0 'version.dll'.
1a6c.532c: supR3HardenedWinVerifyCacheScheduleImports: Import todo: #1 'user32.dll'.
1a6c.532c: supR3HardenedWinVerifyCacheScheduleImports: Import todo: #3 'advapi32.dll'.
1a6c.532c: supR3HardenedWinVerifyCacheScheduleImports: Import todo: #4 'gdi32.dll'.
1a6c.532c: supR3HardenedWinVerifyCacheScheduleImports: Import todo: #5 'winmm.dll'.
1a6c.532c: supHardenedWinVerifyImageByHandle: -> 0 (\Device\HarddiskVolume3\Windows\System32\DriverStore\FileRepository\nvaci.inf_amd64_4b281923a41dfc72\nvd3dumx.dll) WinVerifyTrust
1a6c.532c: supR3HardenedWinVerifyCacheInsert: \Device\HarddiskVolume3\Windows\System32\DriverStore\FileRepository\nvaci.inf_amd64_4b281923a41dfc72\nvd3dumx.dll
1a6c.532c: supR3HardenedWinVerifyCacheProcessImportTodos: Processing 'winmm.dll'...
1a6c.532c: supR3HardenedWinVerifyCacheProcessImportTodos: 'winmm.dll' -> '\Device\HarddiskVolume3\Windows\System32\winmm.dll' [rcNtRedir=0xc0150008]
1a6c.532c: supR3HardenedScreenImage/Imports: cache hit (VINF_SUCCESS) on \Device\HarddiskVolume3\Windows\System32\winmm.dll
1a6c.532c: supR3HardenedWinVerifyCacheProcessImportTodos: Processing 'gdi32.dll'...
1a6c.532c: supR3HardenedWinVerifyCacheProcessImportTodos: 'gdi32.dll' -> '\Device\HarddiskVolume3\Windows\System32\gdi32.dll' [rcNtRedir=0xc0150008]
1a6c.532c: supR3HardenedWinVerifyCacheProcessImportTodos: Processing 'advapi32.dll'...
1a6c.532c: supR3HardenedWinVerifyCacheProcessImportTodos: 'advapi32.dll' -> '\Device\HarddiskVolume3\Windows\System32\advapi32.dll' [rcNtRedir=0xc0150008]
1a6c.532c: supR3HardenedWinVerifyCacheProcessImportTodos: Processing 'user32.dll'...
1a6c.532c: supR3HardenedWinVerifyCacheProcessImportTodos: 'user32.dll' -> '\Device\HarddiskVolume3\Windows\System32\user32.dll' [rcNtRedir=0xc0150008]
1a6c.532c: supR3HardenedWinVerifyCacheProcessImportTodos: Processing 'version.dll'...
1a6c.532c: supR3HardenedWinVerifyCacheProcessImportTodos: 'version.dll' -> '\Device\HarddiskVolume3\Windows\System32\version.dll' [rcNtRedir=0xc0150008]
1a6c.532c: supR3HardenedScreenImage/Imports: cache hit (VINF_SUCCESS) on \Device\HarddiskVolume3\Windows\System32\version.dll
1a6c.532c: supR3HardenedMonitor_LdrLoadDll: pName=C:\WINDOWS\System32\DriverStore\FileRepository\nvaci.inf_amd64_4b281923a41dfc72\nvd3dumx.dll (rcNtResolve=0xc0150008) *pfFlags=0x0 pwszSearchPath=0000000000000001:<flags> [calling]
1a6c.532c: supR3HardenedScreenImage/NtCreateSection: cache hit (VINF_SUCCESS) on \Device\HarddiskVolume3\Windows\System32\DriverStore\FileRepository\nvaci.inf_amd64_4b281923a41dfc72\nvd3dumx.dll
1a6c.532c: supR3HardenedDllNotificationCallback: load   00007ffee8dc0000 LB 0x02736000 C:\WINDOWS\System32\DriverStore\FileRepository\nvaci.inf_amd64_4b281923a41dfc72\nvd3dumx.dll [fFlags=0x0]
1a6c.532c: supR3HardenedScreenImage/LdrLoadDll: cache hit (VINF_SUCCESS) on \Device\HarddiskVolume3\Windows\System32\DriverStore\FileRepository\nvaci.inf_amd64_4b281923a41dfc72\nvd3dumx.dll
1a6c.532c: supR3HardenedIsApiSetDll: ApiSetQueryApiSetPresence(api-ms-win-core-synch-l1-2-0) -> 0x0, fPresent=1
1a6c.532c: supR3HardenedMonitor_LdrLoadDll: pName=api-ms-win-core-synch-l1-2-0 (rcNtResolve=0x0) *pfFlags=0x0 pwszSearchPath=0000000000000801:<flags> [calling]
1a6c.532c: supR3HardenedMonitor_LdrLoadDll: returns rcNt=0x0 hMod=00007fff9dd10000 'api-ms-win-core-synch-l1-2-0'
1a6c.532c: supR3HardenedIsApiSetDll: ApiSetQueryApiSetPresence(api-ms-win-core-fibers-l1-1-1) -> 0x0, fPresent=1
1a6c.532c: supR3HardenedMonitor_LdrLoadDll: pName=api-ms-win-core-fibers-l1-1-1 (rcNtResolve=0x0) *pfFlags=0x0 pwszSearchPath=0000000000000801:<flags> [calling]
1a6c.532c: supR3HardenedMonitor_LdrLoadDll: returns rcNt=0x0 hMod=00007fff9dd10000 'api-ms-win-core-fibers-l1-1-1'
1a6c.532c: supR3HardenedIsApiSetDll: ApiSetQueryApiSetPresence(api-ms-win-core-synch-l1-2-0) -> 0x0, fPresent=1
1a6c.532c: supR3HardenedMonitor_LdrLoadDll: pName=api-ms-win-core-synch-l1-2-0 (rcNtResolve=0x0) *pfFlags=0x0 pwszSearchPath=0000000000000801:<flags> [calling]
1a6c.532c: supR3HardenedMonitor_LdrLoadDll: returns rcNt=0x0 hMod=00007fff9dd10000 'api-ms-win-core-synch-l1-2-0'
1a6c.532c: supR3HardenedScreenImage/LdrLoadDll: cache hit (VINF_SUCCESS) on \Device\HarddiskVolume3\Windows\System32\kernel32.dll
1a6c.532c: supR3HardenedMonitor_LdrLoadDll: pName=C:\WINDOWS\System32\kernel32.dll (Input=kernel32, rcNtResolve=0xc0150008) *pfFlags=0x0 pwszSearchPath=0000000000000801:<flags> [calling]
1a6c.532c: supR3HardenedMonitor_LdrLoadDll: returns rcNt=0x0 hMod=00007fff9f670000 'C:\WINDOWS\System32\kernel32.dll'
1a6c.532c: supR3HardenedMonitor_LdrLoadDll: returns rcNt=0x0 hMod=00007ffee8dc0000 'C:\WINDOWS\System32\DriverStore\FileRepository\nvaci.inf_amd64_4b281923a41dfc72\nvd3dumx.dll'
1a6c.532c: supR3HardenedWinVerifyCacheScheduleImports: Import todo: #12 'msvcp_win.dll'.
1a6c.532c: supHardenedWinVerifyImageByHandle: -> 0 (\Device\HarddiskVolume3\Windows\System32\directxdatabasehelper.dll)
1a6c.532c: supR3HardenedWinVerifyCacheInsert: \Device\HarddiskVolume3\Windows\System32\directxdatabasehelper.dll
1a6c.532c: supR3HardenedDllNotificationCallback: load   00007fff92750000 LB 0x0005f000 C:\WINDOWS\SYSTEM32\directxdatabasehelper.dll [fFlags=0x0]
1a6c.532c: supR3HardenedScreenImage/LdrLoadDll: cache hit (VINF_SUCCESS) on \Device\HarddiskVolume3\Windows\System32\directxdatabasehelper.dll [avoiding WinVerifyTrust]
1a6c.532c: supR3HardenedWinVerifyCacheProcessImportTodos: Processing 'msvcp_win.dll'...
1a6c.532c: supR3HardenedWinVerifyCacheProcessImportTodos: 'msvcp_win.dll' -> '\Device\HarddiskVolume3\Windows\System32\msvcp_win.dll' [rcNtRedir=0xc0150008]
1a6c.532c: supR3HardenedScreenImage/Imports: cache hit (VINF_SUCCESS) on \Device\HarddiskVolume3\Windows\System32\msvcp_win.dll
1a6c.532c: supR3HardenedMonitor_LdrLoadDll: returns rcNt=0x0 hMod=00007fff9c300000 'C:\WINDOWS\system32\rsaenh.dll'
1a6c.532c: supR3HardenedMonitor_LdrLoadDll: returns rcNt=0x0 hMod=00007fff9db90000 'C:\WINDOWS\System32\crypt32.dll'
1a6c.532c: supR3HardenedWinVerifyCacheProcessWvtTodos: 0 (was 0) fWinVerifyTrust=1 for '\Device\HarddiskVolume3\Windows\System32\directxdatabasehelper.dll'
1a6c.532c: supR3HardenedMonitor_LdrLoadDll: returns rcNt=0x0 hMod=00007fff9e650000 'C:\WINDOWS\System32\gdi32.dll'
1a6c.532c: supR3HardenedDllNotificationCallback: Unload 00007ffee8dc0000 LB 0x02736000 C:\WINDOWS\System32\DriverStore\FileRepository\nvaci.inf_amd64_4b281923a41dfc72\nvd3dumx.dll [flags=0x0]
1a6c.532c: supR3HardenedDllNotificationCallback: Unload 00007fff62970000 LB 0x04f57000 C:\WINDOWS\System32\DriverStore\FileRepository\nvaci.inf_amd64_4b281923a41dfc72\nvgpucomp64.dll [flags=0x0]
1a6c.532c: supR3HardenedDllNotificationCallback: Unload 00007fff62140000 LB 0x0013b000 C:\WINDOWS\System32\DriverStore\FileRepository\nvaci.inf_amd64_4b281923a41dfc72\NvMemMapStoragex.dll [flags=0x0]
1a6c.532c: supR3HardenedDllNotificationCallback: Unload 00007fff83380000 LB 0x00178000 C:\WINDOWS\System32\drvstore.dll [flags=0x0]
1a6c.532c: supR3HardenedDllNotificationCallback: Unload 00007fff9cd60000 LB 0x0006a000 C:\WINDOWS\System32\wldp.dll [flags=0x0]
1a6c.532c: supR3HardenedDllNotificationCallback: Unload 00007fff6a000000 LB 0x000c5000 C:\WINDOWS\System32\DriverStore\FileRepository\nvaci.inf_amd64_4b281923a41dfc72\nvldumdx.dll [flags=0x0]
1a6c.532c: supR3HardNtViCallWinVerifyTrustCatFile: hFile=0000000000000f50 pwszName=\Device\HarddiskVolume3\Windows\System32\DataExchange.dll
1a6c.532c: supR3HardNtViCallWinVerifyTrustCatFile: Cached context 0000029b681ab360
1a6c.532c: supR3HardNtViCallWinVerifyTrustCatFile: hCatAdmin=0000029b681ab360
1a6c.532c: supR3HardNtViCallWinVerifyTrustCatFile: cbHash=20 wszDigest=B47F04FC0CC69AE060F5B78325B3AD54C6B8F402
1a6c.532c: supR3HardenedMonitor_LdrLoadDll: returns rcNt=0x0 hMod=00007fff9c300000 'C:\WINDOWS\system32\rsaenh.dll'
1a6c.532c: supR3HardenedMonitor_LdrLoadDll: returns rcNt=0x0 hMod=00007fff9db90000 'C:\WINDOWS\System32\crypt32.dll'
1a6c.532c: supR3HardNtViCallWinVerifyTrustCatFile: WinVerifyTrust => 0x0; cat='C:\WINDOWS\system32\CatRoot\{F750E6C3-38EE-11D1-85E5-00C04FC295EE}\Microsoft-Windows-Client-Desktop-Required-Package041021~31bf3856ad364e35~amd64~~10.0.26100.8524.cat'; file='\Device\HarddiskVolume3\Windows\System32\DataExchange.dll'
1a6c.532c: supR3HardNtViCallWinVerifyTrustCatFile -> 0 (org 22900)
1a6c.532c: supR3HardenedWinVerifyCacheScheduleImports: Import todo: #28 'msvcp_win.dll'.
1a6c.532c: supHardenedWinVerifyImageByHandle: -> 0 (\Device\HarddiskVolume3\Windows\System32\DataExchange.dll) WinVerifyTrust
1a6c.532c: supR3HardenedWinVerifyCacheInsert: \Device\HarddiskVolume3\Windows\System32\DataExchange.dll
1a6c.532c: supR3HardenedWinVerifyCacheProcessImportTodos: Processing 'msvcp_win.dll'...
1a6c.532c: supR3HardenedWinVerifyCacheProcessImportTodos: 'msvcp_win.dll' -> '\Device\HarddiskVolume3\Windows\System32\msvcp_win.dll' [rcNtRedir=0xc0150008]
1a6c.532c: supR3HardenedMonitor_LdrLoadDll: pName=C:\WINDOWS\system32\dataexchange.dll (rcNtResolve=0xc0150008) *pfFlags=0x0 pwszSearchPath=0000000000002009:<flags> [calling]
1a6c.532c: supR3HardenedScreenImage/NtCreateSection: cache hit (VINF_SUCCESS) on \Device\HarddiskVolume3\Windows\System32\DataExchange.dll
1a6c.532c: supR3HardenedDllNotificationCallback: load   00007fff48a40000 LB 0x0005c000 C:\WINDOWS\system32\dataexchange.dll [fFlags=0x0]
1a6c.532c: supR3HardenedScreenImage/LdrLoadDll: cache hit (VINF_SUCCESS) on \Device\HarddiskVolume3\Windows\System32\DataExchange.dll
1a6c.532c: supR3HardenedMonitor_LdrLoadDll: returns rcNt=0x0 hMod=00007fff48a40000 'C:\WINDOWS\system32\dataexchange.dll'
1a6c.532c: supR3HardenedWinVerifyCacheScheduleImports: Import todo: #39 'combase.dll'.
1a6c.532c: supR3HardenedWinVerifyCacheScheduleImports: Import todo: #41 'msvcp_win.dll'.
1a6c.532c: supHardenedWinVerifyImageByHandle: -> 0 (\Device\HarddiskVolume3\Windows\System32\twinapi.appcore.dll)
1a6c.532c: supR3HardenedWinVerifyCacheInsert: \Device\HarddiskVolume3\Windows\System32\twinapi.appcore.dll
1a6c.532c: supR3HardenedDllNotificationCallback: load   00007fff82bc0000 LB 0x0024f000 C:\WINDOWS\system32\twinapi.appcore.dll [fFlags=0x0]
1a6c.532c: supR3HardenedScreenImage/LdrLoadDll: cache hit (VINF_SUCCESS) on \Device\HarddiskVolume3\Windows\System32\twinapi.appcore.dll [avoiding WinVerifyTrust]
1a6c.532c: supR3HardenedWinVerifyCacheScheduleImports: Import todo: #0 'msvcrt.dll'.
1a6c.532c: supR3HardenedWinVerifyCacheScheduleImports: Import todo: #17 'oleaut32.dll'.
1a6c.532c: supR3HardenedWinVerifyCacheScheduleImports: Import todo: #18 'rpcrt4.dll'.
1a6c.532c: supHardenedWinVerifyImageByHandle: -> 0 (\Device\HarddiskVolume3\Windows\System32\TextInputFramework.dll)
1a6c.532c: supR3HardenedWinVerifyCacheInsert: \Device\HarddiskVolume3\Windows\System32\TextInputFramework.dll
1a6c.532c: supR3HardenedDllNotificationCallback: load   00007fff6a280000 LB 0x00148000 C:\WINDOWS\SYSTEM32\textinputframework.dll [fFlags=0x0]
1a6c.532c: supR3HardenedScreenImage/LdrLoadDll: cache hit (VINF_SUCCESS) on \Device\HarddiskVolume3\Windows\System32\TextInputFramework.dll [avoiding WinVerifyTrust]
1a6c.532c: supR3HardenedWinVerifyCacheScheduleImports: Import todo: #18 'msvcp_win.dll'.
1a6c.532c: supHardenedWinVerifyImageByHandle: -> 0 (\Device\HarddiskVolume3\Windows\System32\CoreMessaging.dll)
1a6c.532c: supR3HardenedWinVerifyCacheInsert: \Device\HarddiskVolume3\Windows\System32\CoreMessaging.dll
1a6c.532c: supR3HardenedDllNotificationCallback: load   00007fff952c0000 LB 0x00125000 C:\WINDOWS\SYSTEM32\CoreMessaging.dll [fFlags=0x0]
1a6c.532c: supR3HardenedScreenImage/LdrLoadDll: cache hit (VINF_SUCCESS) on \Device\HarddiskVolume3\Windows\System32\CoreMessaging.dll [avoiding WinVerifyTrust]
1a6c.532c: supR3HardenedWinVerifyCacheProcessImportTodos: Processing 'msvcp_win.dll'...
1a6c.532c: supR3HardenedWinVerifyCacheProcessImportTodos: 'msvcp_win.dll' -> '\Device\HarddiskVolume3\Windows\System32\msvcp_win.dll' [rcNtRedir=0xc0150008]
1a6c.532c: supR3HardenedWinVerifyCacheProcessImportTodos: Processing 'rpcrt4.dll'...
1a6c.532c: supR3HardenedWinVerifyCacheProcessImportTodos: 'rpcrt4.dll' -> '\Device\HarddiskVolume3\Windows\System32\rpcrt4.dll' [rcNtRedir=0xc0150008]
1a6c.532c: supR3HardenedWinVerifyCacheProcessImportTodos: Processing 'oleaut32.dll'...
1a6c.532c: supR3HardenedWinVerifyCacheProcessImportTodos: 'oleaut32.dll' -> '\Device\HarddiskVolume3\Windows\System32\oleaut32.dll' [rcNtRedir=0xc0150008]
1a6c.532c: supR3HardenedScreenImage/Imports: cache hit (VINF_SUCCESS) on \Device\HarddiskVolume3\Windows\System32\oleaut32.dll
1a6c.532c: supR3HardenedWinVerifyCacheProcessImportTodos: Processing 'msvcrt.dll'...
1a6c.532c: supR3HardenedWinVerifyCacheProcessImportTodos: 'msvcrt.dll' -> '\Device\HarddiskVolume3\Windows\System32\msvcrt.dll' [rcNtRedir=0xc0150008]
1a6c.532c: supR3HardenedScreenImage/Imports: cache hit (VINF_SUCCESS) on \Device\HarddiskVolume3\Windows\System32\msvcrt.dll
1a6c.532c: supR3HardenedWinVerifyCacheProcessImportTodos: Processing 'msvcp_win.dll'...
1a6c.532c: supR3HardenedWinVerifyCacheProcessImportTodos: 'msvcp_win.dll' -> '\Device\HarddiskVolume3\Windows\System32\msvcp_win.dll' [rcNtRedir=0xc0150008]
1a6c.532c: supR3HardenedWinVerifyCacheProcessImportTodos: Processing 'combase.dll'...
1a6c.532c: supR3HardenedWinVerifyCacheProcessImportTodos: 'combase.dll' -> '\Device\HarddiskVolume3\Windows\System32\combase.dll' [rcNtRedir=0xc0150008]
1a6c.532c: supR3HardenedScreenImage/Imports: cache hit (VINF_SUCCESS) on \Device\HarddiskVolume3\Windows\System32\combase.dll
1a6c.532c: supR3HardenedMonitor_LdrLoadDll: returns rcNt=0x0 hMod=00007fff9c300000 'C:\WINDOWS\system32\rsaenh.dll'
1a6c.532c: supR3HardenedMonitor_LdrLoadDll: returns rcNt=0x0 hMod=00007fff9db90000 'C:\WINDOWS\System32\crypt32.dll'
1a6c.532c: supR3HardenedWinVerifyCacheProcessWvtTodos: 0 (was 0) fWinVerifyTrust=1 for '\Device\HarddiskVolume3\Windows\System32\CoreMessaging.dll'
1a6c.532c: supR3HardenedMonitor_LdrLoadDll: returns rcNt=0x0 hMod=00007fff9c300000 'C:\WINDOWS\system32\rsaenh.dll'
1a6c.532c: supR3HardenedMonitor_LdrLoadDll: returns rcNt=0x0 hMod=00007fff9db90000 'C:\WINDOWS\System32\crypt32.dll'
1a6c.532c: supR3HardenedWinVerifyCacheProcessWvtTodos: 0 (was 0) fWinVerifyTrust=1 for '\Device\HarddiskVolume3\Windows\System32\TextInputFramework.dll'
1a6c.532c: supR3HardenedMonitor_LdrLoadDll: returns rcNt=0x0 hMod=00007fff9c300000 'C:\WINDOWS\system32\rsaenh.dll'
1a6c.532c: supR3HardenedMonitor_LdrLoadDll: returns rcNt=0x0 hMod=00007fff9db90000 'C:\WINDOWS\System32\crypt32.dll'
1a6c.532c: supR3HardenedWinVerifyCacheProcessWvtTodos: 0 (was 0) fWinVerifyTrust=1 for '\Device\HarddiskVolume3\Windows\System32\twinapi.appcore.dll'
1a6c.532c: supR3HardenedIsApiSetDll: ApiSetQueryApiSetPresence(api-ms-win-security-sddl-l1-1-0.dll) -> 0x0, fPresent=1
1a6c.532c: supR3HardenedMonitor_LdrLoadDll: pName=api-ms-win-security-sddl-l1-1-0.dll (rcNtResolve=0x0) *pfFlags=0x0 pwszSearchPath=0000000000000001:<flags> [calling]
1a6c.532c: supR3HardenedMonitor_LdrLoadDll: returns rcNt=0x0 hMod=00007fff9ecb0000 'api-ms-win-security-sddl-l1-1-0.dll'
1a6c.532c: supR3HardenedIsApiSetDll: ApiSetQueryApiSetPresence(ext-ms-win-rtcore-ntuser-window-ext-l1-1-0.dll) -> 0x0, fPresent=1
1a6c.532c: supR3HardenedMonitor_LdrLoadDll: pName=ext-ms-win-rtcore-ntuser-window-ext-l1-1-0.dll (rcNtResolve=0x0) *pfFlags=0x0 pwszSearchPath=0000000000000001:<flags> [calling]
1a6c.532c: supR3HardenedMonitor_LdrLoadDll: returns rcNt=0x0 hMod=00007fff9e210000 'ext-ms-win-rtcore-ntuser-window-ext-l1-1-0.dll'
1a6c.532c: supR3HardenedIsApiSetDll: ApiSetQueryApiSetPresence(ext-ms-win-rtcore-ntuser-integration-l1-1-0.dll) -> 0x0, fPresent=1
1a6c.532c: supR3HardenedMonitor_LdrLoadDll: pName=ext-ms-win-rtcore-ntuser-integration-l1-1-0.dll (rcNtResolve=0x0) *pfFlags=0x0 pwszSearchPath=0000000000000001:<flags> [calling]
1a6c.532c: supR3HardenedMonitor_LdrLoadDll: returns rcNt=0x0 hMod=00007fff9e210000 'ext-ms-win-rtcore-ntuser-integration-l1-1-0.dll'
1a6c.532c: supR3HardenedWinVerifyCacheScheduleImports: Import todo: #0 'msvcrt.dll'.
1a6c.532c: supR3HardenedWinVerifyCacheScheduleImports: Import todo: #33 'coremessaging.dll'.
1a6c.532c: supHardenedWinVerifyImageByHandle: -> 0 (\Device\HarddiskVolume3\Windows\System32\CoreUIComponents.dll)
1a6c.532c: supR3HardenedWinVerifyCacheInsert: \Device\HarddiskVolume3\Windows\System32\CoreUIComponents.dll
1a6c.532c: supR3HardenedWinVerifyCacheScheduleImports: Import todo: #3 'combase.dll'.
1a6c.532c: supHardenedWinVerifyImageByHandle: -> 0 (\Device\HarddiskVolume3\Windows\System32\WinTypes.dll)
1a6c.532c: supR3HardenedWinVerifyCacheInsert: \Device\HarddiskVolume3\Windows\System32\WinTypes.dll
1a6c.532c: supR3HardenedDllNotificationCallback: load   00007fff965f0000 LB 0x0016a000 C:\WINDOWS\SYSTEM32\wintypes.dll [fFlags=0x0]
1a6c.532c: supR3HardenedScreenImage/LdrLoadDll: cache hit (VINF_SUCCESS) on \Device\HarddiskVolume3\Windows\System32\WinTypes.dll [avoiding WinVerifyTrust]
1a6c.532c: supR3HardenedDllNotificationCallback: load   00007fff8bb90000 LB 0x002e4000 C:\WINDOWS\SYSTEM32\CoreUIComponents.dll [fFlags=0x0]
1a6c.532c: supR3HardenedScreenImage/LdrLoadDll: cache hit (VINF_SUCCESS) on \Device\HarddiskVolume3\Windows\System32\CoreUIComponents.dll [avoiding WinVerifyTrust]
1a6c.532c: supR3HardenedWinVerifyCacheProcessImportTodos: Processing 'combase.dll'...
1a6c.532c: supR3HardenedWinVerifyCacheProcessImportTodos: 'combase.dll' -> '\Device\HarddiskVolume3\Windows\System32\combase.dll' [rcNtRedir=0xc0150008]
1a6c.532c: supR3HardenedScreenImage/Imports: cache hit (VINF_SUCCESS) on \Device\HarddiskVolume3\Windows\System32\combase.dll
1a6c.532c: supR3HardenedWinVerifyCacheProcessImportTodos: Processing 'coremessaging.dll'...
1a6c.532c: supR3HardenedWinVerifyCacheProcessImportTodos: 'coremessaging.dll' -> '\Device\HarddiskVolume3\Windows\System32\coremessaging.dll' [rcNtRedir=0xc0150008]
1a6c.532c: supR3HardenedScreenImage/Imports: cache hit (VINF_SUCCESS) on \Device\HarddiskVolume3\Windows\System32\CoreMessaging.dll
1a6c.532c: supR3HardenedWinVerifyCacheProcessImportTodos: Processing 'msvcrt.dll'...
1a6c.532c: supR3HardenedWinVerifyCacheProcessImportTodos: 'msvcrt.dll' -> '\Device\HarddiskVolume3\Windows\System32\msvcrt.dll' [rcNtRedir=0xc0150008]
1a6c.532c: supR3HardenedMonitor_LdrLoadDll: returns rcNt=0x0 hMod=00007fff9c300000 'C:\WINDOWS\system32\rsaenh.dll'
1a6c.532c: supR3HardenedMonitor_LdrLoadDll: returns rcNt=0x0 hMod=00007fff9db90000 'C:\WINDOWS\System32\crypt32.dll'
1a6c.532c: supR3HardenedWinVerifyCacheProcessWvtTodos: 0 (was 0) fWinVerifyTrust=1 for '\Device\HarddiskVolume3\Windows\System32\WinTypes.dll'
1a6c.532c: supR3HardenedMonitor_LdrLoadDll: returns rcNt=0x0 hMod=00007fff9c300000 'C:\WINDOWS\system32\rsaenh.dll'
1a6c.532c: supR3HardenedMonitor_LdrLoadDll: returns rcNt=0x0 hMod=00007fff9db90000 'C:\WINDOWS\System32\crypt32.dll'
1a6c.532c: supR3HardenedWinVerifyCacheProcessWvtTodos: 0 (was 0) fWinVerifyTrust=1 for '\Device\HarddiskVolume3\Windows\System32\CoreUIComponents.dll'
1a6c.532c: supR3HardenedMonitor_LdrLoadDll: returns rcNt=0x0 hMod=00007fff9e7e0000 'C:\WINDOWS\System32\RPCRT4.dll'
1a6c.532c: supR3HardenedIsApiSetDll: ApiSetQueryApiSetPresence(api-ms-win-security-systemfunctions-l1-1-0) -> 0x0, fPresent=1
1a6c.532c: supR3HardenedMonitor_LdrLoadDll: pName=api-ms-win-security-systemfunctions-l1-1-0 (rcNtResolve=0x0) *pfFlags=0x0 pwszSearchPath=0000000000000801:<flags> [calling]
1a6c.532c: supR3HardenedMonitor_LdrLoadDll: returns rcNt=0x0 hMod=00007fff9e900000 'api-ms-win-security-systemfunctions-l1-1-0'
1a6c.532c: supR3HardenedScreenImage/LdrLoadDll: cache hit (VINF_SUCCESS) on \Device\HarddiskVolume3\Windows\System32\msctf.dll
1a6c.532c: supR3HardenedMonitor_LdrLoadDll: pName=C:\WINDOWS\System32\MSCTF.dll (rcNtResolve=0xc0150008) *pfFlags=0x0 pwszSearchPath=0000000000000009:<flags> [calling]
1a6c.532c: supR3HardenedMonitor_LdrLoadDll: returns rcNt=0x0 hMod=00007fff9e680000 'C:\WINDOWS\System32\MSCTF.dll'
1a6c.532c: supR3HardenedMonitor_LdrLoadDll: returns rcNt=0x0 hMod=00007fff9e900000 'C:\WINDOWS\System32\ADVAPI32.dll'
1a6c.532c: supR3HardenedMonitor_LdrLoadDll: returns rcNt=0x0 hMod=00007fff9e3e0000 'C:\WINDOWS\System32\ole32.dll'
1a6c.532c: supR3HardenedMonitor_LdrLoadDll: returns rcNt=0x0 hMod=00007fff9ef00000 'C:\WINDOWS\System32\OLEAUT32.dll'
1a6c.532c: supR3HardNtViCallWinVerifyTrustCatFile: hFile=0000000000000fec pwszName=\Device\HarddiskVolume3\Windows\System32\wbem\wbemprox.dll
1a6c.532c: supR3HardNtViCallWinVerifyTrustCatFile: Cached context 0000029b681ab360
1a6c.532c: supR3HardNtViCallWinVerifyTrustCatFile: hCatAdmin=0000029b681ab360
1a6c.532c: supR3HardNtViCallWinVerifyTrustCatFile: cbHash=20 wszDigest=1D2BDD5AD3C6C3E339444FBF754B0A8551FD102A
1a6c.532c: supR3HardenedMonitor_LdrLoadDll: returns rcNt=0x0 hMod=00007fff9c300000 'C:\WINDOWS\system32\rsaenh.dll'
1a6c.532c: supR3HardenedMonitor_LdrLoadDll: returns rcNt=0x0 hMod=00007fff9db90000 'C:\WINDOWS\System32\crypt32.dll'
1a6c.532c: supR3HardNtViCallWinVerifyTrustCatFile: WinVerifyTrust => 0x0; cat='C:\WINDOWS\system32\CatRoot\{F750E6C3-38EE-11D1-85E5-00C04FC295EE}\Microsoft-Windows-Client-Desktop-Required-Package0012~31bf3856ad364e35~amd64~~10.0.26100.8524.cat'; file='\Device\HarddiskVolume3\Windows\System32\wbem\wbemprox.dll'
1a6c.532c: supR3HardNtViCallWinVerifyTrustCatFile -> 0 (org 22900)
1a6c.532c: supR3HardenedWinVerifyCacheScheduleImports: Import todo: #0 'msvcrt.dll'.
1a6c.532c: supR3HardenedWinVerifyCacheScheduleImports: Import todo: #16 'wbemcomn.dll'.
1a6c.532c: supHardenedWinVerifyImageByHandle: -> 0 (\Device\HarddiskVolume3\Windows\System32\wbem\wbemprox.dll) WinVerifyTrust
1a6c.532c: supR3HardenedWinVerifyCacheInsert: \Device\HarddiskVolume3\Windows\System32\wbem\wbemprox.dll
1a6c.532c: supR3HardenedWinVerifyCacheProcessImportTodos: Processing 'wbemcomn.dll'...
1a6c.532c: supR3HardenedWinVerifyCacheProcessImportTodos: 'wbemcomn.dll' -> '\Device\HarddiskVolume3\Windows\System32\wbemcomn.dll' [rcNtRedir=0xc0150008]
1a6c.532c: supR3HardNtViCallWinVerifyTrustCatFile: hFile=0000000000000d8c pwszName=\Device\HarddiskVolume3\Windows\System32\wbemcomn.dll
1a6c.532c: supR3HardNtViCallWinVerifyTrustCatFile: Cached context 0000029b681ab360
1a6c.532c: supR3HardNtViCallWinVerifyTrustCatFile: hCatAdmin=0000029b681ab360
1a6c.532c: supR3HardNtViCallWinVerifyTrustCatFile: cbHash=20 wszDigest=C99010447EBD6E4E146E224DEB9B34693D817638
1a6c.532c: supR3HardenedMonitor_LdrLoadDll: returns rcNt=0x0 hMod=00007fff9c300000 'C:\WINDOWS\system32\rsaenh.dll'
1a6c.532c: supR3HardenedMonitor_LdrLoadDll: returns rcNt=0x0 hMod=00007fff9db90000 'C:\WINDOWS\System32\crypt32.dll'
1a6c.532c: supR3HardNtViCallWinVerifyTrustCatFile: WinVerifyTrust => 0x0; cat='C:\WINDOWS\system32\CatRoot\{F750E6C3-38EE-11D1-85E5-00C04FC295EE}\Microsoft-Windows-Client-Desktop-Required-Package0012~31bf3856ad364e35~amd64~~10.0.26100.8524.cat'; file='\Device\HarddiskVolume3\Windows\System32\wbemcomn.dll'
1a6c.532c: supR3HardNtViCallWinVerifyTrustCatFile -> 0 (org 22900)
1a6c.532c: supR3HardenedWinVerifyCacheScheduleImports: Import todo: #0 'msvcrt.dll'.
1a6c.532c: supHardenedWinVerifyImageByHandle: -> 0 (\Device\HarddiskVolume3\Windows\System32\wbemcomn.dll) WinVerifyTrust
1a6c.532c: supR3HardenedWinVerifyCacheInsert: \Device\HarddiskVolume3\Windows\System32\wbemcomn.dll
1a6c.532c: supR3HardenedWinVerifyCacheProcessImportTodos: Processing 'msvcrt.dll'...
1a6c.532c: supR3HardenedWinVerifyCacheProcessImportTodos: 'msvcrt.dll' -> '\Device\HarddiskVolume3\Windows\System32\msvcrt.dll' [rcNtRedir=0xc0150008]
1a6c.532c: supR3HardenedWinVerifyCacheProcessImportTodos: Processing 'msvcrt.dll'...
1a6c.532c: supR3HardenedWinVerifyCacheProcessImportTodos: 'msvcrt.dll' -> '\Device\HarddiskVolume3\Windows\System32\msvcrt.dll' [rcNtRedir=0xc0150008]
1a6c.532c: supR3HardenedMonitor_LdrLoadDll: pName=C:\WINDOWS\system32\wbem\wbemprox.dll (rcNtResolve=0xc0150008) *pfFlags=0x0 pwszSearchPath=0000000000002009:<flags> [calling]
1a6c.532c: supR3HardenedScreenImage/NtCreateSection: cache hit (VINF_SUCCESS) on \Device\HarddiskVolume3\Windows\System32\wbem\wbemprox.dll
1a6c.532c: supR3HardenedScreenImage/NtCreateSection: cache hit (VINF_SUCCESS) on \Device\HarddiskVolume3\Windows\System32\wbemcomn.dll
1a6c.532c: supR3HardenedDllNotificationCallback: load   00007fff7bd90000 LB 0x0007a000 C:\WINDOWS\SYSTEM32\wbemcomn.dll [fFlags=0x0]
1a6c.532c: supR3HardenedScreenImage/LdrLoadDll: cache hit (VINF_SUCCESS) on \Device\HarddiskVolume3\Windows\System32\wbemcomn.dll
1a6c.532c: supR3HardenedDllNotificationCallback: load   00007fff80c70000 LB 0x00012000 C:\WINDOWS\system32\wbem\wbemprox.dll [fFlags=0x0]
1a6c.532c: supR3HardenedScreenImage/LdrLoadDll: cache hit (VINF_SUCCESS) on \Device\HarddiskVolume3\Windows\System32\wbem\wbemprox.dll
1a6c.532c: supR3HardenedIsApiSetDll: ApiSetQueryApiSetPresence(API-MS-Win-Core-LocalRegistry-L1-1-0.dll) -> 0x0, fPresent=1
1a6c.532c: supR3HardenedMonitor_LdrLoadDll: pName=API-MS-Win-Core-LocalRegistry-L1-1-0.dll (rcNtResolve=0x0) *pfFlags=0x0 pwszSearchPath=0000000000000009:<flags> [calling]
1a6c.532c: supR3HardenedMonitor_LdrLoadDll: returns rcNt=0x0 hMod=00007fff9dd10000 'API-MS-Win-Core-LocalRegistry-L1-1-0.dll'
1a6c.532c: supR3HardenedMonitor_LdrLoadDll: returns rcNt=0x0 hMod=00007fff80c70000 'C:\WINDOWS\system32\wbem\wbemprox.dll'
1a6c.532c: supR3HardNtViCallWinVerifyTrustCatFile: hFile=0000000000000d78 pwszName=\Device\HarddiskVolume3\Windows\System32\wbem\wbemsvc.dll
1a6c.532c: supR3HardNtViCallWinVerifyTrustCatFile: Cached context 0000029b681ab360
1a6c.532c: supR3HardNtViCallWinVerifyTrustCatFile: hCatAdmin=0000029b681ab360
1a6c.532c: supR3HardNtViCallWinVerifyTrustCatFile: cbHash=20 wszDigest=2D0D300491A704BE830BB4672F0AE8DD7C915274
1a6c.532c: supR3HardenedMonitor_LdrLoadDll: returns rcNt=0x0 hMod=00007fff9c300000 'C:\WINDOWS\system32\rsaenh.dll'
1a6c.532c: supR3HardenedMonitor_LdrLoadDll: returns rcNt=0x0 hMod=00007fff9db90000 'C:\WINDOWS\System32\crypt32.dll'
1a6c.532c: supR3HardNtViCallWinVerifyTrustCatFile: WinVerifyTrust => 0x0; cat='C:\WINDOWS\system32\CatRoot\{F750E6C3-38EE-11D1-85E5-00C04FC295EE}\Microsoft-Windows-Client-Desktop-Required-Package0012~31bf3856ad364e35~amd64~~10.0.26100.8524.cat'; file='\Device\HarddiskVolume3\Windows\System32\wbem\wbemsvc.dll'
1a6c.532c: supR3HardNtViCallWinVerifyTrustCatFile -> 0 (org 22900)
1a6c.532c: supR3HardenedWinVerifyCacheScheduleImports: Import todo: #0 'msvcrt.dll'.
1a6c.532c: supR3HardenedWinVerifyCacheScheduleImports: Import todo: #1 'rpcrt4.dll'.
1a6c.532c: supHardenedWinVerifyImageByHandle: -> 0 (\Device\HarddiskVolume3\Windows\System32\wbem\wbemsvc.dll) WinVerifyTrust
1a6c.532c: supR3HardenedWinVerifyCacheInsert: \Device\HarddiskVolume3\Windows\System32\wbem\wbemsvc.dll
1a6c.532c: supR3HardenedWinVerifyCacheProcessImportTodos: Processing 'rpcrt4.dll'...
1a6c.532c: supR3HardenedWinVerifyCacheProcessImportTodos: 'rpcrt4.dll' -> '\Device\HarddiskVolume3\Windows\System32\rpcrt4.dll' [rcNtRedir=0xc0150008]
1a6c.532c: supR3HardenedWinVerifyCacheProcessImportTodos: Processing 'msvcrt.dll'...
1a6c.532c: supR3HardenedWinVerifyCacheProcessImportTodos: 'msvcrt.dll' -> '\Device\HarddiskVolume3\Windows\System32\msvcrt.dll' [rcNtRedir=0xc0150008]
1a6c.532c: supR3HardenedMonitor_LdrLoadDll: pName=C:\WINDOWS\system32\wbem\wbemsvc.dll (rcNtResolve=0xc0150008) *pfFlags=0x0 pwszSearchPath=0000000000002009:<flags> [calling]
1a6c.532c: supR3HardenedScreenImage/NtCreateSection: cache hit (VINF_SUCCESS) on \Device\HarddiskVolume3\Windows\System32\wbem\wbemsvc.dll
1a6c.532c: supR3HardenedDllNotificationCallback: load   00007fff7b840000 LB 0x00015000 C:\WINDOWS\system32\wbem\wbemsvc.dll [fFlags=0x0]
1a6c.532c: supR3HardenedScreenImage/LdrLoadDll: cache hit (VINF_SUCCESS) on \Device\HarddiskVolume3\Windows\System32\wbem\wbemsvc.dll
1a6c.532c: supR3HardenedMonitor_LdrLoadDll: returns rcNt=0x0 hMod=00007fff7b840000 'C:\WINDOWS\system32\wbem\wbemsvc.dll'
1a6c.532c: supR3HardenedIsApiSetDll: ApiSetQueryApiSetPresence(api-ms-win-core-localization-l1-2-0.dll) -> 0x0, fPresent=1
1a6c.532c: supR3HardenedMonitor_LdrLoadDll: pName=api-ms-win-core-localization-l1-2-0.dll (rcNtResolve=0x0) *pfFlags=0x0 pwszSearchPath=0000000000000009:<flags> [calling]
1a6c.532c: supR3HardenedMonitor_LdrLoadDll: returns rcNt=0x0 hMod=00007fff9dd10000 'api-ms-win-core-localization-l1-2-0.dll'
1a6c.532c: supR3HardenedIsApiSetDll: ApiSetQueryApiSetPresence(api-ms-win-core-localization-obsolete-l1-1-0.dll) -> 0x0, fPresent=1
1a6c.532c: supR3HardenedMonitor_LdrLoadDll: pName=api-ms-win-core-localization-obsolete-l1-1-0.dll (rcNtResolve=0x0) *pfFlags=0x0 pwszSearchPath=0000000000000009:<flags> [calling]
1a6c.532c: supR3HardenedMonitor_LdrLoadDll: returns rcNt=0x0 hMod=00007fff9dd10000 'api-ms-win-core-localization-obsolete-l1-1-0.dll'
1a6c.532c: supR3HardNtViCallWinVerifyTrustCatFile: hFile=0000000000000dc0 pwszName=\Device\HarddiskVolume3\Windows\System32\wbem\fastprox.dll
1a6c.532c: supR3HardNtViCallWinVerifyTrustCatFile: Cached context 0000029b681ab360
1a6c.532c: supR3HardNtViCallWinVerifyTrustCatFile: hCatAdmin=0000029b681ab360
1a6c.532c: supR3HardNtViCallWinVerifyTrustCatFile: cbHash=20 wszDigest=1623A160F4CA39F0524D7F8019E4AA5873282CE2
1a6c.532c: supR3HardenedMonitor_LdrLoadDll: returns rcNt=0x0 hMod=00007fff9c300000 'C:\WINDOWS\system32\rsaenh.dll'
1a6c.532c: supR3HardenedMonitor_LdrLoadDll: returns rcNt=0x0 hMod=00007fff9db90000 'C:\WINDOWS\System32\crypt32.dll'
1a6c.532c: supR3HardNtViCallWinVerifyTrustCatFile: WinVerifyTrust => 0x0; cat='C:\WINDOWS\system32\CatRoot\{F750E6C3-38EE-11D1-85E5-00C04FC295EE}\Microsoft-Windows-Client-Desktop-Required-Package0012~31bf3856ad364e35~amd64~~10.0.26100.8524.cat'; file='\Device\HarddiskVolume3\Windows\System32\wbem\fastprox.dll'
1a6c.532c: supR3HardNtViCallWinVerifyTrustCatFile -> 0 (org 22900)
1a6c.532c: supR3HardenedWinVerifyCacheScheduleImports: Import todo: #0 'msvcrt.dll'.
1a6c.532c: supR3HardenedWinVerifyCacheScheduleImports: Import todo: #20 'wbemcomn.dll'.
1a6c.532c: supHardenedWinVerifyImageByHandle: -> 0 (\Device\HarddiskVolume3\Windows\System32\wbem\fastprox.dll) WinVerifyTrust
1a6c.532c: supR3HardenedWinVerifyCacheInsert: \Device\HarddiskVolume3\Windows\System32\wbem\fastprox.dll
1a6c.532c: supR3HardenedWinVerifyCacheProcessImportTodos: Processing 'wbemcomn.dll'...
1a6c.532c: supR3HardenedWinVerifyCacheProcessImportTodos: 'wbemcomn.dll' -> '\Device\HarddiskVolume3\Windows\System32\wbemcomn.dll' [rcNtRedir=0xc0150008]
1a6c.532c: supR3HardenedScreenImage/Imports: cache hit (VINF_SUCCESS) on \Device\HarddiskVolume3\Windows\System32\wbemcomn.dll
1a6c.532c: supR3HardenedWinVerifyCacheProcessImportTodos: Processing 'msvcrt.dll'...
1a6c.532c: supR3HardenedWinVerifyCacheProcessImportTodos: 'msvcrt.dll' -> '\Device\HarddiskVolume3\Windows\System32\msvcrt.dll' [rcNtRedir=0xc0150008]
1a6c.532c: supR3HardenedMonitor_LdrLoadDll: pName=C:\WINDOWS\system32\wbem\fastprox.dll (rcNtResolve=0xc0150008) *pfFlags=0x0 pwszSearchPath=0000000000002009:<flags> [calling]
1a6c.532c: supR3HardenedScreenImage/NtCreateSection: cache hit (VINF_SUCCESS) on \Device\HarddiskVolume3\Windows\System32\wbem\fastprox.dll
1a6c.532c: supR3HardenedDllNotificationCallback: load   00007fff7b860000 LB 0x000f3000 C:\WINDOWS\system32\wbem\fastprox.dll [fFlags=0x0]
1a6c.532c: supR3HardenedScreenImage/LdrLoadDll: cache hit (VINF_SUCCESS) on \Device\HarddiskVolume3\Windows\System32\wbem\fastprox.dll
1a6c.532c: supR3HardenedMonitor_LdrLoadDll: returns rcNt=0x0 hMod=00007fff7b860000 'C:\WINDOWS\system32\wbem\fastprox.dll'
1a6c.532c: supR3HardNtViCallWinVerifyTrustCatFile: hFile=0000000000000e50 pwszName=\Device\HarddiskVolume3\Windows\System32\amsi.dll
1a6c.532c: supR3HardNtViCallWinVerifyTrustCatFile: Cached context 0000029b681ab360
1a6c.532c: supR3HardNtViCallWinVerifyTrustCatFile: hCatAdmin=0000029b681ab360
1a6c.532c: supR3HardNtViCallWinVerifyTrustCatFile: cbHash=20 wszDigest=184D676080373693A88754BAB4C700D01D774483
1a6c.532c: supR3HardenedMonitor_LdrLoadDll: returns rcNt=0x0 hMod=00007fff9c300000 'C:\WINDOWS\system32\rsaenh.dll'
1a6c.532c: supR3HardenedMonitor_LdrLoadDll: returns rcNt=0x0 hMod=00007fff9db90000 'C:\WINDOWS\System32\crypt32.dll'
1a6c.532c: supR3HardNtViCallWinVerifyTrustCatFile: WinVerifyTrust => 0x0; cat='C:\WINDOWS\system32\CatRoot\{F750E6C3-38EE-11D1-85E5-00C04FC295EE}\Microsoft-Windows-Client-Desktop-Required-Package04~31bf3856ad364e35~amd64~~10.0.26100.8524.cat'; file='\Device\HarddiskVolume3\Windows\System32\amsi.dll'
1a6c.532c: supR3HardNtViCallWinVerifyTrustCatFile -> 0 (org 22900)
1a6c.532c: supR3HardenedWinVerifyCacheScheduleImports: Import todo: #0 'msvcrt.dll'.
1a6c.532c: supR3HardenedWinVerifyCacheScheduleImports: Import todo: #15 'rpcrt4.dll'.
1a6c.532c: supHardenedWinVerifyImageByHandle: -> 0 (\Device\HarddiskVolume3\Windows\System32\amsi.dll) WinVerifyTrust
1a6c.532c: supR3HardenedWinVerifyCacheInsert: \Device\HarddiskVolume3\Windows\System32\amsi.dll
1a6c.532c: supR3HardenedWinVerifyCacheProcessImportTodos: Processing 'rpcrt4.dll'...
1a6c.532c: supR3HardenedWinVerifyCacheProcessImportTodos: 'rpcrt4.dll' -> '\Device\HarddiskVolume3\Windows\System32\rpcrt4.dll' [rcNtRedir=0xc0150008]
1a6c.532c: supR3HardenedWinVerifyCacheProcessImportTodos: Processing 'msvcrt.dll'...
1a6c.532c: supR3HardenedWinVerifyCacheProcessImportTodos: 'msvcrt.dll' -> '\Device\HarddiskVolume3\Windows\System32\msvcrt.dll' [rcNtRedir=0xc0150008]
1a6c.532c: supR3HardenedMonitor_LdrLoadDll: pName=C:\WINDOWS\System32\amsi.dll (Input=amsi.dll, rcNtResolve=0xc0150008) *pfFlags=0x0 pwszSearchPath=0000000000000801:<flags> [calling]
1a6c.532c: supR3HardenedScreenImage/NtCreateSection: cache hit (VINF_SUCCESS) on \Device\HarddiskVolume3\Windows\System32\amsi.dll
1a6c.532c: supR3HardenedDllNotificationCallback: load   00007fff7b6a0000 LB 0x0001d000 C:\WINDOWS\System32\amsi.dll [fFlags=0x0]
1a6c.532c: supR3HardenedScreenImage/LdrLoadDll: cache hit (VINF_SUCCESS) on \Device\HarddiskVolume3\Windows\System32\amsi.dll
1a6c.532c: supR3HardenedMonitor_LdrLoadDll: returns rcNt=0x0 hMod=00007fff7b6a0000 'C:\WINDOWS\System32\amsi.dll'
1a6c.532c: supR3HardenedMonitor_LdrLoadDll: returns rcNt=0x0 hMod=00007fff9c300000 'C:\WINDOWS\system32\rsaenh.dll'
1a6c.532c: supR3HardenedScreenImage/LdrLoadDll: cache hit (VINF_SUCCESS) on \Device\HarddiskVolume3\Windows\System32\crypt32.dll
1a6c.532c: supR3HardenedMonitor_LdrLoadDll: pName=C:\WINDOWS\System32\crypt32.dll (Input=crypt32.dll, rcNtResolve=0xc0150008) *pfFlags=0x0 pwszSearchPath=0000000000000001:<flags> [calling]
1a6c.532c: supR3HardenedMonitor_LdrLoadDll: returns rcNt=0x0 hMod=00007fff9db90000 'C:\WINDOWS\System32\crypt32.dll'
1a6c.532c: supR3HardenedWinVerifyCacheScheduleImports: Import todo: #2 'advapi32.dll'.
1a6c.532c: supR3HardenedWinVerifyCacheScheduleImports: Import todo: #3 'oleaut32.dll'.
1a6c.532c: supR3HardenedWinVerifyCacheScheduleImports: Import todo: #4 'ole32.dll'.
1a6c.532c: supHardenedWinVerifyImageByHandle: -> 0 (\Device\HarddiskVolume3\ProgramData\Microsoft\Windows Defender\Platform\4.18.26040.7-0\MpOAV.dll) WinVerifyTrust
1a6c.532c: supR3HardenedWinVerifyCacheInsert: \Device\HarddiskVolume3\ProgramData\Microsoft\Windows Defender\Platform\4.18.26040.7-0\MpOAV.dll
1a6c.532c: supR3HardenedWinVerifyCacheProcessImportTodos: Processing 'ole32.dll'...
1a6c.532c: supR3HardenedWinVerifyCacheProcessImportTodos: 'ole32.dll' -> '\Device\HarddiskVolume3\Windows\System32\ole32.dll' [rcNtRedir=0xc0150008]
1a6c.532c: supR3HardenedWinVerifyCacheProcessImportTodos: Processing 'oleaut32.dll'...
1a6c.532c: supR3HardenedWinVerifyCacheProcessImportTodos: 'oleaut32.dll' -> '\Device\HarddiskVolume3\Windows\System32\oleaut32.dll' [rcNtRedir=0xc0150008]
1a6c.532c: supR3HardenedWinVerifyCacheProcessImportTodos: Processing 'advapi32.dll'...
1a6c.532c: supR3HardenedWinVerifyCacheProcessImportTodos: 'advapi32.dll' -> '\Device\HarddiskVolume3\Windows\System32\advapi32.dll' [rcNtRedir=0xc0150008]
1a6c.532c: supR3HardenedMonitor_LdrLoadDll: pName=C:\ProgramData\Microsoft\Windows Defender\Platform\4.18.26040.7-0\MpOav.dll (rcNtResolve=0xc0150008) *pfFlags=0x0 pwszSearchPath=0000000000000001:<flags> [calling]
1a6c.532c: supR3HardenedScreenImage/NtCreateSection: cache hit (VINF_SUCCESS) on \Device\HarddiskVolume3\ProgramData\Microsoft\Windows Defender\Platform\4.18.26040.7-0\MpOAV.dll
1a6c.532c: supR3HardenedDllNotificationCallback: load   00007fff7b5f0000 LB 0x000a3000 C:\ProgramData\Microsoft\Windows Defender\Platform\4.18.26040.7-0\MpOav.dll [fFlags=0x0]
1a6c.532c: supR3HardenedScreenImage/LdrLoadDll: cache hit (VINF_SUCCESS) on \Device\HarddiskVolume3\ProgramData\Microsoft\Windows Defender\Platform\4.18.26040.7-0\MpOAV.dll
1a6c.532c: supR3HardenedIsApiSetDll: ApiSetQueryApiSetPresence(api-ms-win-core-synch-l1-2-0) -> 0x0, fPresent=1
1a6c.532c: supR3HardenedMonitor_LdrLoadDll: pName=api-ms-win-core-synch-l1-2-0 (rcNtResolve=0x0) *pfFlags=0x0 pwszSearchPath=0000000000000801:<flags> [calling]
1a6c.532c: supR3HardenedMonitor_LdrLoadDll: returns rcNt=0x0 hMod=00007fff9dd10000 'api-ms-win-core-synch-l1-2-0'
1a6c.532c: supR3HardenedIsApiSetDll: ApiSetQueryApiSetPresence(api-ms-win-core-fibers-l1-1-1) -> 0x0, fPresent=1
1a6c.532c: supR3HardenedMonitor_LdrLoadDll: pName=api-ms-win-core-fibers-l1-1-1 (rcNtResolve=0x0) *pfFlags=0x0 pwszSearchPath=0000000000000801:<flags> [calling]
1a6c.532c: supR3HardenedMonitor_LdrLoadDll: returns rcNt=0x0 hMod=00007fff9dd10000 'api-ms-win-core-fibers-l1-1-1'
1a6c.532c: supR3HardenedIsApiSetDll: ApiSetQueryApiSetPresence(api-ms-win-core-fibers-l1-1-2) -> 0x0, fPresent=1
1a6c.532c: supR3HardenedMonitor_LdrLoadDll: pName=api-ms-win-core-fibers-l1-1-2 (rcNtResolve=0x0) *pfFlags=0x0 pwszSearchPath=0000000000000801:<flags> [calling]
1a6c.532c: supR3HardenedMonitor_LdrLoadDll: returns rcNt=0x0 hMod=00007fff9dd10000 'api-ms-win-core-fibers-l1-1-2'
1a6c.532c: supR3HardenedScreenImage/LdrLoadDll: cache hit (VINF_SUCCESS) on \Device\HarddiskVolume3\Windows\System32\kernel32.dll
1a6c.532c: supR3HardenedMonitor_LdrLoadDll: pName=C:\WINDOWS\System32\kernel32.dll (Input=kernel32, rcNtResolve=0xc0150008) *pfFlags=0x0 pwszSearchPath=0000000000000801:<flags> [calling]
1a6c.532c: supR3HardenedMonitor_LdrLoadDll: returns rcNt=0x0 hMod=00007fff9f670000 'C:\WINDOWS\System32\kernel32.dll'
1a6c.532c: supR3HardenedScreenImage/LdrLoadDll: cache hit (VINF_SUCCESS) on \Device\HarddiskVolume3\Windows\System32\version.dll
1a6c.532c: supR3HardenedMonitor_LdrLoadDll: pName=C:\WINDOWS\system32\version.dll (rcNtResolve=0xc0150008) *pfFlags=0x0 pwszSearchPath=0000000000000009:<flags> [calling]
1a6c.532c: supR3HardenedMonitor_LdrLoadDll: returns rcNt=0x0 hMod=00007fff83540000 'C:\WINDOWS\system32\version.dll'
1a6c.532c: supR3HardenedMonitor_LdrLoadDll: returns rcNt=0x0 hMod=00007fff7b5f0000 'C:\ProgramData\Microsoft\Windows Defender\Platform\4.18.26040.7-0\MpOav.dll'
1a6c.5008: supR3HardenedMonitor_LdrLoadDll: returns rcNt=0x0 hMod=00007fff9e3e0000 'C:\WINDOWS\system32\ole32.dll'
1a6c.5008: supR3HardenedMonitor_LdrLoadDll: returns rcNt=0x0 hMod=00007fff9c300000 'C:\WINDOWS\system32\rsaenh.dll'
1a6c.5008: supR3HardenedMonitor_LdrLoadDll: returns rcNt=0x0 hMod=00007fff9db90000 'C:\WINDOWS\System32\crypt32.dll'
1a6c.1da4: supR3HardenedMonitor_LdrLoadDll: returns rcNt=0x0 hMod=00007fff9c300000 'C:\WINDOWS\system32\rsaenh.dll'
1a6c.1da4: supR3HardenedMonitor_LdrLoadDll: returns rcNt=0x0 hMod=00007fff9db90000 'C:\WINDOWS\System32\crypt32.dll'
1a6c.1da4: supR3HardenedWinVerifyCacheScheduleImports: Import todo: #0 'vboxrt.dll'.
1a6c.1da4: supR3HardenedWinVerifyCacheScheduleImports: Import todo: #3 'user32.dll'.
1a6c.1da4: supR3HardenedWinVerifyCacheScheduleImports: Import todo: #4 'shell32.dll'.
1a6c.1da4: supR3HardenedWinVerifyCacheScheduleImports: Import todo: #5 'ole32.dll'.
1a6c.1da4: supR3HardenedWinVerifyCacheScheduleImports: Import todo: #6 'vcruntime140.dll'.
1a6c.1da4: supR3HardenedWinVerifyCacheScheduleImports: Import todo: #7 'vcruntime140_1.dll'.
1a6c.1da4: supR3HardenedWinVerifyCacheScheduleImports: Import todo: #8 'msvcp140.dll'.
1a6c.1da4: supHardenedWinVerifyImageByHandle: -> 0 (\Device\HarddiskVolume3\Program Files\Oracle\VirtualBox\VBoxSharedClipboard.dll) WinVerifyTrust
1a6c.1da4: supR3HardenedWinVerifyCacheInsert: \Device\HarddiskVolume3\Program Files\Oracle\VirtualBox\VBoxSharedClipboard.dll
1a6c.1da4: supR3HardenedWinVerifyCacheProcessImportTodos: Processing 'msvcp140.dll'...
1a6c.1da4: supR3HardenedWinVerifyCacheProcessImportTodos: 'msvcp140.dll' -> '\Device\HarddiskVolume3\Windows\System32\msvcp140.dll' [rcNtRedir=0xc0150008]
1a6c.1da4: supR3HardenedScreenImage/Imports: cache hit (VINF_SUCCESS) on \Device\HarddiskVolume3\Windows\System32\msvcp140.dll
1a6c.1da4: supR3HardenedWinVerifyCacheProcessImportTodos: Processing 'vcruntime140_1.dll'...
1a6c.1da4: supR3HardenedWinVerifyCacheProcessImportTodos: 'vcruntime140_1.dll' -> '\Device\HarddiskVolume3\Windows\System32\vcruntime140_1.dll' [rcNtRedir=0xc0150008]
1a6c.1da4: supR3HardenedWinVerifyCacheProcessImportTodos: Processing 'vcruntime140.dll'...
1a6c.1da4: supR3HardenedWinVerifyCacheProcessImportTodos: 'vcruntime140.dll' -> '\Device\HarddiskVolume3\Windows\System32\vcruntime140.dll' [rcNtRedir=0xc0150008]
1a6c.1da4: supR3HardenedWinVerifyCacheProcessImportTodos: Processing 'ole32.dll'...
1a6c.1da4: supR3HardenedWinVerifyCacheProcessImportTodos: 'ole32.dll' -> '\Device\HarddiskVolume3\Windows\System32\ole32.dll' [rcNtRedir=0xc0150008]
1a6c.1da4: supR3HardenedWinVerifyCacheProcessImportTodos: Processing 'shell32.dll'...
1a6c.1da4: supR3HardenedWinVerifyCacheProcessImportTodos: 'shell32.dll' -> '\Device\HarddiskVolume3\Windows\System32\shell32.dll' [rcNtRedir=0xc0150008]
1a6c.1da4: supR3HardenedWinVerifyCacheProcessImportTodos: Processing 'user32.dll'...
1a6c.1da4: supR3HardenedWinVerifyCacheProcessImportTodos: 'user32.dll' -> '\Device\HarddiskVolume3\Windows\System32\user32.dll' [rcNtRedir=0xc0150008]
1a6c.1da4: supR3HardenedWinVerifyCacheProcessImportTodos: Processing 'vboxrt.dll'...
1a6c.1da4: supR3HardenedWinVerifyCacheProcessImportTodos: 'vboxrt.dll' -> '\Device\HarddiskVolume3\Program Files\Oracle\VirtualBox\vboxrt.dll' [rcNtRedir=0xc0150008]
1a6c.1da4: supR3HardenedMonitor_LdrLoadDll: pName=C:\Program Files\Oracle\VirtualBox\VBoxSharedClipboard.DLL (rcNtResolve=0xc0150008) *pfFlags=0x0 pwszSearchPath=0000000000000001:<flags> [calling]
1a6c.1da4: supR3HardenedScreenImage/NtCreateSection: cache hit (VINF_SUCCESS) on \Device\HarddiskVolume3\Program Files\Oracle\VirtualBox\VBoxSharedClipboard.dll
1a6c.1da4: supR3HardenedDllNotificationCallback: load   00007fff925f0000 LB 0x00022000 C:\Program Files\Oracle\VirtualBox\VBoxSharedClipboard.DLL [fFlags=0x0]
1a6c.1da4: supR3HardenedScreenImage/LdrLoadDll: cache hit (VINF_SUCCESS) on \Device\HarddiskVolume3\Program Files\Oracle\VirtualBox\VBoxSharedClipboard.dll
1a6c.1da4: supR3HardenedMonitor_LdrLoadDll: returns rcNt=0x0 hMod=00007fff925f0000 'C:\Program Files\Oracle\VirtualBox\VBoxSharedClipboard.DLL'
1a6c.30fc: supR3HardenedMonitor_LdrLoadDll: returns rcNt=0x0 hMod=00007fff9c300000 'C:\WINDOWS\system32\rsaenh.dll'
1a6c.30fc: supR3HardenedMonitor_LdrLoadDll: returns rcNt=0x0 hMod=00007fff9db90000 'C:\WINDOWS\System32\crypt32.dll'
1a6c.30fc: supR3HardenedWinVerifyCacheScheduleImports: Import todo: #0 'vboxrt.dll'.
1a6c.30fc: supR3HardenedWinVerifyCacheScheduleImports: Import todo: #2 'vcruntime140.dll'.
1a6c.30fc: supR3HardenedWinVerifyCacheScheduleImports: Import todo: #3 'vcruntime140_1.dll'.
1a6c.30fc: supR3HardenedWinVerifyCacheScheduleImports: Import todo: #4 'msvcp140.dll'.
1a6c.30fc: supHardenedWinVerifyImageByHandle: -> 0 (\Device\HarddiskVolume3\Program Files\Oracle\VirtualBox\VBoxDragAndDropSvc.dll) WinVerifyTrust
1a6c.30fc: supR3HardenedWinVerifyCacheInsert: \Device\HarddiskVolume3\Program Files\Oracle\VirtualBox\VBoxDragAndDropSvc.dll
1a6c.30fc: supR3HardenedWinVerifyCacheProcessImportTodos: Processing 'msvcp140.dll'...
1a6c.30fc: supR3HardenedWinVerifyCacheProcessImportTodos: 'msvcp140.dll' -> '\Device\HarddiskVolume3\Windows\System32\msvcp140.dll' [rcNtRedir=0xc0150008]
1a6c.30fc: supR3HardenedWinVerifyCacheProcessImportTodos: Processing 'vcruntime140_1.dll'...
1a6c.30fc: supR3HardenedWinVerifyCacheProcessImportTodos: 'vcruntime140_1.dll' -> '\Device\HarddiskVolume3\Windows\System32\vcruntime140_1.dll' [rcNtRedir=0xc0150008]
1a6c.30fc: supR3HardenedScreenImage/Imports: cache hit (VINF_SUCCESS) on \Device\HarddiskVolume3\Windows\System32\vcruntime140_1.dll
1a6c.30fc: supR3HardenedWinVerifyCacheProcessImportTodos: Processing 'vcruntime140.dll'...
1a6c.30fc: supR3HardenedWinVerifyCacheProcessImportTodos: 'vcruntime140.dll' -> '\Device\HarddiskVolume3\Windows\System32\vcruntime140.dll' [rcNtRedir=0xc0150008]
1a6c.30fc: supR3HardenedWinVerifyCacheProcessImportTodos: Processing 'vboxrt.dll'...
1a6c.30fc: supR3HardenedWinVerifyCacheProcessImportTodos: 'vboxrt.dll' -> '\Device\HarddiskVolume3\Program Files\Oracle\VirtualBox\vboxrt.dll' [rcNtRedir=0xc0150008]
1a6c.30fc: supR3HardenedMonitor_LdrLoadDll: pName=C:\Program Files\Oracle\VirtualBox\VBoxDragAndDropSvc.DLL (rcNtResolve=0xc0150008) *pfFlags=0x0 pwszSearchPath=0000000000000001:<flags> [calling]
1a6c.30fc: supR3HardenedScreenImage/NtCreateSection: cache hit (VINF_SUCCESS) on \Device\HarddiskVolume3\Program Files\Oracle\VirtualBox\VBoxDragAndDropSvc.dll
1a6c.30fc: supR3HardenedDllNotificationCallback: load   00007fff97390000 LB 0x0000d000 C:\Program Files\Oracle\VirtualBox\VBoxDragAndDropSvc.DLL [fFlags=0x0]
1a6c.30fc: supR3HardenedScreenImage/LdrLoadDll: cache hit (VINF_SUCCESS) on \Device\HarddiskVolume3\Program Files\Oracle\VirtualBox\VBoxDragAndDropSvc.dll
1a6c.30fc: supR3HardenedMonitor_LdrLoadDll: returns rcNt=0x0 hMod=00007fff97390000 'C:\Program Files\Oracle\VirtualBox\VBoxDragAndDropSvc.DLL'
1a6c.5008: supR3HardenedMonitor_LdrLoadDll: returns rcNt=0x0 hMod=00007fff9fbd0000 'C:\WINDOWS\system32\Shell32.dll'
1a6c.5008: supR3HardNtViCallWinVerifyTrustCatFile: hFile=0000000000001160 pwszName=\Device\HarddiskVolume3\Windows\System32\WinHvPlatform.dll
1a6c.5008: supR3HardNtViCallWinVerifyTrustCatFile: Cached context 0000029b681ab360
1a6c.5008: supR3HardNtViCallWinVerifyTrustCatFile: hCatAdmin=0000029b681ab360
1a6c.5008: supR3HardNtViCallWinVerifyTrustCatFile: cbHash=20 wszDigest=57150CD8C0A962C175C22BC276914A70FE7E4E15
1a6c.5008: supR3HardenedMonitor_LdrLoadDll: returns rcNt=0x0 hMod=00007fff9c300000 'C:\WINDOWS\system32\rsaenh.dll'
1a6c.5008: supR3HardenedMonitor_LdrLoadDll: returns rcNt=0x0 hMod=00007fff9db90000 'C:\WINDOWS\System32\crypt32.dll'
1a6c.5008: supR3HardNtViCallWinVerifyTrustCatFile: WinVerifyTrust => 0x0; cat='C:\WINDOWS\system32\CatRoot\{F750E6C3-38EE-11D1-85E5-00C04FC295EE}\Microsoft-Windows-Client-Features-Package~31bf3856ad364e35~amd64~~10.0.26100.8524.cat'; file='\Device\HarddiskVolume3\Windows\System32\WinHvPlatform.dll'
1a6c.5008: supR3HardNtViCallWinVerifyTrustCatFile -> 0 (org 22900)
1a6c.5008: supR3HardenedWinVerifyCacheScheduleImports: Import todo: #27 'devobj.dll'.
1a6c.5008: supHardenedWinVerifyImageByHandle: -> 0 (\Device\HarddiskVolume3\Windows\System32\WinHvPlatform.dll) WinVerifyTrust
1a6c.5008: supR3HardenedWinVerifyCacheInsert: \Device\HarddiskVolume3\Windows\System32\WinHvPlatform.dll
1a6c.5008: supR3HardenedWinVerifyCacheProcessImportTodos: Processing 'devobj.dll'...
1a6c.5008: supR3HardenedWinVerifyCacheProcessImportTodos: 'devobj.dll' -> '\Device\HarddiskVolume3\Windows\System32\devobj.dll' [rcNtRedir=0xc0150008]
1a6c.5008: supR3HardenedScreenImage/Imports: cache hit (VINF_SUCCESS) on \Device\HarddiskVolume3\Windows\System32\devobj.dll
1a6c.5008: supR3HardenedMonitor_LdrLoadDll: pName=C:\WINDOWS\system32\WinHvPlatform.dll (rcNtResolve=0xc0150008) *pfFlags=0x0 pwszSearchPath=0000000000000001:<flags> [calling]
1a6c.5008: supR3HardenedScreenImage/NtCreateSection: cache hit (VINF_SUCCESS) on \Device\HarddiskVolume3\Windows\System32\WinHvPlatform.dll
1a6c.5008: supR3HardenedDllNotificationCallback: load   00007fff8b1f0000 LB 0x00060000 C:\WINDOWS\system32\WinHvPlatform.dll [fFlags=0x0]
1a6c.5008: supR3HardenedScreenImage/LdrLoadDll: cache hit (VINF_SUCCESS) on \Device\HarddiskVolume3\Windows\System32\WinHvPlatform.dll
1a6c.5008: supR3HardenedMonitor_LdrLoadDll: returns rcNt=0x0 hMod=00007fff8b1f0000 'C:\WINDOWS\system32\WinHvPlatform.dll'
1a6c.5008: supR3HardenedScreenImage/LdrLoadDll: cache hit (VINF_SUCCESS) on \Device\HarddiskVolume3\Windows\System32\rsaenh.dll
1a6c.5008: supR3HardenedMonitor_LdrLoadDll: pName=C:\WINDOWS\system32\rsaenh.dll (rcNtResolve=0xc0150008) *pfFlags=0x0 pwszSearchPath=0000000000000001:<flags> [calling]
1a6c.5008: supR3HardenedMonitor_LdrLoadDll: returns rcNt=0x0 hMod=00007fff9c300000 'C:\WINDOWS\system32\rsaenh.dll'
1a6c.5008: supR3HardenedMonitor_LdrLoadDll: returns rcNt=0x0 hMod=00007fff9db90000 'C:\WINDOWS\System32\crypt32.dll'
1a6c.5008: supHardenedWinVerifyImageByHandle: -> 0 (\Device\HarddiskVolume3\Windows\System32\vid.dll) WinVerifyTrust
1a6c.5008: supR3HardenedWinVerifyCacheInsert: \Device\HarddiskVolume3\Windows\System32\vid.dll
1a6c.5008: supR3HardenedMonitor_LdrLoadDll: pName=C:\WINDOWS\system32\vid.dll (rcNtResolve=0xc0150008) *pfFlags=0x0 pwszSearchPath=0000000000000001:<flags> [calling]
1a6c.5008: supR3HardenedScreenImage/NtCreateSection: cache hit (VINF_SUCCESS) on \Device\HarddiskVolume3\Windows\System32\vid.dll
1a6c.5008: supR3HardenedDllNotificationCallback: load   00007fff51ed0000 LB 0x0003e000 C:\WINDOWS\system32\vid.dll [fFlags=0x0]
1a6c.5008: supR3HardenedScreenImage/LdrLoadDll: cache hit (VINF_SUCCESS) on \Device\HarddiskVolume3\Windows\System32\vid.dll
1a6c.5008: supR3HardenedMonitor_LdrLoadDll: returns rcNt=0x0 hMod=00007fff51ed0000 'C:\WINDOWS\system32\vid.dll'
1a6c.5008: supR3HardenedMonitor_LdrLoadDll: returns rcNt=0x0 hMod=00007fff9c300000 'C:\WINDOWS\system32\rsaenh.dll'
1a6c.5008: supR3HardenedMonitor_LdrLoadDll: returns rcNt=0x0 hMod=00007fff9db90000 'C:\WINDOWS\System32\crypt32.dll'
1a6c.5008: '\Device\HarddiskVolume3\Windows\System32\ntdll.dll' has no imports
1a6c.5008: supHardenedWinVerifyImageByHandle: -> 0 (\Device\HarddiskVolume3\Windows\System32\ntdll.dll) WinVerifyTrust
1a6c.5008: supR3HardenedWinVerifyCacheInsert: \Device\HarddiskVolume3\Windows\System32\ntdll.dll
1a6c.5008: supR3HardenedMonitor_LdrLoadDll: pName=C:\WINDOWS\system32\NTDLL.DLL (rcNtResolve=0xc0150008) *pfFlags=0x0 pwszSearchPath=0000000000000001:<flags> [calling]
1a6c.5008: supR3HardenedMonitor_LdrLoadDll: returns rcNt=0x0 hMod=00007fffa03a0000 'C:\WINDOWS\system32\NTDLL.DLL'
1a6c.5008: supR3HardenedMonitor_LdrLoadDll: returns rcNt=0x0 hMod=00007fff9c300000 'C:\WINDOWS\system32\rsaenh.dll'
1a6c.5008: supR3HardenedMonitor_LdrLoadDll: returns rcNt=0x0 hMod=00007fff9db90000 'C:\WINDOWS\System32\crypt32.dll'
1a6c.5008: supR3HardenedMonitor_LdrLoadDll: returns rcNt=0x0 hMod=00007fff9c300000 'C:\WINDOWS\system32\rsaenh.dll'
1a6c.5008: supR3HardenedMonitor_LdrLoadDll: returns rcNt=0x0 hMod=00007fff9db90000 'C:\WINDOWS\System32\crypt32.dll'
1a6c.5008: supR3HardenedWinVerifyCacheScheduleImports: Import todo: #0 'vboxrt.dll'.
1a6c.5008: supR3HardenedWinVerifyCacheScheduleImports: Import todo: #1 'vboxddu.dll'.
1a6c.5008: supR3HardenedWinVerifyCacheScheduleImports: Import todo: #2 'vboxdd2.dll'.
1a6c.5008: supR3HardenedWinVerifyCacheScheduleImports: Import todo: #4 'user32.dll'.
1a6c.5008: supR3HardenedWinVerifyCacheScheduleImports: Import todo: #5 'setupapi.dll'.
1a6c.5008: supR3HardenedWinVerifyCacheScheduleImports: Import todo: #6 'ws2_32.dll'.
1a6c.5008: supR3HardenedWinVerifyCacheScheduleImports: Import todo: #7 'ole32.dll'.
1a6c.5008: supR3HardenedWinVerifyCacheScheduleImports: Import todo: #8 'oleaut32.dll'.
1a6c.5008: supR3HardenedWinVerifyCacheScheduleImports: Import todo: #9 'iphlpapi.dll'.
1a6c.5008: supR3HardenedWinVerifyCacheScheduleImports: Import todo: #21 'vcruntime140.dll'.
1a6c.5008: supR3HardenedWinVerifyCacheScheduleImports: Import todo: #22 'vcruntime140_1.dll'.
1a6c.5008: supHardenedWinVerifyImageByHandle: -> 0 (\Device\HarddiskVolume3\Program Files\Oracle\VirtualBox\VBoxDD.dll) WinVerifyTrust
1a6c.5008: supR3HardenedWinVerifyCacheInsert: \Device\HarddiskVolume3\Program Files\Oracle\VirtualBox\VBoxDD.dll
1a6c.5008: supR3HardenedWinVerifyCacheProcessImportTodos: Processing 'vcruntime140_1.dll'...
1a6c.5008: supR3HardenedWinVerifyCacheProcessImportTodos: 'vcruntime140_1.dll' -> '\Device\HarddiskVolume3\Windows\System32\vcruntime140_1.dll' [rcNtRedir=0xc0150008]
1a6c.5008: supR3HardenedWinVerifyCacheProcessImportTodos: Processing 'vcruntime140.dll'...
1a6c.5008: supR3HardenedWinVerifyCacheProcessImportTodos: 'vcruntime140.dll' -> '\Device\HarddiskVolume3\Windows\System32\vcruntime140.dll' [rcNtRedir=0xc0150008]
1a6c.5008: supR3HardenedWinVerifyCacheProcessImportTodos: Processing 'iphlpapi.dll'...
1a6c.5008: supR3HardenedWinVerifyCacheProcessImportTodos: 'iphlpapi.dll' -> '\Device\HarddiskVolume3\Windows\System32\iphlpapi.dll' [rcNtRedir=0xc0150008]
1a6c.5008: supR3HardenedMonitor_LdrLoadDll: returns rcNt=0x0 hMod=00007fff9c300000 'C:\WINDOWS\system32\rsaenh.dll'
1a6c.5008: supR3HardenedMonitor_LdrLoadDll: returns rcNt=0x0 hMod=00007fff9db90000 'C:\WINDOWS\System32\crypt32.dll'
1a6c.5008: supHardenedWinVerifyImageByHandle: -> 0 (\Device\HarddiskVolume3\Windows\System32\IPHLPAPI.DLL) WinVerifyTrust
1a6c.5008: supR3HardenedWinVerifyCacheInsert: \Device\HarddiskVolume3\Windows\System32\IPHLPAPI.DLL
1a6c.5008: supR3HardenedWinVerifyCacheProcessImportTodos: Processing 'oleaut32.dll'...
1a6c.5008: supR3HardenedWinVerifyCacheProcessImportTodos: 'oleaut32.dll' -> '\Device\HarddiskVolume3\Windows\System32\oleaut32.dll' [rcNtRedir=0xc0150008]
1a6c.5008: supR3HardenedWinVerifyCacheProcessImportTodos: Processing 'ole32.dll'...
1a6c.5008: supR3HardenedWinVerifyCacheProcessImportTodos: 'ole32.dll' -> '\Device\HarddiskVolume3\Windows\System32\ole32.dll' [rcNtRedir=0xc0150008]
1a6c.5008: supR3HardenedScreenImage/Imports: cache hit (VINF_SUCCESS) on \Device\HarddiskVolume3\Windows\System32\ole32.dll
1a6c.5008: supR3HardenedWinVerifyCacheProcessImportTodos: Processing 'ws2_32.dll'...
1a6c.5008: supR3HardenedWinVerifyCacheProcessImportTodos: 'ws2_32.dll' -> '\Device\HarddiskVolume3\Windows\System32\ws2_32.dll' [rcNtRedir=0xc0150008]
1a6c.5008: supR3HardenedScreenImage/Imports: cache hit (VINF_SUCCESS) on \Device\HarddiskVolume3\Windows\System32\ws2_32.dll
1a6c.5008: supR3HardenedWinVerifyCacheProcessImportTodos: Processing 'setupapi.dll'...
1a6c.5008: supR3HardenedWinVerifyCacheProcessImportTodos: 'setupapi.dll' -> '\Device\HarddiskVolume3\Windows\System32\setupapi.dll' [rcNtRedir=0xc0150008]
1a6c.5008: supR3HardenedScreenImage/Imports: cache hit (VINF_SUCCESS) on \Device\HarddiskVolume3\Windows\System32\setupapi.dll
1a6c.5008: supR3HardenedWinVerifyCacheProcessImportTodos: Processing 'user32.dll'...
1a6c.5008: supR3HardenedWinVerifyCacheProcessImportTodos: 'user32.dll' -> '\Device\HarddiskVolume3\Windows\System32\user32.dll' [rcNtRedir=0xc0150008]
1a6c.5008: supR3HardenedWinVerifyCacheProcessImportTodos: Processing 'vboxdd2.dll'...
1a6c.5008: supR3HardenedWinVerifyCacheProcessImportTodos: 'vboxdd2.dll' -> '\Device\HarddiskVolume3\Program Files\Oracle\VirtualBox\vboxdd2.dll' [rcNtRedir=0xc0150008]
1a6c.5008: supR3HardenedMonitor_LdrLoadDll: returns rcNt=0x0 hMod=00007fff9c300000 'C:\WINDOWS\system32\rsaenh.dll'
1a6c.5008: supR3HardenedMonitor_LdrLoadDll: returns rcNt=0x0 hMod=00007fff9db90000 'C:\WINDOWS\System32\crypt32.dll'
1a6c.5008: supR3HardenedWinVerifyCacheScheduleImports: Import todo: #0 'vboxrt.dll'.
1a6c.5008: supR3HardenedWinVerifyCacheScheduleImports: Import todo: #3 'vcruntime140.dll'.
1a6c.5008: supHardenedWinVerifyImageByHandle: -> 0 (\Device\HarddiskVolume3\Program Files\Oracle\VirtualBox\VBoxDD2.dll) WinVerifyTrust
1a6c.5008: supR3HardenedWinVerifyCacheInsert: \Device\HarddiskVolume3\Program Files\Oracle\VirtualBox\VBoxDD2.dll
1a6c.5008: supR3HardenedWinVerifyCacheProcessImportTodos: Processing 'vboxddu.dll'...
1a6c.5008: supR3HardenedWinVerifyCacheProcessImportTodos: 'vboxddu.dll' -> '\Device\HarddiskVolume3\Program Files\Oracle\VirtualBox\vboxddu.dll' [rcNtRedir=0xc0150008]
1a6c.5008: supR3HardenedWinVerifyCacheProcessImportTodos: Processing 'vcruntime140.dll'...
1a6c.5008: supR3HardenedWinVerifyCacheProcessImportTodos: 'vcruntime140.dll' -> '\Device\HarddiskVolume3\Windows\System32\vcruntime140.dll' [rcNtRedir=0xc0150008]
1a6c.5008: supR3HardenedWinVerifyCacheProcessImportTodos: Processing 'vboxrt.dll'...
1a6c.5008: supR3HardenedWinVerifyCacheProcessImportTodos: 'vboxrt.dll' -> '\Device\HarddiskVolume3\Program Files\Oracle\VirtualBox\vboxrt.dll' [rcNtRedir=0xc0150008]
1a6c.5008: supR3HardenedMonitor_LdrLoadDll: returns rcNt=0x0 hMod=00007fff9c300000 'C:\WINDOWS\system32\rsaenh.dll'
1a6c.5008: supR3HardenedMonitor_LdrLoadDll: returns rcNt=0x0 hMod=00007fff9db90000 'C:\WINDOWS\System32\crypt32.dll'
1a6c.5008: supR3HardenedWinVerifyCacheScheduleImports: Import todo: #0 'vboxrt.dll'.
1a6c.5008: supR3HardenedWinVerifyCacheScheduleImports: Import todo: #2 'user32.dll'.
1a6c.5008: supR3HardenedWinVerifyCacheScheduleImports: Import todo: #3 'setupapi.dll'.
1a6c.5008: supR3HardenedWinVerifyCacheScheduleImports: Import todo: #5 'vcruntime140.dll'.
1a6c.5008: supR3HardenedWinVerifyCacheScheduleImports: Import todo: #6 'advapi32.dll'.
1a6c.5008: supHardenedWinVerifyImageByHandle: -> 0 (\Device\HarddiskVolume3\Program Files\Oracle\VirtualBox\VBoxDDU.dll) WinVerifyTrust
1a6c.5008: supR3HardenedWinVerifyCacheInsert: \Device\HarddiskVolume3\Program Files\Oracle\VirtualBox\VBoxDDU.dll
1a6c.5008: supR3HardenedWinVerifyCacheProcessImportTodos: Processing 'vboxrt.dll'...
1a6c.5008: supR3HardenedWinVerifyCacheProcessImportTodos: 'vboxrt.dll' -> '\Device\HarddiskVolume3\Program Files\Oracle\VirtualBox\vboxrt.dll' [rcNtRedir=0xc0150008]
1a6c.5008: supR3HardenedWinVerifyCacheProcessImportTodos: Processing 'advapi32.dll'...
1a6c.5008: supR3HardenedWinVerifyCacheProcessImportTodos: 'advapi32.dll' -> '\Device\HarddiskVolume3\Windows\System32\advapi32.dll' [rcNtRedir=0xc0150008]
1a6c.5008: supR3HardenedScreenImage/Imports: cache hit (VINF_SUCCESS) on \Device\HarddiskVolume3\Windows\System32\advapi32.dll
1a6c.5008: supR3HardenedWinVerifyCacheProcessImportTodos: Processing 'vcruntime140.dll'...
1a6c.5008: supR3HardenedWinVerifyCacheProcessImportTodos: 'vcruntime140.dll' -> '\Device\HarddiskVolume3\Windows\System32\vcruntime140.dll' [rcNtRedir=0xc0150008]
1a6c.5008: supR3HardenedWinVerifyCacheProcessImportTodos: Processing 'setupapi.dll'...
1a6c.5008: supR3HardenedWinVerifyCacheProcessImportTodos: 'setupapi.dll' -> '\Device\HarddiskVolume3\Windows\System32\setupapi.dll' [rcNtRedir=0xc0150008]
1a6c.5008: supR3HardenedScreenImage/Imports: cache hit (VINF_SUCCESS) on \Device\HarddiskVolume3\Windows\System32\setupapi.dll
1a6c.5008: supR3HardenedWinVerifyCacheProcessImportTodos: Processing 'user32.dll'...
1a6c.5008: supR3HardenedWinVerifyCacheProcessImportTodos: 'user32.dll' -> '\Device\HarddiskVolume3\Windows\System32\user32.dll' [rcNtRedir=0xc0150008]
1a6c.5008: supR3HardenedWinVerifyCacheProcessImportTodos: Processing 'vboxrt.dll'...
1a6c.5008: supR3HardenedWinVerifyCacheProcessImportTodos: 'vboxrt.dll' -> '\Device\HarddiskVolume3\Program Files\Oracle\VirtualBox\vboxrt.dll' [rcNtRedir=0xc0150008]
1a6c.5008: supR3HardenedMonitor_LdrLoadDll: pName=C:\Program Files\Oracle\VirtualBox\VBoxDD.DLL (rcNtResolve=0xc0150008) *pfFlags=0x0 pwszSearchPath=0000000000000001:<flags> [calling]
1a6c.5008: supR3HardenedScreenImage/NtCreateSection: cache hit (VINF_SUCCESS) on \Device\HarddiskVolume3\Program Files\Oracle\VirtualBox\VBoxDD.dll
1a6c.5008: supR3HardenedScreenImage/NtCreateSection: cache hit (VINF_SUCCESS) on \Device\HarddiskVolume3\Program Files\Oracle\VirtualBox\VBoxDDU.dll
1a6c.5008: supR3HardenedScreenImage/NtCreateSection: cache hit (VINF_SUCCESS) on \Device\HarddiskVolume3\Program Files\Oracle\VirtualBox\VBoxDD2.dll
1a6c.5008: supR3HardenedScreenImage/NtCreateSection: cache hit (VINF_SUCCESS) on \Device\HarddiskVolume3\Windows\System32\IPHLPAPI.DLL
1a6c.5008: supR3HardenedDllNotificationCallback: load   00007fff8ae80000 LB 0x00075000 C:\Program Files\Oracle\VirtualBox\VBoxDDU.dll [fFlags=0x0]
1a6c.5008: supR3HardenedScreenImage/LdrLoadDll: cache hit (VINF_SUCCESS) on \Device\HarddiskVolume3\Program Files\Oracle\VirtualBox\VBoxDDU.dll
1a6c.5008: supR3HardenedDllNotificationCallback: load   00007fff07be0000 LB 0x00e5e000 C:\Program Files\Oracle\VirtualBox\VBoxDD2.dll [fFlags=0x0]
1a6c.5008: supR3HardenedScreenImage/LdrLoadDll: cache hit (VINF_SUCCESS) on \Device\HarddiskVolume3\Program Files\Oracle\VirtualBox\VBoxDD2.dll
1a6c.5008: supR3HardenedDllNotificationCallback: load   00007fff9bdd0000 LB 0x00033000 C:\WINDOWS\SYSTEM32\IPHLPAPI.DLL [fFlags=0x0]
1a6c.5008: supR3HardenedScreenImage/LdrLoadDll: cache hit (VINF_SUCCESS) on \Device\HarddiskVolume3\Windows\System32\IPHLPAPI.DLL
1a6c.5008: supR3HardenedDllNotificationCallback: load   00007fff08a40000 LB 0x00af7000 C:\Program Files\Oracle\VirtualBox\VBoxDD.DLL [fFlags=0x0]
1a6c.5008: supR3HardenedScreenImage/LdrLoadDll: cache hit (VINF_SUCCESS) on \Device\HarddiskVolume3\Program Files\Oracle\VirtualBox\VBoxDD.dll
1a6c.5008: supR3HardenedMonitor_LdrLoadDll: returns rcNt=0x0 hMod=00007fff08a40000 'C:\Program Files\Oracle\VirtualBox\VBoxDD.DLL'
1a6c.5008: supR3HardenedMonitor_LdrLoadDll: returns rcNt=0x0 hMod=00007fff9c300000 'C:\WINDOWS\system32\rsaenh.dll'
1a6c.5008: supR3HardenedMonitor_LdrLoadDll: returns rcNt=0x0 hMod=00007fff9db90000 'C:\WINDOWS\System32\crypt32.dll'
1a6c.5008: supR3HardenedScreenImage/LdrLoadDll: cache hit (VINF_SUCCESS) on \Device\HarddiskVolume3\Program Files\Oracle\VirtualBox\VBoxC.dll
1a6c.5008: supR3HardenedMonitor_LdrLoadDll: pName=C:\Program Files\Oracle\VirtualBox\VBoxC.DLL (rcNtResolve=0xc0150008) *pfFlags=0x0 pwszSearchPath=0000000000000001:<flags> [calling]
1a6c.5008: supR3HardenedMonitor_LdrLoadDll: returns rcNt=0x0 hMod=00007fff0a6f0000 'C:\Program Files\Oracle\VirtualBox\VBoxC.DLL'
1a6c.5008: supR3HardenedMonitor_LdrLoadDll: returns rcNt=0x0 hMod=00007fff9c300000 'C:\WINDOWS\system32\rsaenh.dll'
1a6c.5008: supR3HardenedMonitor_LdrLoadDll: returns rcNt=0x0 hMod=00007fff9db90000 'C:\WINDOWS\System32\crypt32.dll'
1a6c.5008: supR3HardenedScreenImage/LdrLoadDll: cache hit (VINF_SUCCESS) on \Device\HarddiskVolume3\Program Files\Oracle\VirtualBox\VBoxDD2.dll
1a6c.5008: supR3HardenedMonitor_LdrLoadDll: pName=C:\Program Files\Oracle\VirtualBox\VBoxDD2.DLL (rcNtResolve=0xc0150008) *pfFlags=0x0 pwszSearchPath=0000000000000001:<flags> [calling]
1a6c.5008: supR3HardenedMonitor_LdrLoadDll: returns rcNt=0x0 hMod=00007fff07be0000 'C:\Program Files\Oracle\VirtualBox\VBoxDD2.DLL'
1a6c.4de0: supR3HardenedMonitor_LdrLoadDll: returns rcNt=0x0 hMod=00007fff9c300000 'C:\WINDOWS\system32\rsaenh.dll'
1a6c.4de0: supR3HardenedMonitor_LdrLoadDll: returns rcNt=0x0 hMod=00007fff9db90000 'C:\WINDOWS\System32\crypt32.dll'
1a6c.4de0: supR3HardenedWinVerifyCacheScheduleImports: Import todo: #0 'vboxrt.dll'.
1a6c.4de0: supR3HardenedWinVerifyCacheScheduleImports: Import todo: #1 'vcruntime140.dll'.
1a6c.4de0: supHardenedWinVerifyImageByHandle: -> 0 (\Device\HarddiskVolume3\Program Files\Oracle\VirtualBox\VBoxSharedFolders.dll) WinVerifyTrust
1a6c.4de0: supR3HardenedWinVerifyCacheInsert: \Device\HarddiskVolume3\Program Files\Oracle\VirtualBox\VBoxSharedFolders.dll
1a6c.4de0: supR3HardenedWinVerifyCacheProcessImportTodos: Processing 'vcruntime140.dll'...
1a6c.4de0: supR3HardenedWinVerifyCacheProcessImportTodos: 'vcruntime140.dll' -> '\Device\HarddiskVolume3\Windows\System32\vcruntime140.dll' [rcNtRedir=0xc0150008]
1a6c.4de0: supR3HardenedWinVerifyCacheProcessImportTodos: Processing 'vboxrt.dll'...
1a6c.4de0: supR3HardenedWinVerifyCacheProcessImportTodos: 'vboxrt.dll' -> '\Device\HarddiskVolume3\Program Files\Oracle\VirtualBox\vboxrt.dll' [rcNtRedir=0xc0150008]
1a6c.4de0: supR3HardenedMonitor_LdrLoadDll: pName=C:\Program Files\Oracle\VirtualBox\VBoxSharedFolders.DLL (rcNtResolve=0xc0150008) *pfFlags=0x0 pwszSearchPath=0000000000000001:<flags> [calling]
1a6c.4de0: supR3HardenedScreenImage/NtCreateSection: cache hit (VINF_SUCCESS) on \Device\HarddiskVolume3\Program Files\Oracle\VirtualBox\VBoxSharedFolders.dll
1a6c.4de0: supR3HardenedDllNotificationCallback: load   00007fff91c70000 LB 0x00016000 C:\Program Files\Oracle\VirtualBox\VBoxSharedFolders.DLL [fFlags=0x0]
1a6c.4de0: supR3HardenedScreenImage/LdrLoadDll: cache hit (VINF_SUCCESS) on \Device\HarddiskVolume3\Program Files\Oracle\VirtualBox\VBoxSharedFolders.dll
1a6c.4de0: supR3HardenedMonitor_LdrLoadDll: returns rcNt=0x0 hMod=00007fff91c70000 'C:\Program Files\Oracle\VirtualBox\VBoxSharedFolders.DLL'
1a6c.4ad8: supR3HardenedMonitor_LdrLoadDll: returns rcNt=0x0 hMod=00007fff9c300000 'C:\WINDOWS\system32\rsaenh.dll'
1a6c.4ad8: supR3HardenedMonitor_LdrLoadDll: returns rcNt=0x0 hMod=00007fff9db90000 'C:\WINDOWS\System32\crypt32.dll'
1a6c.4ad8: supR3HardenedWinVerifyCacheScheduleImports: Import todo: #0 'vboxrt.dll'.
1a6c.4ad8: supR3HardenedWinVerifyCacheScheduleImports: Import todo: #2 'vcruntime140.dll'.
1a6c.4ad8: supR3HardenedWinVerifyCacheScheduleImports: Import todo: #3 'vcruntime140_1.dll'.
1a6c.4ad8: supR3HardenedWinVerifyCacheScheduleImports: Import todo: #4 'msvcp140.dll'.
1a6c.4ad8: supHardenedWinVerifyImageByHandle: -> 0 (\Device\HarddiskVolume3\Program Files\Oracle\VirtualBox\VBoxGuestControlSvc.dll) WinVerifyTrust
1a6c.4ad8: supR3HardenedWinVerifyCacheInsert: \Device\HarddiskVolume3\Program Files\Oracle\VirtualBox\VBoxGuestControlSvc.dll
1a6c.4ad8: supR3HardenedWinVerifyCacheProcessImportTodos: Processing 'msvcp140.dll'...
1a6c.4ad8: supR3HardenedWinVerifyCacheProcessImportTodos: 'msvcp140.dll' -> '\Device\HarddiskVolume3\Windows\System32\msvcp140.dll' [rcNtRedir=0xc0150008]
1a6c.4ad8: supR3HardenedWinVerifyCacheProcessImportTodos: Processing 'vcruntime140_1.dll'...
1a6c.4ad8: supR3HardenedWinVerifyCacheProcessImportTodos: 'vcruntime140_1.dll' -> '\Device\HarddiskVolume3\Windows\System32\vcruntime140_1.dll' [rcNtRedir=0xc0150008]
1a6c.4ad8: supR3HardenedWinVerifyCacheProcessImportTodos: Processing 'vcruntime140.dll'...
1a6c.4ad8: supR3HardenedWinVerifyCacheProcessImportTodos: 'vcruntime140.dll' -> '\Device\HarddiskVolume3\Windows\System32\vcruntime140.dll' [rcNtRedir=0xc0150008]
1a6c.4ad8: supR3HardenedWinVerifyCacheProcessImportTodos: Processing 'vboxrt.dll'...
1a6c.4ad8: supR3HardenedWinVerifyCacheProcessImportTodos: 'vboxrt.dll' -> '\Device\HarddiskVolume3\Program Files\Oracle\VirtualBox\vboxrt.dll' [rcNtRedir=0xc0150008]
1a6c.4ad8: supR3HardenedMonitor_LdrLoadDll: pName=C:\Program Files\Oracle\VirtualBox\VBoxGuestControlSvc.DLL (rcNtResolve=0xc0150008) *pfFlags=0x0 pwszSearchPath=0000000000000001:<flags> [calling]
1a6c.4ad8: supR3HardenedScreenImage/NtCreateSection: cache hit (VINF_SUCCESS) on \Device\HarddiskVolume3\Program Files\Oracle\VirtualBox\VBoxGuestControlSvc.dll
1a6c.4ad8: supR3HardenedDllNotificationCallback: load   00007fff97360000 LB 0x0000c000 C:\Program Files\Oracle\VirtualBox\VBoxGuestControlSvc.DLL [fFlags=0x0]
1a6c.4ad8: supR3HardenedScreenImage/LdrLoadDll: cache hit (VINF_SUCCESS) on \Device\HarddiskVolume3\Program Files\Oracle\VirtualBox\VBoxGuestControlSvc.dll
1a6c.4ad8: supR3HardenedMonitor_LdrLoadDll: returns rcNt=0x0 hMod=00007fff97360000 'C:\Program Files\Oracle\VirtualBox\VBoxGuestControlSvc.DLL'
1a6c.11bc: supR3HardenedMonitor_LdrLoadDll: returns rcNt=0x0 hMod=00007fff9c300000 'C:\WINDOWS\system32\rsaenh.dll'
1a6c.11bc: supR3HardenedMonitor_LdrLoadDll: returns rcNt=0x0 hMod=00007fff9db90000 'C:\WINDOWS\System32\crypt32.dll'
1a6c.11bc: supR3HardenedWinVerifyCacheScheduleImports: Import todo: #0 'vboxrt.dll'.
1a6c.11bc: supR3HardenedWinVerifyCacheScheduleImports: Import todo: #2 'vcruntime140.dll'.
1a6c.11bc: supR3HardenedWinVerifyCacheScheduleImports: Import todo: #3 'vcruntime140_1.dll'.
1a6c.11bc: supR3HardenedWinVerifyCacheScheduleImports: Import todo: #4 'msvcp140.dll'.
1a6c.11bc: supHardenedWinVerifyImageByHandle: -> 0 (\Device\HarddiskVolume3\Program Files\Oracle\VirtualBox\VBoxGuestPropSvc.dll) WinVerifyTrust
1a6c.11bc: supR3HardenedWinVerifyCacheInsert: \Device\HarddiskVolume3\Program Files\Oracle\VirtualBox\VBoxGuestPropSvc.dll
1a6c.11bc: supR3HardenedWinVerifyCacheProcessImportTodos: Processing 'msvcp140.dll'...
1a6c.11bc: supR3HardenedWinVerifyCacheProcessImportTodos: 'msvcp140.dll' -> '\Device\HarddiskVolume3\Windows\System32\msvcp140.dll' [rcNtRedir=0xc0150008]
1a6c.11bc: supR3HardenedWinVerifyCacheProcessImportTodos: Processing 'vcruntime140_1.dll'...
1a6c.11bc: supR3HardenedWinVerifyCacheProcessImportTodos: 'vcruntime140_1.dll' -> '\Device\HarddiskVolume3\Windows\System32\vcruntime140_1.dll' [rcNtRedir=0xc0150008]
1a6c.11bc: supR3HardenedWinVerifyCacheProcessImportTodos: Processing 'vcruntime140.dll'...
1a6c.11bc: supR3HardenedWinVerifyCacheProcessImportTodos: 'vcruntime140.dll' -> '\Device\HarddiskVolume3\Windows\System32\vcruntime140.dll' [rcNtRedir=0xc0150008]
1a6c.11bc: supR3HardenedWinVerifyCacheProcessImportTodos: Processing 'vboxrt.dll'...
1a6c.11bc: supR3HardenedWinVerifyCacheProcessImportTodos: 'vboxrt.dll' -> '\Device\HarddiskVolume3\Program Files\Oracle\VirtualBox\vboxrt.dll' [rcNtRedir=0xc0150008]
1a6c.11bc: supR3HardenedMonitor_LdrLoadDll: pName=C:\Program Files\Oracle\VirtualBox\VBoxGuestPropSvc.DLL (rcNtResolve=0xc0150008) *pfFlags=0x0 pwszSearchPath=0000000000000001:<flags> [calling]
1a6c.11bc: supR3HardenedScreenImage/NtCreateSection: cache hit (VINF_SUCCESS) on \Device\HarddiskVolume3\Program Files\Oracle\VirtualBox\VBoxGuestPropSvc.dll
1a6c.11bc: supR3HardenedDllNotificationCallback: load   00007fff97320000 LB 0x0000d000 C:\Program Files\Oracle\VirtualBox\VBoxGuestPropSvc.DLL [fFlags=0x0]
1a6c.11bc: supR3HardenedScreenImage/LdrLoadDll: cache hit (VINF_SUCCESS) on \Device\HarddiskVolume3\Program Files\Oracle\VirtualBox\VBoxGuestPropSvc.dll
1a6c.11bc: supR3HardenedMonitor_LdrLoadDll: returns rcNt=0x0 hMod=00007fff97320000 'C:\Program Files\Oracle\VirtualBox\VBoxGuestPropSvc.DLL'
1a6c.5008: supR3HardenedMonitor_LdrLoadDll: returns rcNt=0x0 hMod=00007fff9c300000 'C:\WINDOWS\system32\rsaenh.dll'
1a6c.5008: supR3HardenedMonitor_LdrLoadDll: returns rcNt=0x0 hMod=00007fff9db90000 'C:\WINDOWS\System32\crypt32.dll'
1a6c.5008: supR3HardenedWinVerifyCacheScheduleImports: Import todo: #0 'msvcp_win.dll'.
1a6c.5008: supHardenedWinVerifyImageByHandle: -> 0 (\Device\HarddiskVolume3\Windows\System32\MMDevAPI.dll) WinVerifyTrust
1a6c.5008: supR3HardenedWinVerifyCacheInsert: \Device\HarddiskVolume3\Windows\System32\MMDevAPI.dll
1a6c.5008: supR3HardenedWinVerifyCacheProcessImportTodos: Processing 'msvcp_win.dll'...
1a6c.5008: supR3HardenedWinVerifyCacheProcessImportTodos: 'msvcp_win.dll' -> '\Device\HarddiskVolume3\Windows\System32\msvcp_win.dll' [rcNtRedir=0xc0150008]
1a6c.5008: supR3HardenedMonitor_LdrLoadDll: pName=C:\WINDOWS\System32\MMDevApi.dll (rcNtResolve=0xc0150008) *pfFlags=0x0 pwszSearchPath=0000000000002009:<flags> [calling]
1a6c.5008: supR3HardenedScreenImage/NtCreateSection: cache hit (VINF_SUCCESS) on \Device\HarddiskVolume3\Windows\System32\MMDevAPI.dll
1a6c.5008: supR3HardenedDllNotificationCallback: load   00007fff82fa0000 LB 0x000a3000 C:\WINDOWS\System32\MMDevApi.dll [fFlags=0x0]
1a6c.5008: supR3HardenedScreenImage/LdrLoadDll: cache hit (VINF_SUCCESS) on \Device\HarddiskVolume3\Windows\System32\MMDevAPI.dll
1a6c.5008: supR3HardenedMonitor_LdrLoadDll: returns rcNt=0x0 hMod=00007fff82fa0000 'C:\WINDOWS\System32\MMDevApi.dll'
1a6c.5008: supR3HardenedScreenImage/LdrLoadDll: cache hit (VINF_SUCCESS) on \Device\HarddiskVolume3\Windows\System32\MMDevAPI.dll
1a6c.5008: supR3HardenedMonitor_LdrLoadDll: pName=C:\WINDOWS\System32\MMDEVAPI.DLL (Input=MMDEVAPI.DLL, rcNtResolve=0xc0150008) *pfFlags=0x0 pwszSearchPath=0000000000000001:<flags> [calling]
1a6c.5008: supR3HardenedMonitor_LdrLoadDll: returns rcNt=0x0 hMod=00007fff82fa0000 'C:\WINDOWS\System32\MMDEVAPI.DLL'
1a6c.11bc: supR3HardenedDllNotificationCallback: Unload 00007fff97320000 LB 0x0000d000 C:\Program Files\Oracle\VirtualBox\VBoxGuestPropSvc.DLL [flags=0x0]
1a6c.4ad8: supR3HardenedDllNotificationCallback: Unload 00007fff97360000 LB 0x0000c000 C:\Program Files\Oracle\VirtualBox\VBoxGuestControlSvc.DLL [flags=0x0]
1a6c.4de0: supR3HardenedDllNotificationCallback: Unload 00007fff91c70000 LB 0x00016000 C:\Program Files\Oracle\VirtualBox\VBoxSharedFolders.DLL [flags=0x0]
1a6c.30fc: supR3HardenedDllNotificationCallback: Unload 00007fff97390000 LB 0x0000d000 C:\Program Files\Oracle\VirtualBox\VBoxDragAndDropSvc.DLL [flags=0x0]
1a6c.1da4: supR3HardenedWinVerifyCacheScheduleImports: Import todo: #0 'msvcrt.dll'.
1a6c.1da4: supHardenedWinVerifyImageByHandle: -> 22900 (\Device\HarddiskVolume3\Windows\System32\edputil.dll)
1a6c.1da4: supR3HardenedWinVerifyCacheInsert: \Device\HarddiskVolume3\Windows\System32\edputil.dll
1a6c.1da4: supR3HardenedDllNotificationCallback: load   00007fff4a5a0000 LB 0x00029000 C:\WINDOWS\SYSTEM32\edputil.dll [fFlags=0x0]
1a6c.1da4: supR3HardenedScreenImage/LdrLoadDll: cache hit (22900) on \Device\HarddiskVolume3\Windows\System32\edputil.dll [avoiding WinVerifyTrust]
1a6c.1da4: supR3HardenedDllNotificationCallback: Unload 00007fff925f0000 LB 0x00022000 C:\Program Files\Oracle\VirtualBox\VBoxSharedClipboard.DLL [flags=0x0]
1a6c.5008: supR3HardenedDllNotificationCallback: Unload 00007fff08a40000 LB 0x00af7000 C:\Program Files\Oracle\VirtualBox\VBoxDD.DLL [flags=0x0]
1a6c.5008: supR3HardenedDllNotificationCallback: Unload 00007fff8ae80000 LB 0x00075000 C:\Program Files\Oracle\VirtualBox\VBoxDDU.dll [flags=0x0]
1a6c.5008: supR3HardenedDllNotificationCallback: Unload 00007fff07be0000 LB 0x00e5e000 C:\Program Files\Oracle\VirtualBox\VBoxDD2.dll [flags=0x0]
1a6c.5008: supR3HardenedDllNotificationCallback: Unload 00007fff9bdd0000 LB 0x00033000 C:\WINDOWS\SYSTEM32\IPHLPAPI.DLL [flags=0x0]
1a6c.532c: supR3HardenedDllNotificationCallback: Unload 00007fff973a0000 LB 0x00008000 C:\Program Files\Oracle\VirtualBox\ExtensionPacks\Oracle_VirtualBox_Extension_Pack\win.amd64\VBoxPuelMainVM.DLL [flags=0x0]
1a6c.532c: supR3HardenedDllNotificationCallback: Unload 00007fff0a130000 LB 0x005b7000 C:\Program Files\Oracle\VirtualBox\VBoxVMM.DLL [flags=0x0]
1a6c.532c: supR3HardenedDllNotificationCallback: Unload 00007fff7b840000 LB 0x00015000 C:\WINDOWS\system32\wbem\wbemsvc.dll [flags=0x0]
1a6c.532c: supR3HardenedDllNotificationCallback: Unload 00007fff48a40000 LB 0x0005c000 C:\WINDOWS\system32\dataexchange.dll [flags=0x0]
1a6c.532c: supR3HardenedDllNotificationCallback: Unload 00007fff82bc0000 LB 0x0024f000 C:\WINDOWS\system32\twinapi.appcore.dll [flags=0x0]
1a6c.532c: supR3HardenedDllNotificationCallback: Unload 00007fff7b860000 LB 0x000f3000 C:\WINDOWS\system32\wbem\fastprox.dll [flags=0x0]
1a6c.532c: supR3HardenedDllNotificationCallback: Unload 00007fff55b90000 LB 0x000eb000 C:\Program Files\Oracle\VirtualBox\VBoxProxyStub.dll [flags=0x0]
1a6c.532c: supR3HardenedDllNotificationCallback: Unload 00007fff80c70000 LB 0x00012000 C:\WINDOWS\system32\wbem\wbemprox.dll [flags=0x0]
1a6c.532c: supR3HardenedDllNotificationCallback: Unload 00007fff7bd90000 LB 0x0007a000 C:\WINDOWS\SYSTEM32\wbemcomn.dll [flags=0x0]
1a6c.532c: supR3HardenedDllNotificationCallback: Unload 00007fff0a6f0000 LB 0x00433000 C:\Program Files\Oracle\VirtualBox\VBoxC.dll [flags=0x0]
1a6c.532c: Terminating the normal way: rcExit=0
1920.2c0c: supR3HardNtChildWaitFor[2]: Quitting: ExitCode=0x0 (rcNtWait=0x0, rcNt1=0x0, rcNt2=0x103, rcNt3=0x103, 37611 ms, the end);
56f8.3c48: supR3HardNtChildWaitFor[1]: Quitting: ExitCode=0x0 (rcNtWait=0x0, rcNt1=0x0, rcNt2=0x103, rcNt3=0x103, 38544 ms, the end);
